Handle,Title,Body (HTML),Vendor,Product Category,Type,Tags,Published,Option1 Name,Option1 Value,Option1 Linked To,Option2 Name,Option2 Value,Option2 Linked To,Option3 Name,Option3 Value,Option3 Linked To,Variant SKU,Variant Grams,Variant Inventory Tracker,Variant Inventory Qty,Variant Inventory Policy,Variant Fulfillment Service,Variant Price,Variant Compare At Price,Variant Requires Shipping,Variant Taxable,Unit Price Total Measure,Unit Price Total Measure Unit,Unit Price Base Measure,Unit Price Base Measure Unit,Variant Barcode,Image Src,Image Position,Image Alt Text,Gift Card,SEO Title,SEO Description,Google Shopping / Google Product Category,Google Shopping / Gender,Google Shopping / Age Group,Google Shopping / MPN,Google Shopping / Condition,Google Shopping / Custom Product,Google Shopping / Custom Label 0,Google Shopping / Custom Label 1,Google Shopping / Custom Label 2,Google Shopping / Custom Label 3,Google Shopping / Custom Label 4,global.description_tag (product.metafields.global.description_tag),global.title_tag (product.metafields.global.title_tag),mm-google-shopping.condition (product.metafields.mm-google-shopping.condition),Google: Custom Product (product.metafields.mm-google-shopping.custom_product),mm-google-shopping.google_product_category (product.metafields.mm-google-shopping.google_product_category),Color (product.metafields.shopify.color-pattern),Light source (product.metafields.shopify.light-source),Lighting features (product.metafields.shopify.lighting-features),Variant Image,Variant Weight Unit,Variant Tax Code,Cost per item,Status
signalmaster-accessories,SignalMaster Accessories,"<h1>Federal Signal SignalMaster® Accessories</h1><p>Keep your SignalMaster® directional warning system running at full effectiveness with Federal Signal's complete line of genuine accessories — brackets, cables, replacement heads, and mounting hardware engineered specifically for the SignalMaster platform. Whether you're expanding an existing installation or replacing a worn component, these are the parts that maintain system integrity across your fleet.</p><h2>Why departments choose SignalMaster Accessories</h2><ul>
<li>
<strong>Genuine Federal Signal fit</strong> → OEM accessories designed and tested to work precisely with your SignalMaster system, eliminating the fitment issues and shortened service life that come with aftermarket alternatives</li>
<li>
<strong>Brackets and mounting hardware</strong> → vehicle-specific mounting solutions for clean, professional installations across Ford PIU, Tahoe PPV, Durango Pursuit, and other common patrol platforms</li>
<li>
<strong>Replacement components available</strong> → individual heads, cables, and modules available separately so a single damaged component doesn't require full system replacement</li>
<li>
<strong>FS Convergence Network compatible</strong> → accessories maintain full FSJoin and Convergence Network compatibility, preserving synchronized operation across the vehicle warning system</li>
</ul><h2>Technical Specs</h2><table><tbody>
<tr>
<td>Compatibility</td>
<td>SignalMaster® directional warning systems</td>
</tr>
<tr>
<td>Warranty</td>
<td>Federal Signal limited warranty</td>
</tr>
</tbody></table><p><em>Contact us or log into your department account to confirm which accessories are compatible with your specific SignalMaster model and vehicle platform.</em></p><h2>Ordering from TFR Supply</h2><p>TFR Supply is an authorized Federal Signal dealer serving Texas law enforcement, fire, and EMS agencies. Every order ships direct to your location — no middleman, no inventory delays. Government and department accounts receive tax-exempt checkout and agency pricing. Need installation? Our sister company <a href=""https://www.tx1rs.com"">Texas First Response Services</a> provides professional upfit services across Texas. Create a department account or reach out directly to get started.</p>",Federal Signal,Vehicles & Parts > Vehicle Parts & Accessories > Motor Vehicle Parts > Motor Vehicle Lighting,Vehicle Lighting Accessories,"Brand_Federal Signal, Category_Emergency Vehicle Equipment, Family_SignalMaster, Federal Signal, Product_Accessory, SignalMaster Accessories, Use_Fleet Upfitting, Use_Law Enforcement, Use_Public Safety",false,Component,"8200 SIGNALMASTER, 6HD, AMBER,",,,,,,,,8200SM6-A,0.0,,0,continue,manual,869.00,,true,true,,,,,,https://cdn.shopify.com/s/files/1/0725/9330/9807/files/GSJKkRoNdZhfyGtT.jpg?v=1781069164,1,SignalMaster Accessories - 8200SM6-A - Federal Signal emergency vehicle equipment,false,SignalMaster Accessories | Federal Signal,"Shop Federal Signal SignalMaster Accessories for emergency vehicle upfitting, fleet builds, law enforcement, fire, EMS, and public safety vehicle applications.",3318,,,8200SM6-A,new,FALSE,,,,,,"Shop Federal Signal SignalMaster Accessories for emergency vehicle upfitting, fleet builds, law enforcement, fire, EMS, and public safety vehicle applications.",SignalMaster Accessories | Federal Signal,new,FALSE,3318,,,,,lb,,,draft
signalmaster-accessories,,,,,,,,,"8200 SIGNALMASTER, 8HD, AMBER,",,,,,,,,8200SM8-A-42,0.0,,0,continue,manual,1057.00,,true,true,,,,,,https://cdn.shopify.com/s/files/1/0725/9330/9807/files/SMCABLE-15.jpg?v=1781074501,2,SignalMaster Accessories - SMCABLE-15 - Federal Signal emergency vehicle equipment,,,,,,,,,,,,,,,,,,,,,,,,lb,,,
signalmaster-accessories,,,,,,,,,"8200 SIGNALMASTER, 8HD, AMBER, - 8200SM8-A-51",,,,,,,,8200SM8-A-51,0.0,,0,continue,manual,1095.00,,true,true,,,,,,,,,,,,,,,,,,,,,,,,,,,,,,,,lb,,,
signalmaster-accessories,,,,,,,,,"8200 ARROW, 10HD, AMBER",,,,,,,,8200SMA10-A,0.0,,0,continue,manual,1513.00,,true,true,,,,,,,,,,,,,,,,,,,,,,,,,,,,,,,,lb,,,
signalmaster-accessories,,,,,,,,,"8200 ARROW, SPLIT, AMBER",,,,,,,,8200SMA10-A-2,0.0,,0,continue,manual,1730.00,,true,true,,,,,,,,,,,,,,,,,,,,,,,,,,,,,,,,lb,,,
signalmaster-accessories,,,,,,,,,"8200 ARROW, 16HD, AMBER",,,,,,,,8200SMA16-A,0.0,,0,continue,manual,2079.00,,true,true,,,,,,,,,,,,,,,,,,,,,,,,,,,,,,,,lb,,,
signalmaster-accessories,,,,,,,,,"AMBER SML SERVICE HEAD, 8200SM",,,,,,,,8200SMZ-A,0.0,,0,continue,manual,113.00,,true,true,,,,,,,,,,,,,,,,,,,,,,,,,,,,,,,,lb,,,
signalmaster-accessories,,,,,,,,,"SPACER, NARROW, 2"" SERVICE PAR",,,,,,,,8200SMZ-SPCRN,0.0,,0,continue,manual,16.00,,true,true,,,,,,,,,,,,,,,,,,,,,,,,,,,,,,,,lb,,,
signalmaster-accessories,,,,,,,,,"SPACER, WIDE, 3"" SERVICE PART,",,,,,,,,8200SMZ-SPCRW,0.0,,0,continue,manual,16.00,,true,true,,,,,,,,,,,,,,,,,,,,,,,,,,,,,,,,lb,,,
signalmaster-accessories,,,,,,,,,15-FT SM CABLE,,,,,,,,SMCABLE-15,0.0,,0,continue,manual,196.00,,true,true,,,,,,,,,,,,,,,,,,,,,,,,,,,,,,,,lb,,,
signalmaster-accessories,,,,,,,,,30-FT SM CABLE,,,,,,,,SMCABLE-30,0.0,,0,continue,manual,264.00,,true,true,,,,,,,,,,,,,,,,,,,,,,,,,,,,,,,,lb,,,
signalmaster-accessories,,,,,,,,,SIGNALMASTER CONTROLLER,,,,,,,,SMCONTROL,0.0,,0,continue,manual,469.00,,true,true,,,,,,,,,,,,,,,,,,,,,,,,,,,,,,,,lb,,,
signalmaster-accessories,,,,,,,,,"SMCONTROL, PERMANENT BRACKET",,,,,,,,SMCONTROL-BRKT,0.0,,0,continue,manual,44.00,,true,true,,,,,,,,,,,,,,,,,,,,,,,,,,,,,,,,lb,,,
signalmaster-accessories,,,,,,,,,15-FT EXTENSION CABLE 8200SM,,,,,,,,SMEXTENSION-15,0.0,,0,continue,manual,196.00,,true,true,,,,,,,,,,,,,,,,,,,,,,,,,,,,,,,,lb,,,
signalmaster-accessories,,,,,,,,,30-FT EXTENSION CABLE,,,,,,,,SMEXTENSION-30,0.0,,0,continue,manual,264.00,,true,true,,,,,,,,,,,,,,,,,,,,,,,,,,,,,,,,lb,,,
quadraflare-accessories,Quadraflare Accessories,"<h1>Federal Signal QuadraFlare® Accessories</h1><p>Genuine Federal Signal accessories for the QuadraFlare® LED warning module platform — brackets, replacement modules, mounting hardware, and cables engineered to maintain the performance and compatibility of your existing QuadraFlare installations on Navigator and custom lightbar builds.</p><h2>Why departments choose QuadraFlare Accessories</h2><ul>
<li>
<strong>OEM replacement modules</strong> → genuine QuadraFlare heads for direct swap replacement without reconfiguring surrounding modules or wiring</li>
<li>
<strong>Compatible with Navigator lightbar family</strong> → brackets and hardware match Navigator 45"" through 87"" configurations, maintaining the integrated roofline look of the original install</li>
<li>
<strong>Field-serviceable design</strong> → QuadraFlare modules are designed to be replaced in the field — accessories support that serviceability with the right hardware for each mounting position</li>
<li>
<strong>Consistent light output</strong> → genuine replacements match the original module's LED output and flash pattern behavior, ensuring uniform warning output across the full bar</li>
</ul><h2>Technical Specs</h2><table><tbody>
<tr>
<td>Compatibility</td>
<td>QuadraFlare® modules, Navigator lightbar family</td>
</tr>
<tr>
<td>Warranty</td>
<td>Federal Signal limited warranty</td>
</tr>
</tbody></table><p><em>Contact us or log into your department account to confirm compatibility with your specific Navigator configuration and module generation.</em></p><h2>Ordering from TFR Supply</h2><p>TFR Supply is an authorized Federal Signal dealer serving Texas law enforcement, fire, and EMS agencies. Every order ships direct to your location — no middleman, no inventory delays. Government and department accounts receive tax-exempt checkout and agency pricing. Need installation? Our sister company <a href=""https://www.tx1rs.com"">Texas First Response Services</a> provides professional upfit services across Texas. Create a department account or reach out directly to get started.</p>",Federal Signal,Vehicles & Parts > Vehicle Parts & Accessories > Motor Vehicle Parts > Motor Vehicle Lighting,Vehicle Lighting Accessories,"Brand_Federal Signal, Category_Emergency Vehicle Equipment, Family_Quadraflare, Federal Signal, Product_Accessory, Quadraflare Accessories, Use_Fleet Upfitting, Use_Law Enforcement, Use_Public Safety",false,Component,"KIT,BLACK BEZEL,BUILT-IN FLSHR",,,,,,,,416900BZ-B,0.0,,0,continue,manual,16.00,,true,true,,,,,,,,,false,Quadraflare Accessories | Federal Signal,"Shop Federal Signal Quadraflare Accessories for emergency vehicle upfitting, fleet builds, law enforcement, fire, EMS, and public safety vehicle applications.",3318,,,416900BZ-B,new,FALSE,,,,,,"Shop Federal Signal Quadraflare Accessories for emergency vehicle upfitting, fleet builds, law enforcement, fire, EMS, and public safety vehicle applications.",Quadraflare Accessories | Federal Signal,new,FALSE,3318,,,,,lb,,,draft
quadraflare-accessories,,,,,,,,,"KIT, BLACK BEZEL",,,,,,,,416900-BZB,0.0,,0,continue,manual,15.00,,true,true,,,,,,,,,,,,,,,,,,,,,,,,,,,,,,,,lb,,,
quadraflare-accessories,,,,,,,,,"KIT,CHROME BEZEL,BUILT-IN FLSH",,,,,,,,416900BZ-C,0.0,,0,continue,manual,16.00,,true,true,,,,,,,,,,,,,,,,,,,,,,,,,,,,,,,,lb,,,
quadraflare-accessories,,,,,,,,,"KIT,WHITE BEZEL,BUILT-IN FLSHR",,,,,,,,416900BZ-W,0.0,,0,continue,manual,16.00,,true,true,,,,,,,,,,,,,,,,,,,,,,,,,,,,,,,,lb,,,
quadraflare-accessories,,,,,,,,,"3M VHB MOUNT,4 PACK",,,,,,,,416900-VHB,0.0,,0,continue,manual,21.00,,true,true,,,,,,,,,,,,,,,,,,,,,,,,,,,,,,,,lb,,,
quadraflare-accessories,,,,,,,,,"CORNER LED,DUAL,INLINE FLASHER",,,,,,,,416900XZ-BW,0.0,,0,continue,manual,148.00,,true,true,,,,,,,,,,,,,,,,,,,,,,,,,,,,,,,,lb,,,
quadraflare-accessories,,,,,,,,,"CORNER LED,DUAL,INLINE FLASHER - 416900XZ-RW",,,,,,,,416900XZ-RW,0.0,,0,continue,manual,148.00,,true,true,,,,,,,,,,,,,,,,,,,,,,,,,,,,,,,,lb,,,
quadraflare-accessories,,,,,,,,,"CORNER LED,DUAL,INLINE FLASHER - 416900Z-BA",,,,,,,,416900Z-BA,0.0,,0,continue,manual,148.00,,true,true,,,,,,,,,,,,,,,,,,,,,,,,,,,,,,,,lb,,,
quadraflare-accessories,,,,,,,,,"CORNER LED,DUAL,INLINE FLASHER - 416900Z-RW",,,,,,,,416900Z-RW,0.0,,0,continue,manual,148.00,,true,true,,,,,,,,,,,,,,,,,,,,,,,,,,,,,,,,lb,,,
quadraflare-accessories,,,,,,,,,"CORNER LED,SINGLE,INLINE FLASH",,,,,,,,416910Z-W,0.0,,0,continue,manual,144.00,,true,true,,,,,,,,,,,,,,,,,,,,,,,,,,,,,,,,lb,,,
quadraflare-accessories,,,,,,,,,"SINGLE,CORNER LED,AMBER",,,,,,,,416912-A,0.0,,0,continue,manual,144.00,,true,true,,,,,,,,,,,,,,,,,,,,,,,,,,,,,,,,lb,,,
quadraflare-accessories,,,,,,,,,"SINGLE,CORNER LED,BLUE",,,,,,,,416912-B,0.0,,0,continue,manual,144.00,,true,true,,,,,,,,,,,,,,,,,,,,,,,,,,,,,,,,lb,,,
quadraflare-accessories,,,,,,,,,"SINGLE,CORNER LED,RED",,,,,,,,416912-R,0.0,,0,continue,manual,144.00,,true,true,,,,,,,,,,,,,,,,,,,,,,,,,,,,,,,,lb,,,
quadraflare-accessories,,,,,,,,,"SINGLE,CORNER LED,WHITE",,,,,,,,416912-W,0.0,,0,continue,manual,144.00,,true,true,,,,,,,,,,,,,,,,,,,,,,,,,,,,,,,,lb,,,
quadraflare-accessories,,,,,,,,,"TRI,CORNER LED,AMB/GRN/WHT",,,,,,,,416918-AGW,0.0,,0,continue,manual,148.00,,true,true,,,,,,,,,,,,,,,,,,,,,,,,,,,,,,,,lb,,,
quadraflare-accessories,,,,,,,,,"TRI,CORNER LED,BLU/AMB/WHT",,,,,,,,416918-BAW,0.0,,0,continue,manual,148.00,,true,true,,,,,,,,,,,,,,,,,,,,,,,,,,,,,,,,lb,,,
quadraflare-accessories,,,,,,,,,"TRI,CORNER LED,RED/AMB/WHT",,,,,,,,416918-RAW,0.0,,0,continue,manual,148.00,,true,true,,,,,,,,,,,,,,,,,,,,,,,,,,,,,,,,lb,,,
quadraflare-accessories,,,,,,,,,"TRI,CORNER LED,RED/BLU/AMB",,,,,,,,416918-RBA,0.0,,0,continue,manual,148.00,,true,true,,,,,,,,,,,,,,,,,,,,,,,,,,,,,,,,lb,,,
quadraflare-accessories,,,,,,,,,"TRI,CORNER LED,RED/BLU/WHT",,,,,,,,416918-RBW,0.0,,0,continue,manual,148.00,,true,true,,,,,,,,,,,,,,,,,,,,,,,,,,,,,,,,lb,,,
quadraflare-accessories,,,,,,,,,"TRI,CORNER LED,RED/BLU/WHT,",,,,,,,,416918-RBW-SMK,0.0,,0,continue,manual,159.00,,true,true,,,,,,,,,,,,,,,,,,,,,,,,,,,,,,,,lb,,,
mounting-brackets-hardware,Mounting Brackets & Hardware,"<h1>Federal Signal Mounting Brackets &amp; Hardware</h1><p>Federal Signal's line of mounting brackets and hardware provides the structural foundation for a professional, lasting emergency vehicle installation. From lightbar mounts to accessory brackets, these components are engineered to the same standards as the equipment they support — built for the vibration, temperature extremes, and daily abuse of active emergency vehicle service.</p><h2>Why departments and installers choose Federal Signal Mounting Hardware</h2><ul>
<li>
<strong>Vehicle-specific fitment</strong> → brackets engineered for direct fit on common patrol, fire, and EMS platforms without modification, drilling, or fabrication</li>
<li>
<strong>Heavy-gauge steel construction</strong> → mounting hardware built to withstand the structural loads, vibration, and road shock of active emergency vehicle use</li>
<li>
<strong>Pre-drilled for Federal Signal equipment</strong> → holes and mounting points aligned for clean, professional installation of MicroPulse, SignalMaster, and lightbar components</li>
<li>
<strong>Corrosion-resistant finish</strong> → powder-coated or galvanized finishes protect against rust and corrosion from Texas heat, road salt, and wash-down cycles</li>
</ul><h2>Technical Specs</h2><table><tbody>
<tr>
<td>Material</td>
<td>Steel (gauge varies by application)</td>
</tr>
<tr>
<td>Finish</td>
<td>Powder coat or galvanized</td>
</tr>
<tr>
<td>Warranty</td>
<td>Federal Signal limited warranty</td>
</tr>
</tbody></table><p><em>Contact us with your vehicle platform and equipment model to confirm the correct bracket for your installation.</em></p><h2>Ordering from TFR Supply</h2><p>TFR Supply is an authorized Federal Signal dealer serving Texas law enforcement, fire, and EMS agencies. Every order ships direct to your location — no middleman, no inventory delays. Government and department accounts receive tax-exempt checkout and agency pricing. Need installation? Our sister company <a href=""https://www.tx1rs.com"">Texas First Response Services</a> provides professional upfit services across Texas. Create a department account or reach out directly to get started.</p>",Federal Signal,Vehicles & Parts > Vehicle Parts & Accessories > Motor Vehicle Parts > Motor Vehicle Lighting,Vehicle Lighting Accessories,"Brand_Federal Signal, Category_Emergency Vehicle Equipment, Federal Signal, Mounting Brackets & Hardware, Product_Mounting Kit, Use_Fleet Upfitting, Use_Law Enforcement, Use_Public Safety",false,Component,"FLUSH MNT BRKT,DIR LT",,,,,,,,'320310,0.0,,0,continue,manual,58.00,,true,true,,,,,,https://cdn.shopify.com/s/files/1/0725/9330/9807/files/462260-02.jpg?v=1781074480,1,Mounting Brackets & Hardware - 462260-02 - Federal Signal emergency vehicle equipment,false,Mounting Brackets & Hardware | Federal Signal,"Shop Federal Signal Mounting Brackets & Hardware for emergency vehicle upfitting, fleet builds, law enforcement, fire, EMS, and public safety vehicle applications.",3318,,,'320310,new,FALSE,,,,,,"Shop Federal Signal Mounting Brackets & Hardware for emergency vehicle upfitting, fleet builds, law enforcement, fire, EMS, and public safety vehicle applications.",Mounting Brackets & Hardware | Federal Signal,new,FALSE,3318,,,,,lb,,,draft
mounting-brackets-hardware,,,,,,,,,"L MNT BRKT,DIR LT",,,,,,,,'320320,0.0,,0,continue,manual,89.00,,true,true,,,,,,https://cdn.shopify.com/s/files/1/0725/9330/9807/files/IPX-GRL16.jpg?v=1781074481,2,Mounting Brackets & Hardware - IPX-GRL16 - Federal Signal emergency vehicle equipment,,,,,,,,,,,,,,,,,,,,,,,,lb,,,
mounting-brackets-hardware,,,,,,,,,"SYSTEM MNT BRKT,DIR LT",,,,,,,,'320330,0.0,,0,continue,manual,89.00,,true,true,,,,,,https://cdn.shopify.com/s/files/1/0725/9330/9807/files/IPX-GRL17.jpg?v=1781074481,3,Mounting Brackets & Hardware - IPX-GRL17 - Federal Signal emergency vehicle equipment,,,,,,,,,,,,,,,,,,,,,,,,lb,,,
mounting-brackets-hardware,,,,,,,,,"UNIVERSAL MOUNT,DIR LT",,,,,,,,'320340,0.0,,0,continue,manual,176.00,,true,true,,,,,,https://cdn.shopify.com/s/files/1/0725/9330/9807/files/IPX-GRL8.jpg?v=1781074481,4,Mounting Brackets & Hardware - IPX-GRL8 - Federal Signal emergency vehicle equipment,,,,,,,,,,,,,,,,,,,,,,,,lb,,,
mounting-brackets-hardware,,,,,,,,,"FOOT ADAPTOR BRKT,DIR LT",,,,,,,,'320350,0.0,,0,continue,manual,52.00,,true,true,,,,,,https://cdn.shopify.com/s/files/1/0725/9330/9807/files/IPX-LPH1.jpg?v=1781074481,5,Mounting Brackets & Hardware - IPX-LPH1 - Federal Signal emergency vehicle equipment,,,,,,,,,,,,,,,,,,,,,,,,lb,,,
mounting-brackets-hardware,,,,,,,,,"KIT, 6""OVAL MNT FOR MPS LIGHTS",,,,,,,,'330508,0.0,,0,continue,manual,45.00,,true,true,,,,,,https://cdn.shopify.com/s/files/1/0725/9330/9807/files/IPX-LPV1.jpg?v=1781074481,6,Mounting Brackets & Hardware - IPX-LPV1 - Federal Signal emergency vehicle equipment,,,,,,,,,,,,,,,,,,,,,,,,lb,,,
mounting-brackets-hardware,,,,,,,,,OVAL ADAPTER MOUNTING KIT,,,,,,,,'330510,0.0,,0,continue,manual,32.00,,true,true,,,,,,https://cdn.shopify.com/s/files/1/0725/9330/9807/files/IPX-LPV2.jpg?v=1781074481,7,Mounting Brackets & Hardware - IPX-LPV2 - Federal Signal emergency vehicle equipment,,,,,,,,,,,,,,,,,,,,,,,,lb,,,
mounting-brackets-hardware,,,,,,,,,"BRACKET KIT,416300 SERIES",,,,,,,,'416301,0.0,,0,continue,manual,16.00,,true,true,,,,,,https://cdn.shopify.com/s/files/1/0725/9330/9807/files/IPX-LPVX1.jpg?v=1781074481,8,Mounting Brackets & Hardware - IPX-LPVX1 - Federal Signal emergency vehicle equipment,,,,,,,,,,,,,,,,,,,,,,,,lb,,,
mounting-brackets-hardware,,,,,,,,,SUCTION CUP MAG MOUNT KIT,,,,,,,,'452341,0.0,,0,continue,manual,156.00,,true,true,,,,,,,,,,,,,,,,,,,,,,,,,,,,,,,,lb,,,
mounting-brackets-hardware,,,,,,,,,"MOUNT,RISER,LED HILIGHTER",,,,,,,,'454217,0.0,,0,continue,manual,95.00,,true,true,,,,,,,,,,,,,,,,,,,,,,,,,,,,,,,,lb,,,
mounting-brackets-hardware,,,,,,,,,"ADAPTER,ROOF MOUNT BAR",,,,,,,,'454219,0.0,,0,continue,manual,65.00,,true,true,,,,,,,,,,,,,,,,,,,,,,,,,,,,,,,,lb,,,
mounting-brackets-hardware,,,,,,,,,SELF-LEVELING BRACKET,,,,,,,,210883SSG,0.0,,0,continue,manual,232.00,,true,true,,,,,,,,,,,,,,,,,,,,,,,,,,,,,,,,lb,,,
mounting-brackets-hardware,,,,,,,,,"FIREBOLT LED, PERM./PIPE MNT.",,,,,,,,220250-02,0.0,,0,continue,manual,142.00,,true,true,,,,,,,,,,,,,,,,,,,,,,,,,,,,,,,,lb,,,
mounting-brackets-hardware,,,,,,,,,"FIREBOLT LED, PERM./PIPE MNT. - 220250-03",,,,,,,,220250-03,0.0,,0,continue,manual,142.00,,true,true,,,,,,,,,,,,,,,,,,,,,,,,,,,,,,,,lb,,,
mounting-brackets-hardware,,,,,,,,,"FIREBOLT LED, PERM./PIPE MNT. - 220250-04",,,,,,,,220250-04,0.0,,0,continue,manual,142.00,,true,true,,,,,,,,,,,,,,,,,,,,,,,,,,,,,,,,lb,,,
mounting-brackets-hardware,,,,,,,,,"FIREBOLT LED, PERM./PIPE MNT. - 220250-05",,,,,,,,220250-05,0.0,,0,continue,manual,142.00,,true,true,,,,,,,,,,,,,,,,,,,,,,,,,,,,,,,,lb,,,
mounting-brackets-hardware,,,,,,,,,"FIREBOLT LED, MAG. MNT.",,,,,,,,220260-02,0.0,,0,continue,manual,188.00,,true,true,,,,,,,,,,,,,,,,,,,,,,,,,,,,,,,,lb,,,
mounting-brackets-hardware,,,,,,,,,"FIREBOLT LED, MAG. MNT. - 220260-03",,,,,,,,220260-03,0.0,,0,continue,manual,188.00,,true,true,,,,,,,,,,,,,,,,,,,,,,,,,,,,,,,,lb,,,
mounting-brackets-hardware,,,,,,,,,"FIREBOLT LED, MAG. MNT. - 220260-04",,,,,,,,220260-04,0.0,,0,continue,manual,188.00,,true,true,,,,,,,,,,,,,,,,,,,,,,,,,,,,,,,,lb,,,
mounting-brackets-hardware,,,,,,,,,"FIREBOLT LED, MAG. MNT. - 220260-05",,,,,,,,220260-05,0.0,,0,continue,manual,188.00,,true,true,,,,,,,,,,,,,,,,,,,,,,,,,,,,,,,,lb,,,
mounting-brackets-hardware,,,,,,,,,"FIREBOLT LED, PERM./PIPE MNT. - 220350-02",,,,,,,,220350-02,0.0,,0,continue,manual,118.00,,true,true,,,,,,,,,,,,,,,,,,,,,,,,,,,,,,,,lb,,,
mounting-brackets-hardware,,,,,,,,,"FIREBOLT LED, MAG. MNT. - 220360-02",,,,,,,,220360-02,0.0,,0,continue,manual,137.00,,true,true,,,,,,,,,,,,,,,,,,,,,,,,,,,,,,,,lb,,,
mounting-brackets-hardware,,,,,,,,,SHELF MOUNTING KIT FOR,,,,,,,,300BKT-LB,0.0,,0,continue,manual,144.00,,true,true,,,,,,,,,,,,,,,,,,,,,,,,,,,,,,,,lb,,,
mounting-brackets-hardware,,,,,,,,,"FLUSH MOUNT LIGHTHEAD, AMBER",,,,,,,,416300-A,0.0,,0,continue,manual,129.00,,true,true,,,,,,,,,,,,,,,,,,,,,,,,,,,,,,,,lb,,,
mounting-brackets-hardware,,,,,,,,,"FLSH MNT LIGHT HEAD, AMB/WHT",,,,,,,,416300-AW,0.0,,0,continue,manual,144.00,,true,true,,,,,,,,,,,,,,,,,,,,,,,,,,,,,,,,lb,,,
mounting-brackets-hardware,,,,,,,,,"FLUSH MOUNT LIGHTHEAD, BLUE",,,,,,,,416300-B,0.0,,0,continue,manual,129.00,,true,true,,,,,,,,,,,,,,,,,,,,,,,,,,,,,,,,lb,,,
mounting-brackets-hardware,,,,,,,,,"FLSH MNT LIGHT HEAD, BLU/AMB",,,,,,,,416300-BA,0.0,,0,continue,manual,144.00,,true,true,,,,,,,,,,,,,,,,,,,,,,,,,,,,,,,,lb,,,
mounting-brackets-hardware,,,,,,,,,"FLSH MNT LIGHT HEAD, BLU/WHT",,,,,,,,416300-BW,0.0,,0,continue,manual,144.00,,true,true,,,,,,,,,,,,,,,,,,,,,,,,,,,,,,,,lb,,,
mounting-brackets-hardware,,,,,,,,,"FLUSH MOUNT LIGHTHEAD, RED",,,,,,,,416300-R,0.0,,0,continue,manual,129.00,,true,true,,,,,,,,,,,,,,,,,,,,,,,,,,,,,,,,lb,,,
mounting-brackets-hardware,,,,,,,,,"FLSH MNT LIGHT HEAD, RED/AMB",,,,,,,,416300-RA,0.0,,0,continue,manual,144.00,,true,true,,,,,,,,,,,,,,,,,,,,,,,,,,,,,,,,lb,,,
mounting-brackets-hardware,,,,,,,,,"FLSH MNT LIGHT HEAD, RED/BLU",,,,,,,,416300-RB,0.0,,0,continue,manual,144.00,,true,true,,,,,,,,,,,,,,,,,,,,,,,,,,,,,,,,lb,,,
mounting-brackets-hardware,,,,,,,,,"FLSH MNT LIGHT HEAD, RED/WHT",,,,,,,,416300-RW,0.0,,0,continue,manual,144.00,,true,true,,,,,,,,,,,,,,,,,,,,,,,,,,,,,,,,lb,,,
mounting-brackets-hardware,,,,,,,,,"FLUSH MOUNT LIGHTHEAD, WHITE",,,,,,,,416300-W,0.0,,0,continue,manual,129.00,,true,true,,,,,,,,,,,,,,,,,,,,,,,,,,,,,,,,lb,,,
mounting-brackets-hardware,,,,,,,,,"FLSH MNT LIGHT HEAD,X,AMB/WHT",,,,,,,,416300X-AW,0.0,,0,continue,manual,144.00,,true,true,,,,,,,,,,,,,,,,,,,,,,,,,,,,,,,,lb,,,
mounting-brackets-hardware,,,,,,,,,"FLUSH MOUNT LIGHTHEAD, X, RED",,,,,,,,416300X-R,0.0,,0,continue,manual,129.00,,true,true,,,,,,,,,,,,,,,,,,,,,,,,,,,,,,,,lb,,,
mounting-brackets-hardware,,,,,,,,,"FLSH MNT LIGHT HEAD,X,RED/BLU",,,,,,,,416300X-RB,0.0,,0,continue,manual,144.00,,true,true,,,,,,,,,,,,,,,,,,,,,,,,,,,,,,,,lb,,,
mounting-brackets-hardware,,,,,,,,,"FLSH MNT LIGHT HEAD,X,RED/WHT",,,,,,,,416300X-RW,0.0,,0,continue,manual,144.00,,true,true,,,,,,,,,,,,,,,,,,,,,,,,,,,,,,,,lb,,,
mounting-brackets-hardware,,,,,,,,,"FLUSH MOUNT LIGHTHEAD, AMBER - 416303-A",,,,,,,,416303-A,0.0,,0,continue,manual,129.00,,true,true,,,,,,,,,,,,,,,,,,,,,,,,,,,,,,,,lb,,,
mounting-brackets-hardware,,,,,,,,,"FLUSH MOUNT LIGHTHEAD, BLUE - 416303-B",,,,,,,,416303-B,0.0,,0,continue,manual,129.00,,true,true,,,,,,,,,,,,,,,,,,,,,,,,,,,,,,,,lb,,,
mounting-brackets-hardware,,,,,,,,,"FLUSH MOUNT LIGHTHEAD, RED - 416303-R",,,,,,,,416303-R,0.0,,0,continue,manual,129.00,,true,true,,,,,,,,,,,,,,,,,,,,,,,,,,,,,,,,lb,,,
mounting-brackets-hardware,,,,,,,,,"FLUSH MOUNT LIGHTHEAD, WHITE - 416303-W",,,,,,,,416303-W,0.0,,0,continue,manual,129.00,,true,true,,,,,,,,,,,,,,,,,,,,,,,,,,,,,,,,lb,,,
mounting-brackets-hardware,,,,,,,,,"FLSH MNT LIGHTHEAD,AMB/GRN/WHT",,,,,,,,416309-AGW,0.0,,0,continue,manual,144.00,,true,true,,,,,,,,,,,,,,,,,,,,,,,,,,,,,,,,lb,,,
mounting-brackets-hardware,,,,,,,,,"FLSH MNT LIGHTHEAD,BLU/AMB/WHT",,,,,,,,416309-BAW,0.0,,0,continue,manual,144.00,,true,true,,,,,,,,,,,,,,,,,,,,,,,,,,,,,,,,lb,,,
mounting-brackets-hardware,,,,,,,,,"FLSH MNT LIGHTHEAD,RED/AMB/WHT",,,,,,,,416309-RAW,0.0,,0,continue,manual,144.00,,true,true,,,,,,,,,,,,,,,,,,,,,,,,,,,,,,,,lb,,,
mounting-brackets-hardware,,,,,,,,,"FLSH MNT LIGHTHEAD,RED/BLU/AMB",,,,,,,,416309-RBA,0.0,,0,continue,manual,144.00,,true,true,,,,,,,,,,,,,,,,,,,,,,,,,,,,,,,,lb,,,
mounting-brackets-hardware,,,,,,,,,"FLSH MNT LIGHTHEAD,RED/BLU/WHT",,,,,,,,416309-RBW,0.0,,0,continue,manual,144.00,,true,true,,,,,,,,,,,,,,,,,,,,,,,,,,,,,,,,lb,,,
mounting-brackets-hardware,,,,,,,,,"FLSH MNT LIGHTHEAD,RED/BLU/WHT - 416309-RBW-SMK",,,,,,,,416309-RBW-SMK,0.0,,0,continue,manual,154.00,,true,true,,,,,,,,,,,,,,,,,,,,,,,,,,,,,,,,lb,,,
mounting-brackets-hardware,,,,,,,,,"RENEGADE,LED,PERM.MNT., AMBER",,,,,,,,462250-02,0.0,,0,continue,manual,102.00,,true,true,,,,,,,,,,,,,,,,,,,,,,,,,,,,,,,,lb,,,
mounting-brackets-hardware,,,,,,,,,"RENEGADE,LED,PERM.MNT., RED",,,,,,,,462250-04,0.0,,0,continue,manual,102.00,,true,true,,,,,,,,,,,,,,,,,,,,,,,,,,,,,,,,lb,,,
mounting-brackets-hardware,,,,,,,,,"RENEGADE,LED,MAG.MNT.,AMBER",,,,,,,,462260-02,0.0,,0,continue,manual,119.00,,true,true,,,,,,,,,,,,,,,,,,,,,,,,,,,,,,,,lb,,,
mounting-brackets-hardware,,,,,,,,,"RENEGADE,LED,MAG.MNT.,RED",,,,,,,,462260-04,0.0,,0,continue,manual,119.00,,true,true,,,,,,,,,,,,,,,,,,,,,,,,,,,,,,,,lb,,,
mounting-brackets-hardware,,,,,,,,,"4""RISER MOUNT KIT,LEGEND",,,,,,,,500435SSG,0.0,,0,continue,manual,180.00,,true,true,,,,,,,,,,,,,,,,,,,,,,,,,,,,,,,,lb,,,
mounting-brackets-hardware,,,,,,,,,"MTG KIT,ALGT21 BAR MOUNT",,,,,,,,A21219,0.0,,0,continue,manual,89.00,,true,true,,,,,,,,,,,,,,,,,,,,,,,,,,,,,,,,lb,,,
mounting-brackets-hardware,,,,,,,,,"ADJUSTABLE BRKT KIT, LINEAR",,,,,,,,ADJUSTBKT-LB,0.0,,0,continue,manual,203.00,,true,true,,,,,,,,,,,,,,,,,,,,,,,,,,,,,,,,lb,,,
mounting-brackets-hardware,,,,,,,,,"SPEAKER,25 WATT,FLUSH MNT",,,,,,,,ADSF-25-Z,0.0,,0,continue,manual,743.00,,true,true,,,,,,,,,,,,,,,,,,,,,,,,,,,,,,,,lb,,,
mounting-brackets-hardware,,,,,,,,,"SPEAKER,25WATT,SWIVEL MNT",,,,,,,,ADSS-25-Z,0.0,,0,continue,manual,743.00,,true,true,,,,,,,,,,,,,,,,,,,,,,,,,,,,,,,,lb,,,
mounting-brackets-hardware,,,,,,,,,SELF-LEVELING BRACKET - BKT-SL,,,,,,,,BKT-SL,0.0,,0,continue,manual,215.00,,true,true,,,,,,,,,,,,,,,,,,,,,,,,,,,,,,,,lb,,,
mounting-brackets-hardware,,,,,,,,,"CHROME FLANGE,3"" RND.SURF.MNT,",,,,,,,,COM3FLANGEC,0.0,,0,continue,manual,19.00,,true,true,,,,,,,,,,,,,,,,,,,,,,,,,,,,,,,,lb,,,
mounting-brackets-hardware,,,,,,,,,"3"" RND. SURF.MNT.LIGHT",,,,,,,,COM3GROMMET,0.0,,0,continue,manual,17.00,,true,true,,,,,,,,,,,,,,,,,,,,,,,,,,,,,,,,lb,,,
mounting-brackets-hardware,,,,,,,,,"3"" RND. SURF.MNT.LIGHT,RED/WHT",,,,,,,,COM3SRWC,0.0,,0,continue,manual,110.00,,true,true,,,,,,,,,,,,,,,,,,,,,,,,,,,,,,,,lb,,,
mounting-brackets-hardware,,,,,,,,,"3"" RND. SURF.MNT.LIGHT,",,,,,,,,COM3SWC,0.0,,0,continue,manual,98.00,,true,true,,,,,,,,,,,,,,,,,,,,,,,,,,,,,,,,lb,,,
mounting-brackets-hardware,,,,,,,,,RUNNING BOARD LIGHT BRACKETKIT,,,,,,,,DRBKT-RB-FPIU20,0.0,,0,continue,manual,75.00,,true,true,,,,,,,,,,,,,,,,,,,,,,,,,,,,,,,,lb,,,
mounting-brackets-hardware,,,,,,,,,FPIU DYNAFLARE BRKT KIT B,,,,,,,,DRBKT-RB-FPIU20B,0.0,,0,continue,manual,75.00,,true,true,,,,,,,,,,,,,,,,,,,,,,,,,,,,,,,,lb,,,
mounting-brackets-hardware,,,,,,,,,DYNAFLARE UNIVERSAL BRKT KIT,,,,,,,,DRBKT-RB-UNIV,0.0,,0,continue,manual,75.00,,true,true,,,,,,,,,,,,,,,,,,,,,,,,,,,,,,,,lb,,,
mounting-brackets-hardware,,,,,,,,,"BRKT KIT,DUAL ES100,15F-150",,,,,,,,ESB2-FRD15ND,0.0,,0,continue,manual,97.00,,true,true,,,,,,,,,,,,,,,,,,,,,,,,,,,,,,,,lb,,,
mounting-brackets-hardware,,,,,,,,,"BRKT KIT,DUAL ES100C,20SILV HD",,,,,,,,ESB2-SILHD20ND,0.0,,0,continue,manual,97.00,,true,true,,,,,,,,,,,,,,,,,,,,,,,,,,,,,,,,lb,,,
mounting-brackets-hardware,,,,,,,,,"BRKT KIT,SINGLE ES100C,20SILV",,,,,,,,ESB-SILHD20ND,0.0,,0,continue,manual,55.00,,true,true,,,,,,,,,,,,,,,,,,,,,,,,,,,,,,,,lb,,,
mounting-brackets-hardware,,,,,,,,,"MOUNT, ROOF RAILS,",,,,,,,,FM-EXP18,0.0,,0,continue,manual,100.00,,true,true,,,,,,,,,,,,,,,,,,,,,,,,,,,,,,,,lb,,,
mounting-brackets-hardware,,,,,,,,,"BRKT KIT,GRILL,18F-150 PPV,ND",,,,,,,,IPX-GRL14,0.0,,0,continue,manual,65.00,,true,true,,,,,,,,,,,,,,,,,,,,,,,,,,,,,,,,lb,,,
mounting-brackets-hardware,,,,,,,,,"IPX GRILL BRKT,19MUST",,,,,,,,IPX-GRL15,0.0,,0,continue,manual,83.00,,true,true,,,,,,,,,,,,,,,,,,,,,,,,,,,,,,,,lb,,,
mounting-brackets-hardware,,,,,,,,,"BRKT KIT,GRILLE,MPS,20FPIU,ND",,,,,,,,IPX-GRL16,0.0,,0,continue,manual,52.00,,true,true,,,,,,,,,,,,,,,,,,,,,,,,,,,,,,,,lb,,,
mounting-brackets-hardware,,,,,,,,,"BRKT KIT,GRILLE,4 MPS,20FPIU,",,,,,,,,IPX-GRL17,0.0,,0,continue,manual,103.00,,true,true,,,,,,,,,,,,,,,,,,,,,,,,,,,,,,,,lb,,,
mounting-brackets-hardware,,,,,,,,,"BRKT KIT,IPX-MPS,GRILLE,CHGR15",,,,,,,,IPX-GRL8,0.0,,0,continue,manual,67.00,,true,true,,,,,,,,,,,,,,,,,,,,,,,,,,,,,,,,lb,,,
mounting-brackets-hardware,,,,,,,,,"KIT,MNT,LP HORZ,IPX/VEX",,,,,,,,IPX-LPH1,0.0,,0,continue,manual,50.00,,true,true,,,,,,,,,,,,,,,,,,,,,,,,,,,,,,,,lb,,,
mounting-brackets-hardware,,,,,,,,,"KIT,MNT,LP VERT,IPX/VEX",,,,,,,,IPX-LPV1,0.0,,0,continue,manual,50.00,,true,true,,,,,,,,,,,,,,,,,,,,,,,,,,,,,,,,lb,,,
mounting-brackets-hardware,,,,,,,,,"KIT,MNT,LP VERT,ADJ,IPX/MPS",,,,,,,,IPX-LPV2,0.0,,0,continue,manual,100.00,,true,true,,,,,,,,,,,,,,,,,,,,,,,,,,,,,,,,lb,,,
mounting-brackets-hardware,,,,,,,,,"KIT,MNT,LP VERT EXT,IPX/V",,,,,,,,IPX-LPVX1,0.0,,0,continue,manual,54.00,,true,true,,,,,,,,,,,,,,,,,,,,,,,,,,,,,,,,lb,,,
mounting-brackets-hardware,,,,,,,,,"KIT,BRKT,PUSH BUMP,45",,,,,,,,IPX-PB45H,0.0,,0,continue,manual,50.00,,true,true,,,,,,,,,,,,,,,,,,,,,,,,,,,,,,,,lb,,,
mounting-brackets-hardware,,,,,,,,,"KIT,BRKT,PUSH BUMP,45 - IPX-PB45V",,,,,,,,IPX-PB45V,0.0,,0,continue,manual,50.00,,true,true,,,,,,,,,,,,,,,,,,,,,,,,,,,,,,,,lb,,,
mounting-brackets-hardware,,,,,,,,,"BRKT KIT,MB1-FPIU,MBK01",,,,,,,,MBK01,0.0,,0,continue,manual,16.00,,true,true,,,,,,,,,,,,,,,,,,,,,,,,,,,,,,,,lb,,,
mounting-brackets-hardware,,,,,,,,,"BRKT KIT,MB1-VALR, HOOK",,,,,,,,MBK03H,0.0,,0,continue,manual,16.00,,true,true,,,,,,,,,,,,,,,,,,,,,,,,,,,,,,,,lb,,,
mounting-brackets-hardware,,,,,,,,,"BRKT KIT,MB1-INTG/LGD/LPX/NVG",,,,,,,,MBK04,0.0,,0,continue,manual,16.00,,true,true,,,,,,,,,,,,,,,,,,,,,,,,,,,,,,,,lb,,,
mounting-brackets-hardware,,,,,,,,,"BRKT KIT,MB1-VSLR,MBK05",,,,,,,,MBK05,0.0,,0,continue,manual,16.00,,true,true,,,,,,,,,,,,,,,,,,,,,,,,,,,,,,,,lb,,,
mounting-brackets-hardware,,,,,,,,,"BRKT KIT,MB1-DUR,MBK06",,,,,,,,MBK06,0.0,,0,continue,manual,16.00,,true,true,,,,,,,,,,,,,,,,,,,,,,,,,,,,,,,,lb,,,
mounting-brackets-hardware,,,,,,,,,"BRKT KIT,RUMBLER,20SILV HD,",,,,,,,,RB-SILHD20,0.0,,0,continue,manual,81.00,,true,true,,,,,,,,,,,,,,,,,,,,,,,,,,,,,,,,lb,,,
mounting-brackets-hardware,,,,,,,,,UNIVERSAL HOOK MNTG. KIT,,,,,,,,UNHK,0.0,,0,continue,manual,105.00,,true,true,,,,,,,,,,,,,,,,,,,,,,,,,,,,,,,,lb,,,
mounting-brackets-hardware,,,,,,,,,UNIVERSAL PERM. MNTG. KIT,,,,,,,,UNPK,0.0,,0,continue,manual,105.00,,true,true,,,,,,,,,,,,,,,,,,,,,,,,,,,,,,,,lb,,,
micropulse-mounts-brackets,MicroPulse Mounts & Brackets,"<h1>Federal Signal MicroPulse® Mounts &amp; Brackets</h1><p>Purpose-built mounting solutions for Federal Signal's MicroPulse® warning light family — surface mount plates, angle brackets, grille mounts, push bumper mounts, and vehicle-specific hardware that position your MicroPulse lights exactly where they need to be for maximum warning effectiveness and clean professional appearance.</p><h2>Why departments and installers choose MicroPulse Mounts</h2><ul>
<li>
<strong>Engineered for MicroPulse dimensions</strong> → mounting footprints match MicroPulse 3, 6, 12, Ultra, and Wide Angle head sizes precisely, eliminating gaps, misalignment, and improvised mounting</li>
<li>
<strong>Push bumper integration</strong> → pre-drilled brackets for DFC Series push bumpers allow clean MicroPulse installation in the grille and bumper positions that maximize forward warning output</li>
<li>
<strong>Mirror and A-pillar options</strong> → specialty brackets for mirror mounts, A-pillar positions, and interior window applications expand placement options beyond flat surface mounting</li>
<li>
<strong>Low-profile design</strong> → keeps the installed MicroPulse flush or near-flush with the mounting surface, maintaining vehicle aerodynamics and reducing snag points on patrol and pursuit vehicles</li>
</ul><h2>Technical Specs</h2><table><tbody>
<tr>
<td>Compatibility</td>
<td>MicroPulse® 3, 6, 12, Ultra, Wide Angle series</td>
</tr>
<tr>
<td>Warranty</td>
<td>Federal Signal limited warranty</td>
</tr>
</tbody></table><p><em>Contact us or log into your department account to confirm the correct mount for your specific MicroPulse model and vehicle platform.</em></p><h2>Ordering from TFR Supply</h2><p>TFR Supply is an authorized Federal Signal dealer serving Texas law enforcement, fire, and EMS agencies. Every order ships direct to your location — no middleman, no inventory delays. Government and department accounts receive tax-exempt checkout and agency pricing. Need installation? Our sister company <a href=""https://www.tx1rs.com"">Texas First Response Services</a> provides professional upfit services across Texas. Create a department account or reach out directly to get started.</p>",Federal Signal,Vehicles & Parts > Vehicle Parts & Accessories > Motor Vehicle Parts > Motor Vehicle Lighting,Vehicle Lighting Accessories,"Brand_Federal Signal, Category_Emergency Vehicle Equipment, Family_MicroPulse, Federal Signal, MicroPulse Mounts & Brackets, Product_Mounting Kit, Use_Fleet Upfitting, Use_Law Enforcement, Use_Public Safety",false,Component,"KIT,L-BRKT,DUAL HD,LEFT/",,,,,,,,MPSM12-DL,0.0,,0,continue,manual,30.00,,true,true,,,,,,https://cdn.shopify.com/s/files/1/0725/9330/9807/files/MPSM12-DL.jpg?v=1781074482,1,MicroPulse Mounts & Brackets - MPSM12-DL - Federal Signal emergency vehicle equipment,false,MicroPulse Mounts & Brackets | Federal Signal,"Shop Federal Signal MicroPulse Mounts & Brackets for emergency vehicle upfitting, fleet builds, law enforcement, fire, EMS, and public safety vehicle applications.",3318,,,MPSM12-DL,new,FALSE,,,,,,"Shop Federal Signal MicroPulse Mounts & Brackets for emergency vehicle upfitting, fleet builds, law enforcement, fire, EMS, and public safety vehicle applications.",MicroPulse Mounts & Brackets | Federal Signal,new,FALSE,3318,,,,,lb,,,draft
micropulse-mounts-brackets,,,,,,,,,"KIT,L-BRKT,SUAL HD TOP/BO",,,,,,,,MPSM12-DS,0.0,,0,continue,manual,30.00,,true,true,,,,,,https://cdn.shopify.com/s/files/1/0725/9330/9807/files/MPSM12-DS.jpg?v=1781074482,2,MicroPulse Mounts & Brackets - MPSM12-DS - Federal Signal emergency vehicle equipment,,,,,,,,,,,,,,,,,,,,,,,,lb,,,
micropulse-mounts-brackets,,,,,,,,,DURANGO SPOILER BRACKET KIT,,,,,,,,MPSM12-DU22RS,0.0,,0,continue,manual,136.00,,true,true,,,,,,https://cdn.shopify.com/s/files/1/0725/9330/9807/files/MPSM12-DU22RS.jpg?v=1781074482,3,MicroPulse Mounts & Brackets - MPSM12-DU22RS - Federal Signal emergency vehicle equipment,,,,,,,,,,,,,,,,,,,,,,,,lb,,,
micropulse-mounts-brackets,,,,,,,,,FPIU MPS12 SPOILER BRACKET KIT,,,,,,,,MPSM12-FPIU20RS2,0.0,,0,continue,manual,212.00,,true,true,,,,,,https://cdn.shopify.com/s/files/1/0725/9330/9807/files/MPSM12-FPIU20RS2.jpg?v=1781074482,4,MicroPulse Mounts & Brackets - MPSM12-FPIU20RS2 - Federal Signal emergency vehicle equipment,,,,,,,,,,,,,,,,,,,,,,,,lb,,,
micropulse-mounts-brackets,,,,,,,,,"KIT,L-BRACKET,SINGLE HD",,,,,,,,MPSM12-LB,0.0,,0,continue,manual,22.00,,true,true,,,,,,https://cdn.shopify.com/s/files/1/0725/9330/9807/files/MPSM12-LB.jpg?v=1781074482,5,MicroPulse Mounts & Brackets - MPSM12-LB - Federal Signal emergency vehicle equipment,,,,,,,,,,,,,,,,,,,,,,,,lb,,,
micropulse-mounts-brackets,,,,,,,,,"KIT,FOG LGHT BRKTS,POLARIS,MPS",,,,,,,,MPSM12-POL1,0.0,,0,continue,manual,79.00,,true,true,,,,,,https://cdn.shopify.com/s/files/1/0725/9330/9807/files/MPSM12-SB.jpg?v=1781074482,6,MicroPulse Mounts & Brackets - MPSM12-SB - Federal Signal emergency vehicle equipment,,,,,,,,,,,,,,,,,,,,,,,,lb,,,
micropulse-mounts-brackets,,,,,,,,,"KIT,BRKT,SWIVEL MNT, MS12",,,,,,,,MPSM12-SB,0.0,,0,continue,manual,39.00,,true,true,,,,,,https://cdn.shopify.com/s/files/1/0725/9330/9807/files/MPSM12U-FRD25DTL.jpg?v=1781074482,7,MicroPulse Mounts & Brackets - MPSM12U-FRD25DTL - Federal Signal emergency vehicle equipment,,,,,,,,,,,,,,,,,,,,,,,,lb,,,
micropulse-mounts-brackets,,,,,,,,,"KIT,L-BRACKET,SINGLE HD,",,,,,,,,MPSM12-SB2,0.0,,0,continue,manual,22.00,,true,true,,,,,,https://cdn.shopify.com/s/files/1/0725/9330/9807/files/MPSM12U-FRD25DTL2.jpg?v=1781074482,8,MicroPulse Mounts & Brackets - MPSM12U-FRD25DTL2 - Federal Signal emergency vehicle equipment,,,,,,,,,,,,,,,,,,,,,,,,lb,,,
micropulse-mounts-brackets,,,,,,,,,"KIT, SPOILER BRACKET,",,,,,,,,MPSM12-TA23RS2,0.0,,0,continue,manual,212.00,,true,true,,,,,,https://cdn.shopify.com/s/files/1/0725/9330/9807/files/MPSM12U-PLN.jpg?v=1781074482,9,MicroPulse Mounts & Brackets - MPSM12U-PLN - Federal Signal emergency vehicle equipment,,,,,,,,,,,,,,,,,,,,,,,,lb,,,
micropulse-mounts-brackets,,,,,,,,,"BRKT KIT, 23 F150,MPSM12U,DTL",,,,,,,,MPSM12U-FRD23DTL,0.0,,0,continue,manual,89.00,,true,true,,,,,,https://cdn.shopify.com/s/files/1/0725/9330/9807/files/MPSM12U-SPACRKT.jpg?v=1781074482,10,MicroPulse Mounts & Brackets - MPSM12U-SPACRKT - Federal Signal emergency vehicle equipment,,,,,,,,,,,,,,,,,,,,,,,,lb,,,
micropulse-mounts-brackets,,,,,,,,,"BRKT KIT, 23 F150,MPSM12U,DTL2",,,,,,,,MPSM12U-FRD23DTL2,0.0,,0,continue,manual,89.00,,true,true,,,,,,https://cdn.shopify.com/s/files/1/0725/9330/9807/files/MPSM12U-WIN.jpg?v=1781074482,11,MicroPulse Mounts & Brackets - MPSM12U-WIN - Federal Signal emergency vehicle equipment,,,,,,,,,,,,,,,,,,,,,,,,lb,,,
micropulse-mounts-brackets,,,,,,,,,"KIT, 25 F-150, MPSM12U, DTL",,,,,,,,MPSM12U-FRD25DTL,0.0,,0,continue,manual,100.00,,true,true,,,,,,https://cdn.shopify.com/s/files/1/0725/9330/9807/files/MPSM12U-WIN90-12.jpg?v=1781074482,12,MicroPulse Mounts & Brackets - MPSM12U-WIN90-12 - Federal Signal emergency vehicle equipment,,,,,,,,,,,,,,,,,,,,,,,,lb,,,
micropulse-mounts-brackets,,,,,,,,,"KIT, 25 F-150, MPSM12U, DTL - MPSM12U-FRD25DTL2",,,,,,,,MPSM12U-FRD25DTL2,0.0,,0,continue,manual,100.00,,true,true,,,,,,https://cdn.shopify.com/s/files/1/0725/9330/9807/files/MPSM3-DL.jpg?v=1781074481,13,MicroPulse Mounts & Brackets - MPSM3-DL - Federal Signal emergency vehicle equipment,,,,,,,,,,,,,,,,,,,,,,,,lb,,,
micropulse-mounts-brackets,,,,,,,,,4 PACK MPS12U GASKETS,,,,,,,,MPSM12U-GSKT4,0.0,,0,continue,manual,49.00,,true,true,,,,,,https://cdn.shopify.com/s/files/1/0725/9330/9807/files/MPSM3-DS.jpg?v=1781074482,14,MicroPulse Mounts & Brackets - MPSM3-DS - Federal Signal emergency vehicle equipment,,,,,,,,,,,,,,,,,,,,,,,,lb,,,
micropulse-mounts-brackets,,,,,,,,,"KIT, PYLON MOUNT, MPSU12",,,,,,,,MPSM12U-PLN,0.0,,0,continue,manual,14.00,,true,true,,,,,,https://cdn.shopify.com/s/files/1/0725/9330/9807/files/MPSM3-LB.jpg?v=1781074481,15,MicroPulse Mounts & Brackets - MPSM3-LB - Federal Signal emergency vehicle equipment,,,,,,,,,,,,,,,,,,,,,,,,lb,,,
micropulse-mounts-brackets,,,,,,,,,"KIT, WEDGE, MPSM12U",,,,,,,,MPSM12U-SPACRKT,0.0,,0,continue,manual,39.00,,true,true,,,,,,https://cdn.shopify.com/s/files/1/0725/9330/9807/files/MPSM3-SB.jpg?v=1781074481,16,MicroPulse Mounts & Brackets - MPSM3-SB - Federal Signal emergency vehicle equipment,,,,,,,,,,,,,,,,,,,,,,,,lb,,,
micropulse-mounts-brackets,,,,,,,,,"BEZEL & SHROUD KIT,MPSM12U",,,,,,,,MPSM12U-WIN,0.0,,0,continue,manual,89.00,,true,true,,,,,,https://cdn.shopify.com/s/files/1/0725/9330/9807/files/MPSM3UC-SPACRKT.jpg?v=1781074481,17,MicroPulse Mounts & Brackets - MPSM3UC-SPACRKT - Federal Signal emergency vehicle equipment,,,,,,,,,,,,,,,,,,,,,,,,lb,,,
micropulse-mounts-brackets,,,,,,,,,"DUAL HD. BEZEL & SHROUD KIT,",,,,,,,,MPSM12U-WIN2,0.0,,0,continue,manual,90.00,,true,true,,,,,,https://cdn.shopify.com/s/files/1/0725/9330/9807/files/MPSM3U-FRD24DTL.jpg?v=1781074481,18,MicroPulse Mounts & Brackets - MPSM3U-FRD24DTL - Federal Signal emergency vehicle equipment,,,,,,,,,,,,,,,,,,,,,,,,lb,,,
micropulse-mounts-brackets,,,,,,,,,BEZEL & SHROUD KIT,,,,,,,,MPSM12U-WIN90-12,0.0,,0,continue,manual,365.00,,true,true,,,,,,https://cdn.shopify.com/s/files/1/0725/9330/9807/files/MPSM3U-FRD24DTL2.jpg?v=1781074481,19,MicroPulse Mounts & Brackets - MPSM3U-FRD24DTL2 - Federal Signal emergency vehicle equipment,,,,,,,,,,,,,,,,,,,,,,,,lb,,,
micropulse-mounts-brackets,,,,,,,,,"KIT,L-BRKT,DUAL HD,LEFT/ - MPSM3-DL",,,,,,,,MPSM3-DL,0.0,,0,continue,manual,30.00,,true,true,,,,,,https://cdn.shopify.com/s/files/1/0725/9330/9807/files/MPSM3U-JGC25-5GRL.jpg?v=1781074482,20,MicroPulse Mounts & Brackets - MPSM3U-JGC25-5GRL - Federal Signal emergency vehicle equipment,,,,,,,,,,,,,,,,,,,,,,,,lb,,,
micropulse-mounts-brackets,,,,,,,,,"KIT,L-BRKT,DUAL HD,TOP/",,,,,,,,MPSM3-DS,0.0,,0,continue,manual,30.00,,true,true,,,,,,https://cdn.shopify.com/s/files/1/0725/9330/9807/files/MPSM3U-PLN.jpg?v=1781074481,21,MicroPulse Mounts & Brackets - MPSM3U-PLN - Federal Signal emergency vehicle equipment,,,,,,,,,,,,,,,,,,,,,,,,lb,,,
micropulse-mounts-brackets,,,,,,,,,"KIT,L-BRKT SINGLE HD,MS3",,,,,,,,MPSM3-LB,0.0,,0,continue,manual,22.00,,true,true,,,,,,https://cdn.shopify.com/s/files/1/0725/9330/9807/files/MPSM3U-RAM24DTL.jpg?v=1781074481,22,MicroPulse Mounts & Brackets - MPSM3U-RAM24DTL - Federal Signal emergency vehicle equipment,,,,,,,,,,,,,,,,,,,,,,,,lb,,,
micropulse-mounts-brackets,,,,,,,,,"KIT,BRKT SWIVEL MNT,MS3",,,,,,,,MPSM3-SB,0.0,,0,continue,manual,39.00,,true,true,,,,,,https://cdn.shopify.com/s/files/1/0725/9330/9807/files/MPSM3U-RAM24DTL2.jpg?v=1781074481,23,MicroPulse Mounts & Brackets - MPSM3U-RAM24DTL2 - Federal Signal emergency vehicle equipment,,,,,,,,,,,,,,,,,,,,,,,,lb,,,
micropulse-mounts-brackets,,,,,,,,,"KIT, WEDGE, MPSM3UC",,,,,,,,MPSM3UC-SPACRKT,0.0,,0,continue,manual,33.00,,true,true,,,,,,https://cdn.shopify.com/s/files/1/0725/9330/9807/files/MPSM3U-RND2.jpg?v=1781074481,24,MicroPulse Mounts & Brackets - MPSM3U-RND2 - Federal Signal emergency vehicle equipment,,,,,,,,,,,,,,,,,,,,,,,,lb,,,
micropulse-mounts-brackets,,,,,,,,,"BRKT KIT, 24 FORD SUPER DUTY,",,,,,,,,MPSM3U-FRD24DTL,0.0,,0,continue,manual,100.00,,true,true,,,,,,https://cdn.shopify.com/s/files/1/0725/9330/9807/files/MPSM6-DL.jpg?v=1781074481,25,MicroPulse Mounts & Brackets - MPSM6-DL - Federal Signal emergency vehicle equipment,,,,,,,,,,,,,,,,,,,,,,,,lb,,,
micropulse-mounts-brackets,,,,,,,,,"BRKT KIT, 24 FORD SUPER DUTY, - MPSM3U-FRD24DTL2",,,,,,,,MPSM3U-FRD24DTL2,0.0,,0,continue,manual,100.00,,true,true,,,,,,https://cdn.shopify.com/s/files/1/0725/9330/9807/files/MPSM6-DS.jpg?v=1781074482,26,MicroPulse Mounts & Brackets - MPSM6-DS - Federal Signal emergency vehicle equipment,,,,,,,,,,,,,,,,,,,,,,,,lb,,,
micropulse-mounts-brackets,,,,,,,,,"KIT, 25 F-250, MPSM3U, TAILGT",,,,,,,,MPSM3U-FRD25DTL,0.0,,0,continue,manual,100.00,,true,true,,,,,,https://cdn.shopify.com/s/files/1/0725/9330/9807/files/MPSM6-DU22RS.jpg?v=1781074481,27,MicroPulse Mounts & Brackets - MPSM6-DU22RS - Federal Signal emergency vehicle equipment,,,,,,,,,,,,,,,,,,,,,,,,lb,,,
micropulse-mounts-brackets,,,,,,,,,"KIT, 25 F-250, MPSM3U, TAILGT - MPSM3U-FRD25DTL2",,,,,,,,MPSM3U-FRD25DTL2,0.0,,0,continue,manual,100.00,,true,true,,,,,,https://cdn.shopify.com/s/files/1/0725/9330/9807/files/MPSM6-FPIU20RS1.jpg?v=1781074481,28,MicroPulse Mounts & Brackets - MPSM6-FPIU20RS1 - Federal Signal emergency vehicle equipment,,,,,,,,,,,,,,,,,,,,,,,,lb,,,
micropulse-mounts-brackets,,,,,,,,,"KIT, GRILLE, 5MPSM3U, JGC25",,,,,,,,MPSM3U-JGC25-5GRL,0.0,,0,continue,manual,67.00,,true,true,,,,,,https://cdn.shopify.com/s/files/1/0725/9330/9807/files/MPSM6-FPIU20RS2.jpg?v=1781074481,29,MicroPulse Mounts & Brackets - MPSM6-FPIU20RS2 - Federal Signal emergency vehicle equipment,,,,,,,,,,,,,,,,,,,,,,,,lb,,,
micropulse-mounts-brackets,,,,,,,,,"KIT, PYLON MOUNT, MPSU3",,,,,,,,MPSM3U-PLN,0.0,,0,continue,manual,14.00,,true,true,,,,,,https://cdn.shopify.com/s/files/1/0725/9330/9807/files/MPSM6-FPIU20RS3.jpg?v=1781074481,30,MicroPulse Mounts & Brackets - MPSM6-FPIU20RS3 - Federal Signal emergency vehicle equipment,,,,,,,,,,,,,,,,,,,,,,,,lb,,,
micropulse-mounts-brackets,,,,,,,,,"BRKT KIT, 24 RAM, MPS3U,DTL",,,,,,,,MPSM3U-RAM24DTL,0.0,,0,continue,manual,125.00,,true,true,,,,,,https://cdn.shopify.com/s/files/1/0725/9330/9807/files/MPSM6-FRD15RB.jpg?v=1781074481,31,MicroPulse Mounts & Brackets - MPSM6-FRD15RB - Federal Signal emergency vehicle equipment,,,,,,,,,,,,,,,,,,,,,,,,lb,,,
micropulse-mounts-brackets,,,,,,,,,"BRKT KIT, 24 RAM, MPS3U,DTL2",,,,,,,,MPSM3U-RAM24DTL2,0.0,,0,continue,manual,125.00,,true,true,,,,,,https://cdn.shopify.com/s/files/1/0725/9330/9807/files/MPSM6-GRL1.jpg?v=1781074482,32,MicroPulse Mounts & Brackets - MPSM6-GRL1 - Federal Signal emergency vehicle equipment,,,,,,,,,,,,,,,,,,,,,,,,lb,,,
micropulse-mounts-brackets,,,,,,,,,ROUND ADAPTER MOUNTING KIT,,,,,,,,MPSM3U-RND2,0.0,,0,continue,manual,32.00,,true,true,,,,,,https://cdn.shopify.com/s/files/1/0725/9330/9807/files/MPSM6-GRL2.jpg?v=1781074482,33,MicroPulse Mounts & Brackets - MPSM6-GRL2 - Federal Signal emergency vehicle equipment,,,,,,,,,,,,,,,,,,,,,,,,lb,,,
micropulse-mounts-brackets,,,,,,,,,"KIT, WEDGE, MPS3U",,,,,,,,MPSM3U-SPACRKT,0.0,,0,continue,manual,33.00,,true,true,,,,,,https://cdn.shopify.com/s/files/1/0725/9330/9807/files/MPSM6-GRL3.jpg?v=1781074482,34,MicroPulse Mounts & Brackets - MPSM6-GRL3 - Federal Signal emergency vehicle equipment,,,,,,,,,,,,,,,,,,,,,,,,lb,,,
micropulse-mounts-brackets,,,,,,,,,"KIT,L-BRKT,DUAL HD,LEFT/ - MPSM6-DL",,,,,,,,MPSM6-DL,0.0,,0,continue,manual,30.00,,true,true,,,,,,https://cdn.shopify.com/s/files/1/0725/9330/9807/files/MPSM6-GRL5.jpg?v=1781074482,35,MicroPulse Mounts & Brackets - MPSM6-GRL5 - Federal Signal emergency vehicle equipment,,,,,,,,,,,,,,,,,,,,,,,,lb,,,
micropulse-mounts-brackets,,,,,,,,,"KIT,L-BRKT,DUAL HD,TOP/ - MPSM6-DS",,,,,,,,MPSM6-DS,0.0,,0,continue,manual,30.00,,true,true,,,,,,https://cdn.shopify.com/s/files/1/0725/9330/9807/files/MPSM6-LB.jpg?v=1781074482,36,MicroPulse Mounts & Brackets - MPSM6-LB - Federal Signal emergency vehicle equipment,,,,,,,,,,,,,,,,,,,,,,,,lb,,,
micropulse-mounts-brackets,,,,,,,,,MPSM6 22 DURANGO SPOILER,,,,,,,,MPSM6-DU22RS,0.0,,0,continue,manual,127.00,,true,true,,,,,,https://cdn.shopify.com/s/files/1/0725/9330/9807/files/MPSM6-LPH1.jpg?v=1781074482,37,MicroPulse Mounts & Brackets - MPSM6-LPH1 - Federal Signal emergency vehicle equipment,,,,,,,,,,,,,,,,,,,,,,,,lb,,,
micropulse-mounts-brackets,,,,,,,,,"KIT, BRKT,2HD SPOILER,FPIU20",,,,,,,,MPSM6-FPIU20RS1,0.0,,0,continue,manual,219.00,,true,true,,,,,,https://cdn.shopify.com/s/files/1/0725/9330/9807/files/MPSM6-LPV1.jpg?v=1781074482,38,MicroPulse Mounts & Brackets - MPSM6-LPV1 - Federal Signal emergency vehicle equipment,,,,,,,,,,,,,,,,,,,,,,,,lb,,,
micropulse-mounts-brackets,,,,,,,,,"KIT,BRKT,6HD SPOILER,FPIU20",,,,,,,,MPSM6-FPIU20RS2,0.0,,0,continue,manual,219.00,,true,true,,,,,,https://cdn.shopify.com/s/files/1/0725/9330/9807/files/MPSM6-LPV3-DUR.jpg?v=1781074482,39,MicroPulse Mounts & Brackets - MPSM6-LPV3-DUR - Federal Signal emergency vehicle equipment,,,,,,,,,,,,,,,,,,,,,,,,lb,,,
micropulse-mounts-brackets,,,,,,,,,"KIT,BRKT,2HD SPOILER,FPIU20",,,,,,,,MPSM6-FPIU20RS3,0.0,,0,continue,manual,219.00,,true,true,,,,,,https://cdn.shopify.com/s/files/1/0725/9330/9807/files/MPSM6-SB.jpg?v=1781074482,40,MicroPulse Mounts & Brackets - MPSM6-SB - Federal Signal emergency vehicle equipment,,,,,,,,,,,,,,,,,,,,,,,,lb,,,
micropulse-mounts-brackets,,,,,,,,,"BRKT KIT,MPS,RUNNING BOARDS",,,,,,,,MPSM6-FRD15RB,0.0,,0,continue,manual,123.00,,true,true,,,,,,https://cdn.shopify.com/s/files/1/0725/9330/9807/files/MPSM6-TA21RS.jpg?v=1781074481,41,MicroPulse Mounts & Brackets - MPSM6-TA21RS - Federal Signal emergency vehicle equipment,,,,,,,,,,,,,,,,,,,,,,,,lb,,,
micropulse-mounts-brackets,,,,,,,,,"KIT,BRKT,MPS,GRILLE",,,,,,,,MPSM6-GRL1,0.0,,0,continue,manual,42.00,,true,true,,,,,,https://cdn.shopify.com/s/files/1/0725/9330/9807/files/MPSM6-TA21RS1.jpg?v=1781074482,42,MicroPulse Mounts & Brackets - MPSM6-TA21RS1 - Federal Signal emergency vehicle equipment,,,,,,,,,,,,,,,,,,,,,,,,lb,,,
micropulse-mounts-brackets,,,,,,,,,"BRKT KIT,21TAH,INT. GRILLE,",,,,,,,,MPSM6-GRL2,0.0,,0,continue,manual,60.00,,true,true,,,,,,https://cdn.shopify.com/s/files/1/0725/9330/9807/files/MPSM6U-BP1.jpg?v=1781074482,43,MicroPulse Mounts & Brackets - MPSM6U-BP1 - Federal Signal emergency vehicle equipment,,,,,,,,,,,,,,,,,,,,,,,,lb,,,
micropulse-mounts-brackets,,,,,,,,,"BRKT KIT,MPS6,GRILLE,21TAH,",,,,,,,,MPSM6-GRL3,0.0,,0,continue,manual,129.00,,true,true,,,,,,https://cdn.shopify.com/s/files/1/0725/9330/9807/files/MPSM6U-BP2.jpg?v=1781074481,44,MicroPulse Mounts & Brackets - MPSM6U-BP2 - Federal Signal emergency vehicle equipment,,,,,,,,,,,,,,,,,,,,,,,,lb,,,
micropulse-mounts-brackets,,,,,,,,,"KIT, GRILLE, '23 TAH",,,,,,,,MPSM6-GRL4,0.0,,0,continue,manual,150.00,,true,true,,,,,,https://cdn.shopify.com/s/files/1/0725/9330/9807/files/MPSM6U-EXP22RS6.jpg?v=1781074482,45,MicroPulse Mounts & Brackets - MPSM6U-EXP22RS6 - Federal Signal emergency vehicle equipment,,,,,,,,,,,,,,,,,,,,,,,,lb,,,
micropulse-mounts-brackets,,,,,,,,,"KIT, BRKT, MPS, GRILLE",,,,,,,,MPSM6-GRL5,0.0,,0,continue,manual,47.00,,true,true,,,,,,https://cdn.shopify.com/s/files/1/0725/9330/9807/files/MPSM6U-EXPD25-6GRL.jpg?v=1781074482,46,MicroPulse Mounts & Brackets - MPSM6U-EXPD25-6GRL - Federal Signal emergency vehicle equipment,,,,,,,,,,,,,,,,,,,,,,,,lb,,,
micropulse-mounts-brackets,,,,,,,,,"KIT,L-BRKT,SINGLE HD,MS6",,,,,,,,MPSM6-LB,0.0,,0,continue,manual,22.00,,true,true,,,,,,https://cdn.shopify.com/s/files/1/0725/9330/9807/files/MPSM6U-FD15UPRB.jpg?v=1781074481,47,MicroPulse Mounts & Brackets - MPSM6U-FD15UPRB - Federal Signal emergency vehicle equipment,,,,,,,,,,,,,,,,,,,,,,,,lb,,,
micropulse-mounts-brackets,,,,,,,,,"BRKT KIT,MPS MNT,LIC PLATE,",,,,,,,,MPSM6-LPH1,0.0,,0,continue,manual,124.00,,true,true,,,,,,https://cdn.shopify.com/s/files/1/0725/9330/9807/files/MPSM6U-FPIU20GCO.jpg?v=1781074482,48,MicroPulse Mounts & Brackets - MPSM6U-FPIU20GCO - Federal Signal emergency vehicle equipment,,,,,,,,,,,,,,,,,,,,,,,,lb,,,
micropulse-mounts-brackets,,,,,,,,,"KIT,DUAL MNT,LP VERT,ADJ,MPS",,,,,,,,MPSM6-LPV1,0.0,,0,continue,manual,124.00,,true,true,,,,,,https://cdn.shopify.com/s/files/1/0725/9330/9807/files/MPSM6U-FPIU20SMW.jpg?v=1781074482,49,MicroPulse Mounts & Brackets - MPSM6U-FPIU20SMW - Federal Signal emergency vehicle equipment,,,,,,,,,,,,,,,,,,,,,,,,lb,,,
micropulse-mounts-brackets,,,,,,,,,"KIT, MPS MNT, LIC PLATE,",,,,,,,,MPSM6-LPV3-DUR,0.0,,0,continue,manual,150.00,,true,true,,,,,,https://cdn.shopify.com/s/files/1/0725/9330/9807/files/MPSM6U-FPIU20WW.jpg?v=1781074481,50,MicroPulse Mounts & Brackets - MPSM6U-FPIU20WW - Federal Signal emergency vehicle equipment,,,,,,,,,,,,,,,,,,,,,,,,lb,,,
micropulse-mounts-brackets,,,,,,,,,"KIT,BRKT SWIVEL MNT,MS6",,,,,,,,MPSM6-SB,0.0,,0,continue,manual,39.00,,true,true,,,,,,https://cdn.shopify.com/s/files/1/0725/9330/9807/files/MPSM6U-HOOD.jpg?v=1781074482,51,MicroPulse Mounts & Brackets - MPSM6U-HOOD - Federal Signal emergency vehicle equipment,,,,,,,,,,,,,,,,,,,,,,,,lb,,,
micropulse-mounts-brackets,,,,,,,,,"KIT,BRKT,MPSM6-TA21RS,6 HEAD",,,,,,,,MPSM6-TA21RS,0.0,,0,continue,manual,256.00,,true,true,,,,,,https://cdn.shopify.com/s/files/1/0725/9330/9807/files/MPSM6U-PLN.jpg?v=1781074482,52,MicroPulse Mounts & Brackets - MPSM6U-PLN - Federal Signal emergency vehicle equipment,,,,,,,,,,,,,,,,,,,,,,,,lb,,,
micropulse-mounts-brackets,,,,,,,,,"KIT,BRKT,MPSM6-TA21RS,2 HEAD",,,,,,,,MPSM6-TA21RS1,0.0,,0,continue,manual,98.00,,true,true,,,,,,https://cdn.shopify.com/s/files/1/0725/9330/9807/files/MPSM6U-SPACRKT.jpg?v=1781074482,53,MicroPulse Mounts & Brackets - MPSM6U-SPACRKT - Federal Signal emergency vehicle equipment,,,,,,,,,,,,,,,,,,,,,,,,lb,,,
micropulse-mounts-brackets,,,,,,,,,"BRKT KIT,MPS600U,CHGR,B-PILLAR",,,,,,,,MPSM6U-BP1,0.0,,0,continue,manual,68.00,,true,true,,,,,,https://cdn.shopify.com/s/files/1/0725/9330/9807/files/MPSM6U-TAH25-6GRL.jpg?v=1781074482,54,MicroPulse Mounts & Brackets - MPSM6U-TAH25-6GRL - Federal Signal emergency vehicle equipment,,,,,,,,,,,,,,,,,,,,,,,,lb,,,
micropulse-mounts-brackets,,,,,,,,,"BRKT KIT,MPS600U,TAH,B-PILLA",,,,,,,,MPSM6U-BP2,0.0,,0,continue,manual,68.00,,true,true,,,,,,https://cdn.shopify.com/s/files/1/0725/9330/9807/files/MPSM6U-WIN.jpg?v=1781074482,55,MicroPulse Mounts & Brackets - MPSM6U-WIN - Federal Signal emergency vehicle equipment,,,,,,,,,,,,,,,,,,,,,,,,lb,,,
micropulse-mounts-brackets,,,,,,,,,"KIT,BRKT,6HD SPOILER,EXP22",,,,,,,,MPSM6U-EXP22RS6,0.0,,0,continue,manual,219.00,,true,true,,,,,,https://cdn.shopify.com/s/files/1/0725/9330/9807/files/MPSM6U-WIN2.jpg?v=1781074482,56,MicroPulse Mounts & Brackets - MPSM6U-WIN2 - Federal Signal emergency vehicle equipment,,,,,,,,,,,,,,,,,,,,,,,,lb,,,
micropulse-mounts-brackets,,,,,,,,,"KIT, MPSM6U-EXPD25-6GRL",,,,,,,,MPSM6U-EXPD25-6GRL,0.0,,0,continue,manual,118.00,,true,true,,,,,,https://cdn.shopify.com/s/files/1/0725/9330/9807/files/MPSM6U-WIN46-12.jpg?v=1781074482,57,MicroPulse Mounts & Brackets - MPSM6U-WIN46-12 - Federal Signal emergency vehicle equipment,,,,,,,,,,,,,,,,,,,,,,,,lb,,,
micropulse-mounts-brackets,,,,,,,,,"BRKT KIT,MPS,RUNNING BOARDS,",,,,,,,,MPSM6U-FD15UPRB,0.0,,0,continue,manual,123.00,,true,true,,,,,,https://cdn.shopify.com/s/files/1/0725/9330/9807/files/MPSM6U-WIN90-12.jpg?v=1781074482,58,MicroPulse Mounts & Brackets - MPSM6U-WIN90-12 - Federal Signal emergency vehicle equipment,,,,,,,,,,,,,,,,,,,,,,,,lb,,,
micropulse-mounts-brackets,,,,,,,,,"BRKT KIT, MPSM6U, FPIU 2020,",,,,,,,,MPSM6U-FPIU20GCO,0.0,,0,continue,manual,32.00,,true,true,,,,,,https://cdn.shopify.com/s/files/1/0725/9330/9807/files/MPSMC-LBWN.jpg?v=1781074482,59,MicroPulse Mounts & Brackets - MPSMC-LBWN - Federal Signal emergency vehicle equipment,,,,,,,,,,,,,,,,,,,,,,,,lb,,,
micropulse-mounts-brackets,,,,,,,,,"KIT,WEDGE,MPS6U,20FPIU",,,,,,,,MPSM6U-FPIU20SMW,0.0,,0,continue,manual,21.00,,true,true,,,,,,https://cdn.shopify.com/s/files/1/0725/9330/9807/files/MPSMC-SBWN.jpg?v=1781074482,60,MicroPulse Mounts & Brackets - MPSMC-SBWN - Federal Signal emergency vehicle equipment,,,,,,,,,,,,,,,,,,,,,,,,lb,,,
micropulse-mounts-brackets,,,,,,,,,"WEDGE KIT,WHEEL WELL,20FPIU,4",,,,,,,,MPSM6U-FPIU20WW,0.0,,0,continue,manual,39.00,,true,true,,,,,,https://cdn.shopify.com/s/files/1/0725/9330/9807/files/MPSM-GRL4.jpg?v=1781074482,61,MicroPulse Mounts & Brackets - MPSM-GRL4 - Federal Signal emergency vehicle equipment,,,,,,,,,,,,,,,,,,,,,,,,lb,,,
micropulse-mounts-brackets,,,,,,,,,"BRACKET, HOOD MOUNT MPSM6U",,,,,,,,MPSM6U-HOOD,0.0,,0,continue,manual,57.00,,true,true,,,,,,https://cdn.shopify.com/s/files/1/0725/9330/9807/files/MPSM-LPH1.jpg?v=1781074482,62,MicroPulse Mounts & Brackets - MPSM-LPH1 - Federal Signal emergency vehicle equipment,,,,,,,,,,,,,,,,,,,,,,,,lb,,,
micropulse-mounts-brackets,,,,,,,,,"KIT, PYLON MOUNT, MPSU6",,,,,,,,MPSM6U-PLN,0.0,,0,continue,manual,14.00,,true,true,,,,,,https://cdn.shopify.com/s/files/1/0725/9330/9807/files/MPSMW9-CHGR11MIR.jpg?v=1781074482,63,MicroPulse Mounts & Brackets - MPSMW9-CHGR11MIR - Federal Signal emergency vehicle equipment,,,,,,,,,,,,,,,,,,,,,,,,lb,,,
micropulse-mounts-brackets,,,,,,,,,"WEDGE KIT, MPS600U ULTRA",,,,,,,,MPSM6U-SPACRKT,0.0,,0,continue,manual,33.00,,true,true,,,,,,https://cdn.shopify.com/s/files/1/0725/9330/9807/files/MPSMW9-DUR21MIRS.jpg?v=1781074482,64,MicroPulse Mounts & Brackets - MPSMW9-DUR21MIRS - Federal Signal emergency vehicle equipment,,,,,,,,,,,,,,,,,,,,,,,,lb,,,
micropulse-mounts-brackets,,,,,,,,,"KIT, 25 TAHOE, MPS6 GRLL BRKT",,,,,,,,MPSM6U-TAH25-6GRL,0.0,,0,continue,manual,153.00,,true,true,,,,,,https://cdn.shopify.com/s/files/1/0725/9330/9807/files/MPSMW9-EXP19MIR.jpg?v=1781074482,65,MicroPulse Mounts & Brackets - MPSMW9-EXP19MIR - Federal Signal emergency vehicle equipment,,,,,,,,,,,,,,,,,,,,,,,,lb,,,
micropulse-mounts-brackets,,,,,,,,,"BEZEL & SHROUD KIT,MPSM6U,",,,,,,,,MPSM6U-WIN,0.0,,0,continue,manual,78.00,,true,true,,,,,,https://cdn.shopify.com/s/files/1/0725/9330/9807/files/MPSMW9-FPIU20MIR.jpg?v=1781074482,66,MicroPulse Mounts & Brackets - MPSMW9-FPIU20MIR - Federal Signal emergency vehicle equipment,,,,,,,,,,,,,,,,,,,,,,,,lb,,,
micropulse-mounts-brackets,,,,,,,,,"DUAL HD. BEZEL & SHROUD KIT, - MPSM6U-WIN2",,,,,,,,MPSM6U-WIN2,0.0,,0,continue,manual,90.00,,true,true,,,,,,https://cdn.shopify.com/s/files/1/0725/9330/9807/files/MPSMW9-FPIU25MIRS.jpg?v=1781074482,67,MicroPulse Mounts & Brackets - MPSMW9-FPIU25MIRS - Federal Signal emergency vehicle equipment,,,,,,,,,,,,,,,,,,,,,,,,lb,,,
micropulse-mounts-brackets,,,,,,,,,BEZEL & SHROUD KIT - MPSM6U-WIN46-12,,,,,,,,MPSM6U-WIN46-12,0.0,,0,continue,manual,323.00,,true,true,,,,,,https://cdn.shopify.com/s/files/1/0725/9330/9807/files/MPSMW9-FRD21MIR.jpg?v=1781074482,68,MicroPulse Mounts & Brackets - MPSMW9-FRD21MIR - Federal Signal emergency vehicle equipment,,,,,,,,,,,,,,,,,,,,,,,,lb,,,
micropulse-mounts-brackets,,,,,,,,,BEZEL & SHROUD KIT - MPSM6U-WIN90-12,,,,,,,,MPSM6U-WIN90-12,0.0,,0,continue,manual,323.00,,true,true,,,,,,https://cdn.shopify.com/s/files/1/0725/9330/9807/files/MPSMW9-LB.jpg?v=1781074482,69,MicroPulse Mounts & Brackets - MPSMW9-LB - Federal Signal emergency vehicle equipment,,,,,,,,,,,,,,,,,,,,,,,,lb,,,
micropulse-mounts-brackets,,,,,,,,,"BRKT KIT, MPSC, L",,,,,,,,MPSMC-LBWN,0.0,,0,continue,manual,41.00,,true,true,,,,,,https://cdn.shopify.com/s/files/1/0725/9330/9807/files/MPSMW9-SHD.jpg?v=1781074482,70,MicroPulse Mounts & Brackets - MPSMW9-SHD - Federal Signal emergency vehicle equipment,,,,,,,,,,,,,,,,,,,,,,,,lb,,,
micropulse-mounts-brackets,,,,,,,,,"BRKT KIT, MPSC, SWIVEL",,,,,,,,MPSMC-SBWN,0.0,,0,continue,manual,53.00,,true,true,,,,,,https://cdn.shopify.com/s/files/1/0725/9330/9807/files/MPSMW9-SIL19MIR.jpg?v=1781074482,71,MicroPulse Mounts & Brackets - MPSMW9-SIL19MIR - Federal Signal emergency vehicle equipment,,,,,,,,,,,,,,,,,,,,,,,,lb,,,
micropulse-mounts-brackets,,,,,,,,,"KIT,BRKT,MPS GRILLE,24 MUST,ND",,,,,,,,MPSM-GRL4,0.0,,0,continue,manual,79.00,,true,true,,,,,,https://cdn.shopify.com/s/files/1/0725/9330/9807/files/MPSMW9-SPACRKT.jpg?v=1781074482,72,MicroPulse Mounts & Brackets - MPSMW9-SPACRKT - Federal Signal emergency vehicle equipment,,,,,,,,,,,,,,,,,,,,,,,,lb,,,
micropulse-mounts-brackets,,,,,,,,,"KIT, LIC PLT, MPS6U, MPS3U,",,,,,,,,MPSM-LPH1,0.0,,0,continue,manual,53.00,,true,true,,,,,,https://cdn.shopify.com/s/files/1/0725/9330/9807/files/MPSMW9-SPACRKT2.jpg?v=1781074482,73,MicroPulse Mounts & Brackets - MPSMW9-SPACRKT2 - Federal Signal emergency vehicle equipment,,,,,,,,,,,,,,,,,,,,,,,,lb,,,
micropulse-mounts-brackets,,,,,,,,,"CHROME BEZEL, MPSW9",,,,,,,,MPSMW9-1,0.0,,0,continue,manual,25.00,,true,true,,,,,,https://cdn.shopify.com/s/files/1/0725/9330/9807/files/MPSMW9S-UNIVMIR.jpg?v=1781074482,74,MicroPulse Mounts & Brackets - MPSMW9S-UNIVMIR - Federal Signal emergency vehicle equipment,,,,,,,,,,,,,,,,,,,,,,,,lb,,,
micropulse-mounts-brackets,,,,,,,,,"BEZEL KIT, WHITE MICROPULSE",,,,,,,,MPSMW9-2,0.0,,0,continue,manual,25.00,,true,true,,,,,,https://cdn.shopify.com/s/files/1/0725/9330/9807/files/MPSMW9-TAH21MIR.jpg?v=1781074482,75,MicroPulse Mounts & Brackets - MPSMW9-TAH21MIR - Federal Signal emergency vehicle equipment,,,,,,,,,,,,,,,,,,,,,,,,lb,,,
micropulse-mounts-brackets,,,,,,,,,"BEZEL KIT, BLACK MICROPULSE",,,,,,,,MPSMW9-3,0.0,,0,continue,manual,25.00,,true,true,,,,,,,,,,,,,,,,,,,,,,,,,,,,,,,,lb,,,
micropulse-mounts-brackets,,,,,,,,,"KIT,BRKT,MIRROR,11+ CHGR",,,,,,,,MPSMW9-CHGR11MIR,0.0,,0,continue,manual,72.00,,true,true,,,,,,,,,,,,,,,,,,,,,,,,,,,,,,,,lb,,,
micropulse-mounts-brackets,,,,,,,,,"KIT,BRKT,MIRROR,DUR21,MPSMW9",,,,,,,,MPSMW9-DUR21MIR,0.0,,0,continue,manual,46.00,,true,true,,,,,,,,,,,,,,,,,,,,,,,,,,,,,,,,lb,,,
micropulse-mounts-brackets,,,,,,,,,"KIT,BRKT,MIRROR,DUR21,MPSMW9 - MPSMW9-DUR21MIRS",,,,,,,,MPSMW9-DUR21MIRS,0.0,,0,continue,manual,46.00,,true,true,,,,,,,,,,,,,,,,,,,,,,,,,,,,,,,,lb,,,
micropulse-mounts-brackets,,,,,,,,,"KIT,BRKT,MIRROR,EXP19,MPSMW9",,,,,,,,MPSMW9-EXP19MIR,0.0,,0,continue,manual,67.00,,true,true,,,,,,,,,,,,,,,,,,,,,,,,,,,,,,,,lb,,,
micropulse-mounts-brackets,,,,,,,,,"KIT, BRKT,MPSW9 MIRROR,13FPIU",,,,,,,,MPSMW9-FPIU13MIR,0.0,,0,continue,manual,45.00,,true,true,,,,,,,,,,,,,,,,,,,,,,,,,,,,,,,,lb,,,
micropulse-mounts-brackets,,,,,,,,,"KIT,BRKT,MPSW9,MIRROR,20FPIU",,,,,,,,MPSMW9-FPIU20MIR,0.0,,0,continue,manual,46.00,,true,true,,,,,,,,,,,,,,,,,,,,,,,,,,,,,,,,lb,,,
micropulse-mounts-brackets,,,,,,,,,MPSW9 MIRROR BRACKETS,,,,,,,,MPSMW9-FPIU25MIR,0.0,,0,continue,manual,46.00,,true,true,,,,,,,,,,,,,,,,,,,,,,,,,,,,,,,,lb,,,
micropulse-mounts-brackets,,,,,,,,,MPSMW9 MIRROR BRACKETS FOR,,,,,,,,MPSMW9-FPIU25MIRS,0.0,,0,continue,manual,46.00,,true,true,,,,,,,,,,,,,,,,,,,,,,,,,,,,,,,,lb,,,
micropulse-mounts-brackets,,,,,,,,,"BRKT KIT,SIDE MIRRORS,MPSW9",,,,,,,,MPSMW9-FRD15MIR,0.0,,0,continue,manual,40.00,,true,true,,,,,,,,,,,,,,,,,,,,,,,,,,,,,,,,lb,,,
micropulse-mounts-brackets,,,,,,,,,"KIT,BRKT,MPSW9,MIRROR,21F150",,,,,,,,MPSMW9-FRD21MIR,0.0,,0,continue,manual,67.00,,true,true,,,,,,,,,,,,,,,,,,,,,,,,,,,,,,,,lb,,,
micropulse-mounts-brackets,,,,,,,,,"BRACKET KIT,MPSW9 WIDE ANGLE",,,,,,,,MPSMW9-LB,0.0,,0,continue,manual,22.00,,true,true,,,,,,,,,,,,,,,,,,,,,,,,,,,,,,,,lb,,,
micropulse-mounts-brackets,,,,,,,,,"KIT,TAILGATE BRKTS,POLARIS,MPS",,,,,,,,MPSMW9-POL1,0.0,,0,continue,manual,79.00,,true,true,,,,,,,,,,,,,,,,,,,,,,,,,,,,,,,,lb,,,
micropulse-mounts-brackets,,,,,,,,,"SHROUD BRKT KIT,MPS WIDE ANG.9",,,,,,,,MPSMW9-SHD,0.0,,0,continue,manual,50.00,,true,true,,,,,,,,,,,,,,,,,,,,,,,,,,,,,,,,lb,,,
micropulse-mounts-brackets,,,,,,,,,"KIT,BRKT,MPSW9,MIRROR,19SIL",,,,,,,,MPSMW9-SIL19MIR,0.0,,0,continue,manual,46.00,,true,true,,,,,,,,,,,,,,,,,,,,,,,,,,,,,,,,lb,,,
micropulse-mounts-brackets,,,,,,,,,"WEDGE KIT, MPSW9 WIDE ANGLE",,,,,,,,MPSMW9-SPACRKT,0.0,,0,continue,manual,37.00,,true,true,,,,,,,,,,,,,,,,,,,,,,,,,,,,,,,,lb,,,
micropulse-mounts-brackets,,,,,,,,,"WEDGE KIT, MPSW9 WIDE ANGLE - MPSMW9-SPACRKT2",,,,,,,,MPSMW9-SPACRKT2,0.0,,0,continue,manual,37.00,,true,true,,,,,,,,,,,,,,,,,,,,,,,,,,,,,,,,lb,,,
micropulse-mounts-brackets,,,,,,,,,"KIT, BRKT, MIRROR, UNIV,MPSMW9",,,,,,,,MPSMW9S-UNIVMIR,0.0,,0,continue,manual,46.00,,true,true,,,,,,,,,,,,,,,,,,,,,,,,,,,,,,,,lb,,,
micropulse-mounts-brackets,,,,,,,,,"KIT, BRKT, MIRROR, UNIV,MPSMW9 - MPSMW9S-UNIVMIR1",,,,,,,,MPSMW9S-UNIVMIR1,0.0,,0,continue,manual,54.00,,true,true,,,,,,,,,,,,,,,,,,,,,,,,,,,,,,,,lb,,,
micropulse-mounts-brackets,,,,,,,,,"KIT,BRKT,MPSW9,MIRROR,21TAH",,,,,,,,MPSMW9-TAH21MIR,0.0,,0,continue,manual,72.00,,true,true,,,,,,,,,,,,,,,,,,,,,,,,,,,,,,,,lb,,,
micropulse-mounts-brackets,,,,,,,,,"KIT, BRKT, MIRROR, UNIV,MPSMW9 - MPSMW9-UNIVMIR",,,,,,,,MPSMW9-UNIVMIR,0.0,,0,continue,manual,46.00,,true,true,,,,,,,,,,,,,,,,,,,,,,,,,,,,,,,,lb,,,
micropulse-mounts-brackets,,,,,,,,,"KIT, BRKT, MIRROR, UNIV,MPSMW9 - MPSMW9-UNIVMIR1",,,,,,,,MPSMW9-UNIVMIR1,0.0,,0,continue,manual,54.00,,true,true,,,,,,,,,,,,,,,,,,,,,,,,,,,,,,,,lb,,,
hook-brackets,Hook Brackets,"<h1>Federal Signal Hook Brackets</h1><p>Federal Signal hook brackets provide the vehicle-roof mounting interface for hook-on lightbars across the Navigator, Allegiant Max, Vision SLR, and compatible bar families. Available in standard and low-hook configurations, these brackets determine the final installed height and roof contact profile of the lightbar — getting the right bracket for your vehicle and bar combination is essential for a clean, secure installation.</p><h2>Why installers choose Federal Signal Hook Brackets</h2><ul>
<li>
<strong>Vehicle-specific profiles</strong> → hook brackets are engineered to match the roof contour of common patrol vehicles and apparatus, ensuring full contact and secure mounting without shimming or modification</li>
<li>
<strong>Standard and low-hook configurations</strong> → low-hook brackets reduce installed bar height on vehicles where aerodynamic profile and reduced wind noise are priorities</li>
<li>
<strong>Rated for lightbar load</strong> → brackets engineered to handle the weight and dynamic load of full-size lightbars at highway speeds and over rough terrain</li>
<li>
<strong>Corrosion-resistant finish</strong> → protected against rust and degradation from weather, wash-downs, and temperature cycling</li>
</ul><h2>Technical Specs</h2><table><tbody>
<tr>
<td>Configurations</td>
<td>Standard hook, Low hook</td>
</tr>
<tr>
<td>Compatibility</td>
<td>Navigator, Allegiant Max, Vision SLR, and compatible Federal Signal lightbars</td>
</tr>
<tr>
<td>Warranty</td>
<td>Federal Signal limited warranty</td>
</tr>
</tbody></table><p><em>Contact us with your lightbar model and vehicle platform to confirm the correct hook bracket configuration.</em></p><h2>Ordering from TFR Supply</h2><p>TFR Supply is an authorized Federal Signal dealer serving Texas law enforcement, fire, and EMS agencies. Every order ships direct to your location — no middleman, no inventory delays. Government and department accounts receive tax-exempt checkout and agency pricing. Need installation? Our sister company <a href=""https://www.tx1rs.com"">Texas First Response Services</a> provides professional upfit services across Texas. Create a department account or reach out directly to get started.</p>",Federal Signal,Vehicles & Parts > Vehicle Parts & Accessories > Motor Vehicle Parts > Motor Vehicle Lighting,Vehicle Lighting Accessories,"Brand_Federal Signal, Category_Emergency Vehicle Equipment, Federal Signal, Hook Brackets, Product_Mounting Kit, Use_Fleet Upfitting, Use_Law Enforcement, Use_Public Safety",false,Component,"KIT,HOOK,BRONCO SPORT,'21",,,,,,,,HKB-BCS21,0.0,,0,continue,manual,100.00,,true,true,,,,,,,,,false,Hook Brackets | Federal Signal,"Shop Federal Signal Hook Brackets for emergency vehicle upfitting, fleet builds, law enforcement, fire, EMS, and public safety vehicle applications.",3318,,,HKB-BCS21,new,FALSE,,,,,,"Shop Federal Signal Hook Brackets for emergency vehicle upfitting, fleet builds, law enforcement, fire, EMS, and public safety vehicle applications.",Hook Brackets | Federal Signal,new,FALSE,3318,,,,,lb,,,draft
hook-brackets,,,,,,,,,2024 BLAZER EV LIGHTBAR HOOK,,,,,,,,HKB-BLZR24,0.0,,0,continue,manual,100.00,,true,true,,,,,,,,,,,,,,,,,,,,,,,,,,,,,,,,lb,,,
hook-brackets,,,,,,,,,"KIT,HOOK,15-16 CHEVY COLORADO",,,,,,,,HKB-COL15,0.0,,0,continue,manual,100.00,,true,true,,,,,,,,,,,,,,,,,,,,,,,,,,,,,,,,lb,,,
hook-brackets,,,,,,,,,"KIT, HOOK 20 TOYOTA COROLLA",,,,,,,,HKB-COR20,0.0,,0,continue,manual,100.00,,true,true,,,,,,,,,,,,,,,,,,,,,,,,,,,,,,,,lb,,,
hook-brackets,,,,,,,,,"KIT,HOOK,2019 DODGE DURANGO,",,,,,,,,HKB-DUR11,0.0,,0,continue,manual,100.00,,true,true,,,,,,,,,,,,,,,,,,,,,,,,,,,,,,,,lb,,,
hook-brackets,,,,,,,,,DODGE DURANGO HOOK KIT,,,,,,,,HKB-DUR11B-HP,0.0,,0,continue,manual,100.00,,true,true,,,,,,,,,,,,,,,,,,,,,,,,,,,,,,,,lb,,,
hook-brackets,,,,,,,,,"KIT,HOOK,DUR11,PURSUIT",,,,,,,,HKB-DUR11-HP,0.0,,0,continue,manual,100.00,,true,true,,,,,,,,,,,,,,,,,,,,,,,,,,,,,,,,lb,,,
hook-brackets,,,,,,,,,"KIT HOOK,05DURANGO W/ROOF",,,,,,,,HKB-DURR,0.0,,0,continue,manual,100.00,,true,true,,,,,,,,,,,,,,,,,,,,,,,,,,,,,,,,lb,,,
hook-brackets,,,,,,,,,"KIT, HOOK 23 CHEVY EQUINOX",,,,,,,,HKB-EQX23,0.0,,0,continue,manual,100.00,,true,true,,,,,,,,,,,,,,,,,,,,,,,,,,,,,,,,lb,,,
hook-brackets,,,,,,,,,"KIT,HOOK,FORD ESCAPE,2020",,,,,,,,HKB-ESC20,0.0,,0,continue,manual,100.00,,true,true,,,,,,,,,,,,,,,,,,,,,,,,,,,,,,,,lb,,,
hook-brackets,,,,,,,,,"KIT, HOOK, EXPEDITION 22",,,,,,,,HKB-EXD22,0.0,,0,continue,manual,100.00,,true,true,,,,,,,,,,,,,,,,,,,,,,,,,,,,,,,,lb,,,
hook-brackets,,,,,,,,,"KIT HOOK,07 FORD HVY DTY",,,,,,,,HKB-FHD7,0.0,,0,continue,manual,100.00,,true,true,,,,,,,,,,,,,,,,,,,,,,,,,,,,,,,,lb,,,
hook-brackets,,,,,,,,,"KIT, HOOK,22 NISSAN FRONTIER",,,,,,,,HKB-FNTR,0.0,,0,continue,manual,100.00,,true,true,,,,,,,,,,,,,,,,,,,,,,,,,,,,,,,,lb,,,
hook-brackets,,,,,,,,,HOOK KIT FOR FPIU20,,,,,,,,HKB-FPIU20-44-HP,0.0,,0,continue,manual,100.00,,true,true,,,,,,,,,,,,,,,,,,,,,,,,,,,,,,,,lb,,,
hook-brackets,,,,,,,,,"KIT,HOOK,FPIU20,PURSUIT",,,,,,,,HKB-FPIU20-HP,0.0,,0,continue,manual,100.00,,true,true,,,,,,,,,,,,,,,,,,,,,,,,,,,,,,,,lb,,,
hook-brackets,,,,,,,,,"KIT,HOOK,FPIU20,LONG",,,,,,,,HKB-FPIU20-LONG,0.0,,0,continue,manual,100.00,,true,true,,,,,,,,,,,,,,,,,,,,,,,,,,,,,,,,lb,,,
hook-brackets,,,,,,,,,25 FPIU STAINLESS STEEL HOOK,,,,,,,,HKB-FPIU25-HP-SS,0.0,,0,continue,manual,100.00,,true,true,,,,,,,,,,,,,,,,,,,,,,,,,,,,,,,,lb,,,
hook-brackets,,,,,,,,,"KIT,HOOK,F150,PURSUIT,44"" BAR",,,,,,,,HKB-FRD15-44-HP,0.0,,0,continue,manual,100.00,,true,true,,,,,,,,,,,,,,,,,,,,,,,,,,,,,,,,lb,,,
hook-brackets,,,,,,,,,"KIT,HOOK,F150,PURSUITT",,,,,,,,HKB-FRD15-HP,0.0,,0,continue,manual,100.00,,true,true,,,,,,,,,,,,,,,,,,,,,,,,,,,,,,,,lb,,,
hook-brackets,,,,,,,,,"HOOK KIT,FORD F150,2009",,,,,,,,HKB-FRD9,0.0,,0,continue,manual,100.00,,true,true,,,,,,,,,,,,,,,,,,,,,,,,,,,,,,,,lb,,,
hook-brackets,,,,,,,,,"HOOK KIT, FREIGHTLINER M2",,,,,,,,HKB-FREIGHT-M2,0.0,,0,continue,manual,100.00,,true,true,,,,,,,,,,,,,,,,,,,,,,,,,,,,,,,,lb,,,
hook-brackets,,,,,,,,,"KIT,HOOK,JET & VISION,GUT",,,,,,,,HKB-GUTR,0.0,,0,continue,manual,100.00,,true,true,,,,,,,,,,,,,,,,,,,,,,,,,,,,,,,,lb,,,
hook-brackets,,,,,,,,,"KIT, HOOK 25 NISSAN KICKS",,,,,,,,HKB-KCK25,0.0,,0,continue,manual,100.00,,true,true,,,,,,,,,,,,,,,,,,,,,,,,,,,,,,,,lb,,,
hook-brackets,,,,,,,,,"KIT,HOOK,CHGR11,PURSUIT",,,,,,,,HKB-LPCHGR11-HP,0.0,,0,continue,manual,100.00,,true,true,,,,,,,,,,,,,,,,,,,,,,,,,,,,,,,,lb,,,
hook-brackets,,,,,,,,,"HOOK KIT,'07 MALIBU",,,,,,,,HKB-MAL7,0.0,,0,continue,manual,100.00,,true,true,,,,,,,,,,,,,,,,,,,,,,,,,,,,,,,,lb,,,
hook-brackets,,,,,,,,,"KIT,HOOK,FORD MAVERICK,2022",,,,,,,,HKB-MAV22,0.0,,0,continue,manual,100.00,,true,true,,,,,,,,,,,,,,,,,,,,,,,,,,,,,,,,lb,,,
hook-brackets,,,,,,,,,"KIT,HOOK,MUSTANG MACH-E,2021",,,,,,,,HKB-MME21,0.0,,0,continue,manual,100.00,,true,true,,,,,,,,,,,,,,,,,,,,,,,,,,,,,,,,lb,,,
hook-brackets,,,,,,,,,"KIT, HOOK 22 NISSAN PATHFINDER",,,,,,,,HKB-PTH22,0.0,,0,continue,manual,100.00,,true,true,,,,,,,,,,,,,,,,,,,,,,,,,,,,,,,,lb,,,
hook-brackets,,,,,,,,,"KIT,HOOK,19RAM 1500,GEN 5",,,,,,,,HKB-RAM19,0.0,,0,continue,manual,100.00,,true,true,,,,,,,,,,,,,,,,,,,,,,,,,,,,,,,,lb,,,
hook-brackets,,,,,,,,,"KIT,HOOK 23 TOYOTA RAV4",,,,,,,,HKB-RAV23,0.0,,0,continue,manual,100.00,,true,true,,,,,,,,,,,,,,,,,,,,,,,,,,,,,,,,lb,,,
hook-brackets,,,,,,,,,"KIT,HOOK 25 TOYOTA RAV4",,,,,,,,HKB-RAV25RR,0.0,,0,continue,manual,100.00,,true,true,,,,,,,,,,,,,,,,,,,,,,,,,,,,,,,,lb,,,
hook-brackets,,,,,,,,,"KIT,HOOK,FORD RANGER,2019",,,,,,,,HKB-RNG19,0.0,,0,continue,manual,100.00,,true,true,,,,,,,,,,,,,,,,,,,,,,,,,,,,,,,,lb,,,
hook-brackets,,,,,,,,,"KIT,HOOK 24 FORD RANGER",,,,,,,,HKB-RNGR24,0.0,,0,continue,manual,100.00,,true,true,,,,,,,,,,,,,,,,,,,,,,,,,,,,,,,,lb,,,
hook-brackets,,,,,,,,,"KIT,HOOK 23 NISSAN ROGUE",,,,,,,,HKB-ROG23,0.0,,0,continue,manual,100.00,,true,true,,,,,,,,,,,,,,,,,,,,,,,,,,,,,,,,lb,,,
hook-brackets,,,,,,,,,"KIT HOOK,2000 GM SAVANNA",,,,,,,,HKB-SAV,0.0,,0,continue,manual,100.00,,true,true,,,,,,,,,,,,,,,,,,,,,,,,,,,,,,,,lb,,,
hook-brackets,,,,,,,,,"HOOK KIT,17 CHEVY SILVERADO",,,,,,,,HKB-SIL17,0.0,,0,continue,manual,100.00,,true,true,,,,,,,,,,,,,,,,,,,,,,,,,,,,,,,,lb,,,
hook-brackets,,,,,,,,,"KIT,HOOK 24 TOYOTA TACOMA",,,,,,,,HKB-TAC24,0.0,,0,continue,manual,100.00,,true,true,,,,,,,,,,,,,,,,,,,,,,,,,,,,,,,,lb,,,
hook-brackets,,,,,,,,,"KIT,HOOK,PURSUIT,CHEVY TAHOE,",,,,,,,,HKB-TAH21-44-HP,0.0,,0,continue,manual,100.00,,true,true,,,,,,,,,,,,,,,,,,,,,,,,,,,,,,,,lb,,,
hook-brackets,,,,,,,,,"KIT,HOOK,PURSUIT,CHEVY TAHOE, - HKB-TAH21-HP",,,,,,,,HKB-TAH21-HP,0.0,,0,continue,manual,100.00,,true,true,,,,,,,,,,,,,,,,,,,,,,,,,,,,,,,,lb,,,
hook-brackets,,,,,,,,,LIGHTBAR HOOK KIT FOR HILUX,,,,,,,,HKB-THX23,0.0,,0,continue,manual,100.00,,true,true,,,,,,,,,,,,,,,,,,,,,,,,,,,,,,,,lb,,,
hook-brackets,,,,,,,,,"KIT, HOOK, TRAV22",,,,,,,,HKB-TRAV22,0.0,,0,continue,manual,100.00,,true,true,,,,,,,,,,,,,,,,,,,,,,,,,,,,,,,,lb,,,
hook-brackets,,,,,,,,,"KIT,HOOK 23 NISSAN TITAN",,,,,,,,HKB-TTN23,0.0,,0,continue,manual,100.00,,true,true,,,,,,,,,,,,,,,,,,,,,,,,,,,,,,,,lb,,,
hook-brackets,,,,,,,,,"KIT,HOOK,UNIVERSAL 1",,,,,,,,HKB-UNH1,0.0,,0,continue,manual,100.00,,true,true,,,,,,,,,,,,,,,,,,,,,,,,,,,,,,,,lb,,,
hook-brackets,,,,,,,,,"KIT,HOOK,UNIVERSAL 2",,,,,,,,HKB-UNH2,0.0,,0,continue,manual,100.00,,true,true,,,,,,,,,,,,,,,,,,,,,,,,,,,,,,,,lb,,,
hook-brackets,,,,,,,,,"KIT,HOOK,UNIVERSAL 3",,,,,,,,HKB-UNH3,0.0,,0,continue,manual,100.00,,true,true,,,,,,,,,,,,,,,,,,,,,,,,,,,,,,,,lb,,,
hook-brackets,,,,,,,,,"KIT,HOOK,UNIVERSAL 4",,,,,,,,HKB-UNH4,0.0,,0,continue,manual,100.00,,true,true,,,,,,,,,,,,,,,,,,,,,,,,,,,,,,,,lb,,,
hook-brackets,,,,,,,,,"KIT,HOOK,UNIVERSAL 5",,,,,,,,HKB-UNH5,0.0,,0,continue,manual,100.00,,true,true,,,,,,,,,,,,,,,,,,,,,,,,,,,,,,,,lb,,,
hook-brackets,,,,,,,,,"KIT,HOOK,UNIVERSAL 6",,,,,,,,HKB-UNH6,0.0,,0,continue,manual,100.00,,true,true,,,,,,,,,,,,,,,,,,,,,,,,,,,,,,,,lb,,,
siren-speaker-mounting-brackets,Siren Speaker Mounting Brackets,"<h1>Federal Signal Siren Speaker Mounting Brackets</h1><p>Federal Signal siren speaker mounting brackets position your ES100C, AS124, BP200, TS100-N, and compatible siren speakers in the optimal forward-facing location for maximum sound projection and SAE J1849 compliance. Vehicle-specific brackets for the most common patrol and apparatus platforms eliminate fabrication and ensure a professional, serviceable installation.</p><h2>Why departments choose Federal Signal Speaker Brackets</h2><ul>
<li>
<strong>SAE J1849-optimized positioning</strong> → brackets place speakers as far forward on the vehicle as possible, matching SAE recommended practice for emergency vehicle siren placement</li>
<li>
<strong>Push bumper integration</strong> → brackets designed for DFC Series push bumper center bar mounting provide the cleanest, most protected speaker position on patrol vehicles</li>
<li>
<strong>Grille and bumper options</strong> → multiple mounting locations available for vehicles where push bumper mounting isn't applicable</li>
<li>
<strong>Dual-speaker configurations</strong> → brackets available for side-by-side dual-speaker mounting on high-output systems running two 100W speakers</li>
<li>
<strong>Serviceable design</strong> → speaker can be removed and reinstalled without disturbing surrounding equipment or vehicle bodywork</li>
</ul><h2>Technical Specs</h2><table><tbody>
<tr>
<td>Compatibility</td>
<td>ES100C, AS124, BP200, TS100-N and compatible Federal Signal speakers</td>
</tr>
<tr>
<td>Warranty</td>
<td>Federal Signal limited warranty</td>
</tr>
</tbody></table><p><em>Contact us with your speaker model and vehicle platform to confirm the correct bracket.</em></p><h2>Ordering from TFR Supply</h2><p>TFR Supply is an authorized Federal Signal dealer serving Texas law enforcement, fire, and EMS agencies. Every order ships direct to your location — no middleman, no inventory delays. Government and department accounts receive tax-exempt checkout and agency pricing. Need installation? Our sister company <a href=""https://www.tx1rs.com"">Texas First Response Services</a> provides professional upfit services across Texas. Create a department account or reach out directly to get started.</p>",Federal Signal,Vehicles & Parts > Vehicle Parts & Accessories > Motor Vehicle Parts > Motor Vehicle Lighting,Vehicle Lighting Accessories,"Application_Fire EMS, Application_Law Enforcement, Brackets, Brand_Federal Signal, Category_Accessories, Category_Emergency Vehicle Equipment, Federal Signal, Fire EMS, Law Enforcement, Mounting, Product_Mounting Kit, Product_Siren Speaker, Use_Fleet Upfitting, Use_Law Enforcement, Use_Public Safety",false,Model,ESFMT,,Vehicle/Application,Universal Flush Mount,,,,,ESFMT,0.0,,0,continue,manual,107.00,,true,true,,,,,,https://cdn.shopify.com/s/files/1/0725/9330/9807/files/ESB2-FPIU20NDB.jpg?v=1781074482,1,Siren Speaker Mounting Brackets - ESB2-FPIU20NDB - Federal Signal emergency vehicle equipment,false,Siren Speaker Mounting Brackets | Federal Signal | TFRSupply,Siren Speaker Mounting Brackets — Federal Signal authorized dealer. Shop TFRSupply for law enforcement and fire apparatus equipment.,3318,,,ESFMT,new,FALSE,,,,,,Siren Speaker Mounting Brackets — Federal Signal authorized dealer. Shop TFRSupply for law enforcement and fire apparatus equipment.,Siren Speaker Mounting Brackets | Federal Signal | TFRSupply,new,FALSE,3318,,,,,lb,,,draft
siren-speaker-mounting-brackets,,,,,,,,,ESFMT-EF,,,Universal Flush Mount EF,,,,,ESFMT-EF,0.0,,0,continue,manual,95.00,,true,true,,,,,,https://cdn.shopify.com/s/files/1/0725/9330/9807/files/ESB-FPIU25NDB.jpg?v=1781074481,2,Siren Speaker Mounting Brackets - ESB-FPIU25NDB - Federal Signal emergency vehicle equipment,,,,,,,,,,,,,,,,,,,,,,,,lb,,,
siren-speaker-mounting-brackets,,,,,,,,,ESFMT-EFB,,,Universal Flush Mount EF Black,,,,,ESFMT-EFB,0.0,,0,continue,manual,97.00,,true,true,,,,,,https://cdn.shopify.com/s/files/1/0725/9330/9807/files/ESB2-FPIU25NDB.jpg?v=1781074481,3,Siren Speaker Mounting Brackets - ESB2-FPIU25NDB - Federal Signal emergency vehicle equipment,,,,,,,,,,,,,,,,,,,,,,,,lb,,,
siren-speaker-mounting-brackets,,,,,,,,,ESFMT-LL,,,Universal Flush Mount LL,,,,,ESFMT-LL,0.0,,0,continue,manual,95.00,,true,true,,,,,,https://cdn.shopify.com/s/files/1/0725/9330/9807/files/750501-09.jpg?v=1781074481,4,Siren Speaker Mounting Brackets - 750501-09 - Federal Signal emergency vehicle equipment,,,,,,,,,,,,,,,,,,,,,,,,lb,,,
siren-speaker-mounting-brackets,,,,,,,,,ESB-U,,,Universal Bail Mount,,,,,ESB-U,0.0,,0,continue,manual,55.00,,true,true,,,,,,https://cdn.shopify.com/s/files/1/0725/9330/9807/files/750501-13.jpg?v=1781074481,5,Siren Speaker Mounting Brackets - 750501-13 - Federal Signal emergency vehicle equipment,,,,,,,,,,,,,,,,,,,,,,,,lb,,,
siren-speaker-mounting-brackets,,,,,,,,,ESBMT-SB,,,Universal Bumper Mount,,,,,ESBMT-SB,0.0,,0,continue,manual,72.00,,true,true,,,,,,,,,,,,,,,,,,,,,,,,,,,,,,,,lb,,,
siren-speaker-mounting-brackets,,,,,,,,,ESB-L,,,Universal L Bracket,,,,,ESB-L,0.0,,0,continue,manual,55.00,,true,true,,,,,,,,,,,,,,,,,,,,,,,,,,,,,,,,lb,,,
siren-speaker-mounting-brackets,,,,,,,,,ESB-12FHDC,,,Ford HD 2012 Center,,,,,ESB-12FHDC,0.0,,0,continue,manual,76.00,,true,true,,,,,,,,,,,,,,,,,,,,,,,,,,,,,,,,lb,,,
siren-speaker-mounting-brackets,,,,,,,,,ESB-CHGR15,,,Charger 2015,,,,,ESB-CHGR15,0.0,,0,continue,manual,55.00,,true,true,,,,,,,,,,,,,,,,,,,,,,,,,,,,,,,,lb,,,
siren-speaker-mounting-brackets,,,,,,,,,ESB-CHGR15ND,,,Charger 2015 No-Drill,,,,,ESB-CHGR15ND,0.0,,0,continue,manual,55.00,,true,true,,,,,,,,,,,,,,,,,,,,,,,,,,,,,,,,lb,,,
siren-speaker-mounting-brackets,,,,,,,,,ESB-DUR15,,,Durango 2015,,,,,ESB-DUR15,0.0,,0,continue,manual,55.00,,true,true,,,,,,,,,,,,,,,,,,,,,,,,,,,,,,,,lb,,,
siren-speaker-mounting-brackets,,,,,,,,,ESBL2-DUR21ND,,,Durango 2021 Dual No-Drill,,,,,ESBL2-DUR21ND,0.0,,0,continue,manual,97.00,,true,true,,,,,,,,,,,,,,,,,,,,,,,,,,,,,,,,lb,,,
siren-speaker-mounting-brackets,,,,,,,,,ESB-EXP07,,,Expedition 2007-08,,,,,ESB-EXP07,0.0,,0,continue,manual,64.00,,true,true,,,,,,,,,,,,,,,,,,,,,,,,,,,,,,,,lb,,,
siren-speaker-mounting-brackets,,,,,,,,,ESB-FPIUND,,,FPIU No-Drill,,,,,ESB-FPIUND,0.0,,0,continue,manual,64.00,,true,true,,,,,,,,,,,,,,,,,,,,,,,,,,,,,,,,lb,,,
siren-speaker-mounting-brackets,,,,,,,,,ESB-FPIU20NDB,,,FPIU 2020 Single,,,,,ESB-FPIU20NDB,0.0,,0,continue,manual,76.00,,true,true,,,,,,,,,,,,,,,,,,,,,,,,,,,,,,,,lb,,,
siren-speaker-mounting-brackets,,,,,,,,,ESB2-FPIU20NDB,,,FPIU 2020 Dual,,,,,ESB2-FPIU20NDB,0.0,,0,continue,manual,122.00,,true,true,,,,,,,,,,,,,,,,,,,,,,,,,,,,,,,,lb,,,
siren-speaker-mounting-brackets,,,,,,,,,ESBL-FPIU20,,,FPIU 2020 w/Lights,,,,,ESBL-FPIU20,0.0,,0,continue,manual,55.00,,true,true,,,,,,,,,,,,,,,,,,,,,,,,,,,,,,,,lb,,,
siren-speaker-mounting-brackets,,,,,,,,,ESBL-FPIU25,,,FPIU 2025 w/Lights,,,,,ESBL-FPIU25,0.0,,0,continue,manual,82.00,,true,true,,,,,,,,,,,,,,,,,,,,,,,,,,,,,,,,lb,,,
siren-speaker-mounting-brackets,,,,,,,,,ESB-FPIU25NDB,,,FPIU 2025 Single,,,,,ESB-FPIU25NDB,0.0,,0,continue,manual,76.00,,true,true,,,,,,,,,,,,,,,,,,,,,,,,,,,,,,,,lb,,,
siren-speaker-mounting-brackets,,,,,,,,,ESB2-FPIU25ND,,,FPIU 2025 Dual,,,,,ESB2-FPIU25ND,0.0,,0,continue,manual,122.00,,true,true,,,,,,,,,,,,,,,,,,,,,,,,,,,,,,,,lb,,,
siren-speaker-mounting-brackets,,,,,,,,,ESB2-FPIU25NDB,,,FPIU 2025 Dual Alt,,,,,ESB2-FPIU25NDB,0.0,,0,continue,manual,122.00,,true,true,,,,,,,,,,,,,,,,,,,,,,,,,,,,,,,,lb,,,
siren-speaker-mounting-brackets,,,,,,,,,ESB-FRD15,,,F-150 2015,,,,,ESB-FRD15,0.0,,0,continue,manual,64.00,,true,true,,,,,,,,,,,,,,,,,,,,,,,,,,,,,,,,lb,,,
siren-speaker-mounting-brackets,,,,,,,,,ESB2-FRD21ND,,,F-150 2021 Dual No-Drill,,,,,ESB2-FRD21ND,0.0,,0,continue,manual,97.00,,true,true,,,,,,,,,,,,,,,,,,,,,,,,,,,,,,,,lb,,,
siren-speaker-mounting-brackets,,,,,,,,,ESB-FRDL22ND,,,F-150 Lightning 2022 Single,,,,,ESB-FRDL22ND,0.0,,0,continue,manual,55.00,,true,true,,,,,,,,,,,,,,,,,,,,,,,,,,,,,,,,lb,,,
siren-speaker-mounting-brackets,,,,,,,,,ESB2-FRDL22ND,,,F-150 Lightning 2022 Dual,,,,,ESB2-FRDL22ND,0.0,,0,continue,manual,65.00,,true,true,,,,,,,,,,,,,,,,,,,,,,,,,,,,,,,,lb,,,
siren-speaker-mounting-brackets,,,,,,,,,ESB-FTRANS-P,,,Ford Transit 2015-18,,,,,ESB-FTRANS-P,0.0,,0,continue,manual,178.00,,true,true,,,,,,,,,,,,,,,,,,,,,,,,,,,,,,,,lb,,,
siren-speaker-mounting-brackets,,,,,,,,,ESB-MUST19,,,Mustang 2019 Dual,,,,,ESB-MUST19,0.0,,0,continue,manual,97.00,,true,true,,,,,,,,,,,,,,,,,,,,,,,,,,,,,,,,lb,,,
siren-speaker-mounting-brackets,,,,,,,,,ESB-MUST24ND,,,Mustang 2024 No-Drill,,,,,ESB-MUST24ND,0.0,,0,continue,manual,55.00,,true,true,,,,,,,,,,,,,,,,,,,,,,,,,,,,,,,,lb,,,
siren-speaker-mounting-brackets,,,,,,,,,ESBL2-MUST24ND,,,Mustang 2024 Dual w/Lights,,,,,ESBL2-MUST24ND,0.0,,0,continue,manual,167.00,,true,true,,,,,,,,,,,,,,,,,,,,,,,,,,,,,,,,lb,,,
siren-speaker-mounting-brackets,,,,,,,,,ESBL-RAM16,,,Ram 2016 w/Lights,,,,,ESBL-RAM16,0.0,,0,continue,manual,55.00,,true,true,,,,,,,,,,,,,,,,,,,,,,,,,,,,,,,,lb,,,
siren-speaker-mounting-brackets,,,,,,,,,ESBL-SIL17ND,,,Silverado 2017 No-Drill,,,,,ESBL-SIL17ND,0.0,,0,continue,manual,79.00,,true,true,,,,,,,,,,,,,,,,,,,,,,,,,,,,,,,,lb,,,
siren-speaker-mounting-brackets,,,,,,,,,ESBL2-SIL19ND,,,Silverado 2019 Dual No-Drill,,,,,ESBL2-SIL19ND,0.0,,0,continue,manual,97.00,,true,true,,,,,,,,,,,,,,,,,,,,,,,,,,,,,,,,lb,,,
siren-speaker-mounting-brackets,,,,,,,,,ESBL2-SIL22ND,,,Silverado 2022 Dual No-Drill,,,,,ESBL2-SIL22ND,0.0,,0,continue,manual,110.00,,true,true,,,,,,,,,,,,,,,,,,,,,,,,,,,,,,,,lb,,,
siren-speaker-mounting-brackets,,,,,,,,,ESB-SPRNTR19-D,,,Sprinter 2019 Driver,,,,,ESB-SPRNTR19-D,0.0,,0,continue,manual,225.00,,true,true,,,,,,,,,,,,,,,,,,,,,,,,,,,,,,,,lb,,,
siren-speaker-mounting-brackets,,,,,,,,,ESB-SPRNTR19-P,,,Sprinter 2019 Passenger,,,,,ESB-SPRNTR19-P,0.0,,0,continue,manual,225.00,,true,true,,,,,,,,,,,,,,,,,,,,,,,,,,,,,,,,lb,,,
siren-speaker-mounting-brackets,,,,,,,,,ESB-TAH15,,,Tahoe 2015,,,,,ESB-TAH15,0.0,,0,continue,manual,55.00,,true,true,,,,,,,,,,,,,,,,,,,,,,,,,,,,,,,,lb,,,
siren-speaker-mounting-brackets,,,,,,,,,ESBL-TAH17ND,,,Tahoe 2017 No-Drill,,,,,ESBL-TAH17ND,0.0,,0,continue,manual,64.00,,true,true,,,,,,,,,,,,,,,,,,,,,,,,,,,,,,,,lb,,,
siren-speaker-mounting-brackets,,,,,,,,,ESB2-TAH21ND,,,Tahoe 2021 Dual No-Drill,,,,,ESB2-TAH21ND,0.0,,0,continue,manual,110.00,,true,true,,,,,,,,,,,,,,,,,,,,,,,,,,,,,,,,lb,,,
siren-speaker-mounting-brackets,,,,,,,,,ESBL2-TAH21ND,,,Tahoe 2021 Dual w/Lights,,,,,ESBL2-TAH21ND,0.0,,0,continue,manual,161.00,,true,true,,,,,,,,,,,,,,,,,,,,,,,,,,,,,,,,lb,,,
siren-speaker-mounting-brackets,,,,,,,,,ESB2-TAH25ND,,,Tahoe 2025 Dual No-Drill,,,,,ESB2-TAH25ND,0.0,,0,continue,manual,110.00,,true,true,,,,,,,,,,,,,,,,,,,,,,,,,,,,,,,,lb,,,
siren-speaker-mounting-brackets,,,,,,,,,ESBL2-TAH25ND,,,Tahoe 2025 Dual w/Lights,,,,,ESBL2-TAH25ND,0.0,,0,continue,manual,161.00,,true,true,,,,,,,,,,,,,,,,,,,,,,,,,,,,,,,,lb,,,
siren-speaker-mounting-brackets,,,,,,,,,ESB2-CHGR15,,,Charger 2015 Dual,,,,,ESB2-CHGR15,0.0,,0,continue,manual,97.00,,true,true,,,,,,,,,,,,,,,,,,,,,,,,,,,,,,,,lb,,,
siren-speaker-mounting-brackets,,,,,,,,,750501-07,,,AS124 Vertical Mount,,,,,750501-07,0.0,,0,continue,manual,64.00,,true,true,,,,,,,,,,,,,,,,,,,,,,,,,,,,,,,,lb,,,
siren-speaker-mounting-brackets,,,,,,,,,750501-08,,,AS124 Durango 2015,,,,,750501-08,0.0,,0,continue,manual,64.00,,true,true,,,,,,,,,,,,,,,,,,,,,,,,,,,,,,,,lb,,,
siren-speaker-mounting-brackets,,,,,,,,,750501-09,,,AS124 Charger 2015,,,,,750501-09,0.0,,0,continue,manual,64.00,,true,true,,,,,,,,,,,,,,,,,,,,,,,,,,,,,,,,lb,,,
siren-speaker-mounting-brackets,,,,,,,,,750501-13,,,AS124 Tahoe 2025,,,,,750501-13,0.0,,0,continue,manual,64.00,,true,true,,,,,,,,,,,,,,,,,,,,,,,,,,,,,,,,lb,,,
xstream-warning-lights,Xstream Warning Lights,"<h1>Federal Signal Xstream® Warning Lights</h1><p>Federal Signal's Xstream® warning lights deliver high-intensity LED warning output in a compact, surface-mount format for grille, bumper, mirror, and body-mounted positions across patrol vehicles, fire apparatus, and EMS units. The Xstream series offers single and multi-color configurations to complement any existing warning system or serve as the primary perimeter lighting package.</p><h2>Why departments choose Xstream Warning Lights</h2><ul>
<li>
<strong>High-intensity LED output</strong> → Xstream lights deliver Class 1 warning output from a compact housing, maximizing warning effectiveness at grille and bumper positions where space is limited</li>
<li>
<strong>Multiple color configurations</strong> → available in Red, Blue, Amber, White, and combination colors to match jurisdictional requirements across law enforcement, fire, and EMS applications</li>
<li>
<strong>Surface mount design</strong> → low-profile housing mounts flush to vehicle surfaces without protruding hardware that catches debris or reduces aerodynamics</li>
<li>
<strong>FSJoin compatible</strong> → synchronizes with other Federal Signal warning lights and lightbars via the FS Convergence Network for unified flash pattern control across the vehicle</li>
<li>
<strong>Built for field conditions</strong> → sealed, IP-rated housing withstands rain, vibration, temperature extremes, and pressure wash-down</li>
</ul><h2>Technical Specs</h2><table><tbody>
<tr>
<td>Input Voltage</td>
<td>12/24 VDC</td>
</tr>
<tr>
<td>Certifications</td>
<td>SAE J845 Class 1</td>
</tr>
<tr>
<td>Warranty</td>
<td>Federal Signal limited warranty</td>
</tr>
</tbody></table><p><em>Contact us or log into your department account to confirm color configurations and SKUs for your application.</em></p><h2>Ordering from TFR Supply</h2><p>TFR Supply is an authorized Federal Signal dealer serving Texas law enforcement, fire, and EMS agencies. Every order ships direct to your location — no middleman, no inventory delays. Government and department accounts receive tax-exempt checkout and agency pricing. Need installation? Our sister company <a href=""https://www.tx1rs.com"">Texas First Response Services</a> provides professional upfit services across Texas. Create a department account or reach out directly to get started.</p>",Federal Signal,Vehicles & Parts > Vehicle Parts & Accessories > Motor Vehicle Parts > Motor Vehicle Lighting,Emergency Vehicle Warning Lights,"Brand_Federal Signal, Category_Emergency Vehicle Equipment, Federal Signal, Use_Fleet Upfitting, Use_Law Enforcement, Use_Public Safety, Xstream Warning Lights",true,SKU,XSM1-BRA-US,,,,,,,,XSM1-BRA-US,0.0,,0,continue,manual,216.00,,true,true,,,,,,https://cdn.shopify.com/s/files/1/0725/9330/9807/files/xstream-interior-warning-light-XSM1-RWA-US-XSM1-BRW-US-XSM1.png?v=1781535532,1,Xstream™ Warning Lights product image for TFR Supply emergency vehicle upfitting,false,Xstream Warning Lights | Federal Signal,"Shop Federal Signal Xstream Warning Lights for emergency vehicle upfitting, fleet builds, law enforcement, fire, EMS, and public safety vehicle applications.",3318,,,XSM1-BRA-US,new,FALSE,,,,,,"Shop Federal Signal Xstream Warning Lights for emergency vehicle upfitting, fleet builds, law enforcement, fire, EMS, and public safety vehicle applications.",Xstream Warning Lights | Federal Signal,new,FALSE,3318,,,,,lb,,,active
xstream-warning-lights,,,,,,,,,XSM1-BRW-US,,,,,,,,XSM1-BRW-US,0.0,,0,continue,manual,216.00,,true,true,,,,,,https://cdn.shopify.com/s/files/1/0725/9330/9807/files/xstream-interior-warning-light-XSM1-BWA-US-XSM1-BRW-US-XSM1.webp?v=1781535538,2,Xstream™ Warning Lights product image for TFR Supply emergency vehicle upfitting,,,,,,,,,,,,,,,,,,,,,,,,lb,,,
xstream-warning-lights,,,,,,,,,XSM1-BWA-US,,,,,,,,XSM1-BWA-US,0.0,,0,continue,manual,216.00,,true,true,,,,,,,,,,,,,,,,,,,,,,,,,,,,,,,,lb,,,
xstream-warning-lights,,,,,,,,,XSM1C-BWA-US,,,,,,,,XSM1C-BWA-US,0.0,,0,continue,manual,216.00,,true,true,,,,,,,,,,,,,,,,,,,,,,,,,,,,,,,,lb,,,
xstream-warning-lights,,,,,,,,,XSM1C-RWA-US,,,,,,,,XSM1C-RWA-US,0.0,,0,continue,manual,216.00,,true,true,,,,,,,,,,,,,,,,,,,,,,,,,,,,,,,,lb,,,
xstream-warning-lights,,,,,,,,,XSM1C-WAG-US,,,,,,,,XSM1C-WAG-US,0.0,,0,continue,manual,216.00,,true,true,,,,,,,,,,,,,,,,,,,,,,,,,,,,,,,,lb,,,
xstream-warning-lights,,,,,,,,,XSM1-RWA-US,,,,,,,,XSM1-RWA-US,0.0,,0,continue,manual,216.00,,true,true,,,,,,,,,,,,,,,,,,,,,,,,,,,,,,,,lb,,,
xstream-warning-lights,,,,,,,,,XSM1-WAG-US,,,,,,,,XSM1-WAG-US,0.0,,0,continue,manual,216.00,,true,true,,,,,,,,,,,,,,,,,,,,,,,,,,,,,,,,lb,,,
xstream-warning-lights,,,,,,,,,XSM1X-BRA-US,,,,,,,,XSM1X-BRA-US,0.0,,0,continue,manual,216.00,,true,true,,,,,,,,,,,,,,,,,,,,,,,,,,,,,,,,lb,,,
xstream-warning-lights,,,,,,,,,XSM1X-BRW-US,,,,,,,,XSM1X-BRW-US,0.0,,0,continue,manual,216.00,,true,true,,,,,,,,,,,,,,,,,,,,,,,,,,,,,,,,lb,,,
xstream-warning-lights,,,,,,,,,XSM1X-BWA-US,,,,,,,,XSM1X-BWA-US,0.0,,0,continue,manual,216.00,,true,true,,,,,,,,,,,,,,,,,,,,,,,,,,,,,,,,lb,,,
xstream-warning-lights,,,,,,,,,XSM1X-RWA-US,,,,,,,,XSM1X-RWA-US,0.0,,0,continue,manual,216.00,,true,true,,,,,,,,,,,,,,,,,,,,,,,,,,,,,,,,lb,,,
xstream-warning-lights,,,,,,,,,XSM1X-WAG-US,,,,,,,,XSM1X-WAG-US,0.0,,0,continue,manual,216.00,,true,true,,,,,,,,,,,,,,,,,,,,,,,,,,,,,,,,lb,,,
xstream-warning-lights,,,,,,,,,XSM2-BRA-US,,,,,,,,XSM2-BRA-US,0.0,,0,continue,manual,565.00,,true,true,,,,,,,,,,,,,,,,,,,,,,,,,,,,,,,,lb,,,
xstream-warning-lights,,,,,,,,,XSM2-BRW-US,,,,,,,,XSM2-BRW-US,0.0,,0,continue,manual,565.00,,true,true,,,,,,,,,,,,,,,,,,,,,,,,,,,,,,,,lb,,,
xstream-warning-lights,,,,,,,,,XSM2-BWA-US,,,,,,,,XSM2-BWA-US,0.0,,0,continue,manual,565.00,,true,true,,,,,,,,,,,,,,,,,,,,,,,,,,,,,,,,lb,,,
xstream-warning-lights,,,,,,,,,XSM2C-BRW-US,,,,,,,,XSM2C-BRW-US,0.0,,0,continue,manual,565.00,,true,true,,,,,,,,,,,,,,,,,,,,,,,,,,,,,,,,lb,,,
xstream-warning-lights,,,,,,,,,XSM2-RWA-US,,,,,,,,XSM2-RWA-US,0.0,,0,continue,manual,565.00,,true,true,,,,,,,,,,,,,,,,,,,,,,,,,,,,,,,,lb,,,
xstream-warning-lights,,,,,,,,,XSM2-WAG-US,,,,,,,,XSM2-WAG-US,0.0,,0,continue,manual,565.00,,true,true,,,,,,,,,,,,,,,,,,,,,,,,,,,,,,,,lb,,,
xstream-warning-lights,,,,,,,,,XSM2X-BRA-US,,,,,,,,XSM2X-BRA-US,0.0,,0,continue,manual,565.00,,true,true,,,,,,,,,,,,,,,,,,,,,,,,,,,,,,,,lb,,,
xstream-warning-lights,,,,,,,,,XSM2X-BRW-US,,,,,,,,XSM2X-BRW-US,0.0,,0,continue,manual,565.00,,true,true,,,,,,,,,,,,,,,,,,,,,,,,,,,,,,,,lb,,,
xstream-warning-lights,,,,,,,,,XSM2X-BWA-US,,,,,,,,XSM2X-BWA-US,0.0,,0,continue,manual,565.00,,true,true,,,,,,,,,,,,,,,,,,,,,,,,,,,,,,,,lb,,,
xstream-warning-lights,,,,,,,,,XSM2X-RWA-US,,,,,,,,XSM2X-RWA-US,0.0,,0,continue,manual,565.00,,true,true,,,,,,,,,,,,,,,,,,,,,,,,,,,,,,,,lb,,,
xstream-warning-lights,,,,,,,,,XSM2X-WAG-US,,,,,,,,XSM2X-WAG-US,0.0,,0,continue,manual,565.00,,true,true,,,,,,,,,,,,,,,,,,,,,,,,,,,,,,,,lb,,,
xstream-warning-lights,,,,,,,,,XSMBKT01,,,,,,,,XSMBKT01,0.0,,0,continue,manual,38.00,,true,true,,,,,,,,,,,,,,,,,,,,,,,,,,,,,,,,lb,,,
xstream-warning-lights,,,,,,,,,XSMBKT02,,,,,,,,XSMBKT02,0.0,,0,continue,manual,60.00,,true,true,,,,,,,,,,,,,,,,,,,,,,,,,,,,,,,,lb,,,
xstream-warning-lights,,,,,,,,,XSMBKT03,,,,,,,,XSMBKT03,0.0,,0,continue,manual,28.00,,true,true,,,,,,,,,,,,,,,,,,,,,,,,,,,,,,,,lb,,,
xstream-warning-lights,,,,,,,,,XSMBKT10,,,,,,,,XSMBKT10,0.0,,0,continue,manual,111.00,,true,true,,,,,,,,,,,,,,,,,,,,,,,,,,,,,,,,lb,,,
xstream-warning-lights,,,,,,,,,XSMBKT11,,,,,,,,XSMBKT11,0.0,,0,continue,manual,111.00,,true,true,,,,,,,,,,,,,,,,,,,,,,,,,,,,,,,,lb,,,
xstream-warning-lights,,,,,,,,,XSMBKT12,,,,,,,,XSMBKT12,0.0,,0,continue,manual,111.00,,true,true,,,,,,,,,,,,,,,,,,,,,,,,,,,,,,,,lb,,,
xstream-warning-lights,,,,,,,,,XSMBKT13,,,,,,,,XSMBKT13,0.0,,0,continue,manual,111.00,,true,true,,,,,,,,,,,,,,,,,,,,,,,,,,,,,,,,lb,,,
xstream-warning-lights,,,,,,,,,XSMBKT14,,,,,,,,XSMBKT14,0.0,,0,continue,manual,111.00,,true,true,,,,,,,,,,,,,,,,,,,,,,,,,,,,,,,,lb,,,
xstream-warning-lights,,,,,,,,,XSMBKT15,,,,,,,,XSMBKT15,0.0,,0,continue,manual,111.00,,true,true,,,,,,,,,,,,,,,,,,,,,,,,,,,,,,,,lb,,,
xstream-warning-lights,,,,,,,,,XSMBKT16,,,,,,,,XSMBKT16,0.0,,0,continue,manual,111.00,,true,true,,,,,,,,,,,,,,,,,,,,,,,,,,,,,,,,lb,,,
worklights,Worklights,"<h1>Federal Signal Worklights</h1><p>Federal Signal LED worklights provide the scene and task illumination that keeps responders safe and operational at incident scenes, traffic stops, and work zones. Designed for mounting on lightbars, running boards, push bumpers, and vehicle bodies, these lights deliver flood and spot output where it matters — downward on the roadway, outward across the scene, or focused on a specific task area.</p><h2>Why departments choose Federal Signal Worklights</h2><ul>
<li>
<strong>Scene-ready LED output</strong> → high-lumen LED arrays illuminate large incident scenes from roofline-mounted positions, reducing the need for handheld lights and improving scene safety for all responders</li>
<li>
<strong>Flood and spot configurations</strong> → flood lights for broad scene coverage, spot lights for focused task lighting at traffic stops and technical rescue operations</li>
<li>
<strong>Integrated with lightbar systems</strong> → many Federal Signal lightbars include worklight capability built in — standalone worklights extend that capability to vehicles without full lightbar installations</li>
<li>
<strong>White mode compatibility</strong> → FSJoin-compatible worklights activate via White flash pattern selection from the Pathfinder or Convergence Network controller</li>
<li>
<strong>Durable housing</strong> → sealed and rated for outdoor mounting with full weather and wash-down protection</li>
</ul><h2>Technical Specs</h2><table><tbody>
<tr>
<td>LED Colors</td>
<td>White</td>
</tr>
<tr>
<td>Input Voltage</td>
<td>12/24 VDC</td>
</tr>
<tr>
<td>Warranty</td>
<td>Federal Signal limited warranty</td>
</tr>
</tbody></table><p><em>Contact us or log into your department account to confirm mounting options and compatibility with your vehicle.</em></p><h2>Ordering from TFR Supply</h2><p>TFR Supply is an authorized Federal Signal dealer serving Texas law enforcement, fire, and EMS agencies. Every order ships direct to your location — no middleman, no inventory delays. Government and department accounts receive tax-exempt checkout and agency pricing. Need installation? Our sister company <a href=""https://www.tx1rs.com"">Texas First Response Services</a> provides professional upfit services across Texas. Create a department account or reach out directly to get started.</p>",Federal Signal,Vehicles & Parts > Vehicle Parts & Accessories > Motor Vehicle Parts > Motor Vehicle Lighting,Emergency Vehicle Warning Lights,"Brand_Federal Signal, Category_Emergency Vehicle Equipment, Federal Signal, Use_Fleet Upfitting, Use_Law Enforcement, Use_Public Safety, Worklights",false,SKU,ICS35-RND,,,,,,,,ICS35-RND,0.0,,0,continue,manual,144.00,,true,true,,,,,,https://cdn.shopify.com/s/files/1/0725/9330/9807/files/ICS3-RND.jpg?v=1781074481,1,Worklights - ICS3-RND - Federal Signal emergency vehicle equipment,false,Worklights | Federal Signal,"Shop Federal Signal Worklights for emergency vehicle upfitting, fleet builds, law enforcement, fire, EMS, and public safety vehicle applications.",3318,,,ICS35-RND,new,FALSE,,,,,,"Shop Federal Signal Worklights for emergency vehicle upfitting, fleet builds, law enforcement, fire, EMS, and public safety vehicle applications.",Worklights | Federal Signal,new,FALSE,3318,,,,,lb,,,draft
worklights,,,,,,,,,ICS35-RND-SPOT,,,,,,,,ICS35-RND-SPOT,0.0,,0,continue,manual,144.00,,true,true,,,,,,https://cdn.shopify.com/s/files/1/0725/9330/9807/files/ICS3-SQ.jpg?v=1781074482,2,Worklights - ICS3-SQ - Federal Signal emergency vehicle equipment,,,,,,,,,,,,,,,,,,,,,,,,lb,,,
worklights,,,,,,,,,ICS35-SQ,,,,,,,,ICS35-SQ,0.0,,0,continue,manual,144.00,,true,true,,,,,,https://cdn.shopify.com/s/files/1/0725/9330/9807/files/ICS43-SQ.jpg?v=1781074481,3,Worklights - ICS43-SQ - Federal Signal emergency vehicle equipment,,,,,,,,,,,,,,,,,,,,,,,,lb,,,
worklights,,,,,,,,,ICS3-RND,,,,,,,,ICS3-RND,0.0,,0,continue,manual,117.00,,true,true,,,,,,,,,,,,,,,,,,,,,,,,,,,,,,,,lb,,,
worklights,,,,,,,,,ICS3-RND-DEU,,,,,,,,ICS3-RND-DEU,0.0,,0,continue,manual,144.00,,true,true,,,,,,,,,,,,,,,,,,,,,,,,,,,,,,,,lb,,,
worklights,,,,,,,,,ICS3-SQ,,,,,,,,ICS3-SQ,0.0,,0,continue,manual,96.00,,true,true,,,,,,,,,,,,,,,,,,,,,,,,,,,,,,,,lb,,,
worklights,,,,,,,,,ICS43-RND,,,,,,,,ICS43-RND,0.0,,0,continue,manual,184.00,,true,true,,,,,,,,,,,,,,,,,,,,,,,,,,,,,,,,lb,,,
worklights,,,,,,,,,ICS43-SQ,,,,,,,,ICS43-SQ,0.0,,0,continue,manual,149.00,,true,true,,,,,,,,,,,,,,,,,,,,,,,,,,,,,,,,lb,,,
worklights,,,,,,,,,ICSPL13-AW,,,,,,,,ICSPL13-AW,0.0,,0,continue,manual,271.00,,true,true,,,,,,,,,,,,,,,,,,,,,,,,,,,,,,,,lb,,,
worklights,,,,,,,,,ICSPL21-AW,,,,,,,,ICSPL21-AW,0.0,,0,continue,manual,406.00,,true,true,,,,,,,,,,,,,,,,,,,,,,,,,,,,,,,,lb,,,
worklights,,,,,,,,,ICSPL24,,,,,,,,ICSPL24,0.0,,0,continue,manual,168.00,,true,true,,,,,,,,,,,,,,,,,,,,,,,,,,,,,,,,lb,,,
trailer-lights,Trailer Lights,"<h1>Federal Signal Trailer Lights</h1><p>Federal Signal trailer warning lights provide the visibility and compliance required for emergency response trailers, incident command trailers, and towed equipment used by law enforcement, fire, and EMS agencies. Purpose-built for trailer applications where vibration, road exposure, and intermittent power connections demand a higher standard of durability than standard automotive lighting.</p><h2>Why departments choose Federal Signal Trailer Lights</h2><ul>
<li>
<strong>Trailer-specific design</strong> → built for the vibration, shock, and intermittent power characteristic of trailer applications where standard vehicle lights degrade rapidly</li>
<li>
<strong>NFPA and SAE compliant configurations</strong> → configurations available to meet NFPA 1901 and SAE standards for fire apparatus and emergency response trailers</li>
<li>
<strong>Amber and Red/White configurations</strong> → amber for work zone and equipment trailers, red/white for fire and EMS response trailers</li>
<li>
<strong>Weather-sealed construction</strong> → IP-rated housings withstand road debris, rain, and mud exposure that trailer mounting positions experience on every deployment</li>
</ul><h2>Technical Specs</h2><table><tbody>
<tr>
<td>Input Voltage</td>
<td>12 VDC</td>
</tr>
<tr>
<td>Warranty</td>
<td>Federal Signal limited warranty</td>
</tr>
</tbody></table><p><em>Contact us or log into your department account to confirm the right configuration for your trailer application.</em></p><h2>Ordering from TFR Supply</h2><p>TFR Supply is an authorized Federal Signal dealer serving Texas law enforcement, fire, and EMS agencies. Every order ships direct to your location — no middleman, no inventory delays. Government and department accounts receive tax-exempt checkout and agency pricing. Need installation? Our sister company <a href=""https://www.tx1rs.com"">Texas First Response Services</a> provides professional upfit services across Texas. Create a department account or reach out directly to get started.</p>",Federal Signal,Vehicles & Parts > Vehicle Parts & Accessories > Motor Vehicle Parts > Motor Vehicle Lighting,Emergency Vehicle Warning Lights,"Brand_Federal Signal, Category_Emergency Vehicle Equipment, Federal Signal, Trailer Lights, Use_Fleet Upfitting, Use_Law Enforcement, Use_Public Safety",false,SKU,605500SB,,,,,,,,605500SB,0.0,,0,continue,manual,15.00,,true,true,,,,,,https://cdn.shopify.com/s/files/1/0725/9330/9807/files/607123-02SB.jpg?v=1781074480,1,Trailer Lights - 607123-02SB - Federal Signal emergency vehicle equipment,false,Trailer Lights | Federal Signal,"Shop Federal Signal Trailer Lights for emergency vehicle upfitting, fleet builds, law enforcement, fire, EMS, and public safety vehicle applications.",3318,,,605500SB,new,FALSE,,,,,,"Shop Federal Signal Trailer Lights for emergency vehicle upfitting, fleet builds, law enforcement, fire, EMS, and public safety vehicle applications.",Trailer Lights | Federal Signal,new,FALSE,3318,,,,,lb,,,draft
trailer-lights,,,,,,,,,605500SB-DEU,,,,,,,,605500SB-DEU,0.0,,0,continue,manual,20.00,,true,true,,,,,,,,,,,,,,,,,,,,,,,,,,,,,,,,lb,,,
trailer-lights,,,,,,,,,605501-02SB,,,,,,,,605501-02SB,0.0,,0,continue,manual,73.00,,true,true,,,,,,,,,,,,,,,,,,,,,,,,,,,,,,,,lb,,,
trailer-lights,,,,,,,,,605501-03SB,,,,,,,,605501-03SB,0.0,,0,continue,manual,73.00,,true,true,,,,,,,,,,,,,,,,,,,,,,,,,,,,,,,,lb,,,
trailer-lights,,,,,,,,,605501-04SB,,,,,,,,605501-04SB,0.0,,0,continue,manual,73.00,,true,true,,,,,,,,,,,,,,,,,,,,,,,,,,,,,,,,lb,,,
trailer-lights,,,,,,,,,605501-05SB,,,,,,,,605501-05SB,0.0,,0,continue,manual,73.00,,true,true,,,,,,,,,,,,,,,,,,,,,,,,,,,,,,,,lb,,,
trailer-lights,,,,,,,,,605510SB,,,,,,,,605510SB,0.0,,0,continue,manual,8.00,,true,true,,,,,,,,,,,,,,,,,,,,,,,,,,,,,,,,lb,,,
trailer-lights,,,,,,,,,605520SB,,,,,,,,605520SB,0.0,,0,continue,manual,8.00,,true,true,,,,,,,,,,,,,,,,,,,,,,,,,,,,,,,,lb,,,
trailer-lights,,,,,,,,,605523-02SB,,,,,,,,605523-02SB,0.0,,0,continue,manual,73.00,,true,true,,,,,,,,,,,,,,,,,,,,,,,,,,,,,,,,lb,,,
trailer-lights,,,,,,,,,605523-03SB,,,,,,,,605523-03SB,0.0,,0,continue,manual,73.00,,true,true,,,,,,,,,,,,,,,,,,,,,,,,,,,,,,,,lb,,,
trailer-lights,,,,,,,,,605523-04SB,,,,,,,,605523-04SB,0.0,,0,continue,manual,73.00,,true,true,,,,,,,,,,,,,,,,,,,,,,,,,,,,,,,,lb,,,
trailer-lights,,,,,,,,,605530SB,,,,,,,,605530SB,0.0,,0,continue,manual,8.00,,true,true,,,,,,,,,,,,,,,,,,,,,,,,,,,,,,,,lb,,,
trailer-lights,,,,,,,,,607100-04SB,,,,,,,,607100-04SB,0.0,,0,continue,manual,96.00,,true,true,,,,,,,,,,,,,,,,,,,,,,,,,,,,,,,,lb,,,
trailer-lights,,,,,,,,,607100-04SB-DEU,,,,,,,,607100-04SB-DEU,0.0,,0,continue,manual,113.00,,true,true,,,,,,,,,,,,,,,,,,,,,,,,,,,,,,,,lb,,,
trailer-lights,,,,,,,,,607101-02SB,,,,,,,,607101-02SB,0.0,,0,continue,manual,96.00,,true,true,,,,,,,,,,,,,,,,,,,,,,,,,,,,,,,,lb,,,
trailer-lights,,,,,,,,,607101-03SB,,,,,,,,607101-03SB,0.0,,0,continue,manual,96.00,,true,true,,,,,,,,,,,,,,,,,,,,,,,,,,,,,,,,lb,,,
trailer-lights,,,,,,,,,607101-04SB,,,,,,,,607101-04SB,0.0,,0,continue,manual,96.00,,true,true,,,,,,,,,,,,,,,,,,,,,,,,,,,,,,,,lb,,,
trailer-lights,,,,,,,,,607101-05SB,,,,,,,,607101-05SB,0.0,,0,continue,manual,96.00,,true,true,,,,,,,,,,,,,,,,,,,,,,,,,,,,,,,,lb,,,
trailer-lights,,,,,,,,,607102-02SB,,,,,,,,607102-02SB,0.0,,0,continue,manual,96.00,,true,true,,,,,,,,,,,,,,,,,,,,,,,,,,,,,,,,lb,,,
trailer-lights,,,,,,,,,607105-04SB,,,,,,,,607105-04SB,0.0,,0,continue,manual,96.00,,true,true,,,,,,,,,,,,,,,,,,,,,,,,,,,,,,,,lb,,,
trailer-lights,,,,,,,,,607106-02SB,,,,,,,,607106-02SB,0.0,,0,continue,manual,96.00,,true,true,,,,,,,,,,,,,,,,,,,,,,,,,,,,,,,,lb,,,
trailer-lights,,,,,,,,,607109SB,,,,,,,,607109SB,0.0,,0,continue,manual,25.00,,true,true,,,,,,,,,,,,,,,,,,,,,,,,,,,,,,,,lb,,,
trailer-lights,,,,,,,,,607112-02SB,,,,,,,,607112-02SB,0.0,,0,continue,manual,190.00,,true,true,,,,,,,,,,,,,,,,,,,,,,,,,,,,,,,,lb,,,
trailer-lights,,,,,,,,,607119-02SB,,,,,,,,607119-02SB,0.0,,0,continue,manual,33.00,,true,true,,,,,,,,,,,,,,,,,,,,,,,,,,,,,,,,lb,,,
trailer-lights,,,,,,,,,607119-04SB,,,,,,,,607119-04SB,0.0,,0,continue,manual,33.00,,true,true,,,,,,,,,,,,,,,,,,,,,,,,,,,,,,,,lb,,,
trailer-lights,,,,,,,,,607120-02SB,,,,,,,,607120-02SB,0.0,,0,continue,manual,33.00,,true,true,,,,,,,,,,,,,,,,,,,,,,,,,,,,,,,,lb,,,
trailer-lights,,,,,,,,,607120-02SB-AMP,,,,,,,,607120-02SB-AMP,0.0,,0,continue,manual,33.00,,true,true,,,,,,,,,,,,,,,,,,,,,,,,,,,,,,,,lb,,,
trailer-lights,,,,,,,,,607120-04SB,,,,,,,,607120-04SB,0.0,,0,continue,manual,33.00,,true,true,,,,,,,,,,,,,,,,,,,,,,,,,,,,,,,,lb,,,
trailer-lights,,,,,,,,,607120-04SB-AMP,,,,,,,,607120-04SB-AMP,0.0,,0,continue,manual,33.00,,true,true,,,,,,,,,,,,,,,,,,,,,,,,,,,,,,,,lb,,,
trailer-lights,,,,,,,,,607123-02SB,,,,,,,,607123-02SB,0.0,,0,continue,manual,96.00,,true,true,,,,,,,,,,,,,,,,,,,,,,,,,,,,,,,,lb,,,
trailer-lights,,,,,,,,,607123-03SB,,,,,,,,607123-03SB,0.0,,0,continue,manual,96.00,,true,true,,,,,,,,,,,,,,,,,,,,,,,,,,,,,,,,lb,,,
trailer-lights,,,,,,,,,607123-04SB,,,,,,,,607123-04SB,0.0,,0,continue,manual,96.00,,true,true,,,,,,,,,,,,,,,,,,,,,,,,,,,,,,,,lb,,,
trailer-lights,,,,,,,,,607123-05SB,,,,,,,,607123-05SB,0.0,,0,continue,manual,96.00,,true,true,,,,,,,,,,,,,,,,,,,,,,,,,,,,,,,,lb,,,
trailer-lights,,,,,,,,,607124-05SB,,,,,,,,607124-05SB,0.0,,0,continue,manual,96.00,,true,true,,,,,,,,,,,,,,,,,,,,,,,,,,,,,,,,lb,,,
trailer-lights,,,,,,,,,607124-05SB-DEU,,,,,,,,607124-05SB-DEU,0.0,,0,continue,manual,108.00,,true,true,,,,,,,,,,,,,,,,,,,,,,,,,,,,,,,,lb,,,
trailer-lights,,,,,,,,,607125-05SB,,,,,,,,607125-05SB,0.0,,0,continue,manual,96.00,,true,true,,,,,,,,,,,,,,,,,,,,,,,,,,,,,,,,lb,,,
trailer-lights,,,,,,,,,607130-45SB,,,,,,,,607130-45SB,0.0,,0,continue,manual,96.00,,true,true,,,,,,,,,,,,,,,,,,,,,,,,,,,,,,,,lb,,,
switches-controls,Switches & Controls,"<h1>Federal Signal Switches &amp; Controls</h1><p>Federal Signal's line of switches and manual controls provides the interface between your officers or operators and the vehicle's warning system. From simple rocker switches to multi-function control panels, these components handle the inputs that activate lights, sirens, directional warnings, and auxiliary equipment — engineered for reliable operation under the demanding conditions of emergency vehicle service.</p><h2>Why departments choose Federal Signal Switches &amp; Controls</h2><ul>
<li>
<strong>Purpose-built for emergency vehicle environments</strong> → switches rated for the vibration, temperature cycling, and frequent actuation of active patrol and apparatus use</li>
<li>
<strong>Backlit operation</strong> → illuminated switches maintain visibility in low-light conditions without creating distracting glare for officers focused on the road</li>
<li>
<strong>Programmable configurations</strong> → many Federal Signal control products support custom button assignments through Convergence Network Configuration Software</li>
<li>
<strong>Compatible with Pathfinder and Convergence Network</strong> → switches integrate with PF200, PF400, and other Federal Signal siren and light controllers for unified system control</li>
</ul><h2>Technical Specs</h2><table><tbody>
<tr>
<td>Input Voltage</td>
<td>12/24 VDC</td>
</tr>
<tr>
<td>Warranty</td>
<td>Federal Signal limited warranty</td>
</tr>
</tbody></table><p><em>Contact us or log into your department account to confirm compatibility with your siren controller and vehicle platform.</em></p><h2>Ordering from TFR Supply</h2><p>TFR Supply is an authorized Federal Signal dealer serving Texas law enforcement, fire, and EMS agencies. Every order ships direct to your location — no middleman, no inventory delays. Government and department accounts receive tax-exempt checkout and agency pricing. Need installation? Our sister company <a href=""https://www.tx1rs.com"">Texas First Response Services</a> provides professional upfit services across Texas. Create a department account or reach out directly to get started.</p>",Federal Signal,Vehicles & Parts > Vehicle Parts & Accessories > Motor Vehicle Parts > Motor Vehicle Lighting,Lighting Controllers,"Brand_Federal Signal, Category_Emergency Vehicle Equipment, Federal Signal, Product_Controller, Switches & Controls, Use_Fleet Upfitting, Use_Law Enforcement, Use_Public Safety",false,SKU,CNTRLR-4B,,,,,,,,CNTRLR-4B,0.0,,0,continue,manual,352.00,,true,true,,,,,,,,,false,Switches & Controls | Federal Signal,"Shop Federal Signal Switches & Controls for emergency vehicle upfitting, fleet builds, law enforcement, fire, EMS, and public safety vehicle applications.",3318,,,CNTRLR-4B,new,FALSE,,,,,,"Shop Federal Signal Switches & Controls for emergency vehicle upfitting, fleet builds, law enforcement, fire, EMS, and public safety vehicle applications.",Switches & Controls | Federal Signal,new,FALSE,3318,,,,,lb,,,draft
switches-controls,,,,,,,,,CNTRLR-6B,,,,,,,,CNTRLR-6B,0.0,,0,continue,manual,460.00,,true,true,,,,,,,,,,,,,,,,,,,,,,,,,,,,,,,,lb,,,
switches-controls,,,,,,,,,CNTRLR-9B,,,,,,,,CNTRLR-9B,0.0,,0,continue,manual,460.00,,true,true,,,,,,,,,,,,,,,,,,,,,,,,,,,,,,,,lb,,,
switches-controls,,,,,,,,,SW1,,,,,,,,SW1,0.0,,0,continue,manual,35.00,,true,true,,,,,,,,,,,,,,,,,,,,,,,,,,,,,,,,lb,,,
switches-controls,,,,,,,,,SW2,,,,,,,,SW2,0.0,,0,continue,manual,67.00,,true,true,,,,,,,,,,,,,,,,,,,,,,,,,,,,,,,,lb,,,
switches-controls,,,,,,,,,SW200-B,,,,,,,,SW200-B,0.0,,0,continue,manual,208.00,,true,true,,,,,,,,,,,,,,,,,,,,,,,,,,,,,,,,lb,,,
switches-controls,,,,,,,,,SW30,,,,,,,,SW30,0.0,,0,continue,manual,67.00,,true,true,,,,,,,,,,,,,,,,,,,,,,,,,,,,,,,,lb,,,
switches-controls,,,,,,,,,SW300-B,,,,,,,,SW300-B,0.0,,0,continue,manual,233.00,,true,true,,,,,,,,,,,,,,,,,,,,,,,,,,,,,,,,lb,,,
switches-controls,,,,,,,,,SW400SS-B,,,,,,,,SW400SS-B,0.0,,0,continue,manual,263.00,,true,true,,,,,,,,,,,,,,,,,,,,,,,,,,,,,,,,lb,,,
signalmaster-brackets,SignalMaster Brackets,"<h1>Federal Signal SignalMaster® Brackets</h1><p>Mounting brackets purpose-built for the Federal Signal SignalMaster® directional warning system — trunk-lid mounts, bumper mounts, and vehicle-specific hardware that position the SignalMaster arrow bar in the optimal rearward-facing location for traffic direction and officer safety at traffic stops and incident scenes.</p><h2>Why departments choose SignalMaster Brackets</h2><ul>
<li>
<strong>Vehicle-specific fitment</strong> → brackets engineered for direct fit on Ford PIU, Tahoe PPV, Durango Pursuit, and other common patrol platforms without modification</li>
<li>
<strong>Trunk-lid and bumper configurations</strong> → mount the SignalMaster on the trunk lid for maximum visibility or on the rear bumper for a lower-profile installation</li>
<li>
<strong>Corrosion-resistant</strong> → powder-coated steel construction resists rust and degradation from weather exposure and wash-down cycles</li>
<li>
<strong>No-drill options available</strong> → select brackets attach without permanent vehicle modification, preserving vehicle residual value and simplifying transfer to replacement units</li>
</ul><h2>Technical Specs</h2><table><tbody>
<tr>
<td>Compatibility</td>
<td>SignalMaster® directional warning bars</td>
</tr>
<tr>
<td>Warranty</td>
<td>Federal Signal limited warranty</td>
</tr>
</tbody></table><p><em>Contact us with your vehicle platform and SignalMaster model to confirm the correct bracket.</em></p><h2>Ordering from TFR Supply</h2><p>TFR Supply is an authorized Federal Signal dealer serving Texas law enforcement, fire, and EMS agencies. Every order ships direct to your location — no middleman, no inventory delays. Government and department accounts receive tax-exempt checkout and agency pricing. Need installation? Our sister company <a href=""https://www.tx1rs.com"">Texas First Response Services</a> provides professional upfit services across Texas. Create a department account or reach out directly to get started.</p>",Federal Signal,Vehicles & Parts > Vehicle Parts & Accessories > Motor Vehicle Parts > Motor Vehicle Lighting,Vehicle Lighting Accessories,"Brand_Federal Signal, Category_Emergency Vehicle Equipment, Family_SignalMaster, Federal Signal, Product_Mounting Kit, SignalMaster Brackets, Use_Fleet Upfitting, Use_Law Enforcement, Use_Public Safety",false,Component,"KIT,BRKT,LONG,CNSM/LAT",,,,,,,,SLB-001,0.0,,0,continue,manual,73.00,,true,true,,,,,,https://cdn.shopify.com/s/files/1/0725/9330/9807/files/SLB-001.jpg?v=1781074501,1,SignalMaster Brackets - SLB-001 - Federal Signal emergency vehicle equipment,false,SignalMaster Brackets | Federal Signal,"Shop Federal Signal SignalMaster Brackets for emergency vehicle upfitting, fleet builds, law enforcement, fire, EMS, and public safety vehicle applications.",3318,,,SLB-001,new,FALSE,,,,,,"Shop Federal Signal SignalMaster Brackets for emergency vehicle upfitting, fleet builds, law enforcement, fire, EMS, and public safety vehicle applications.",SignalMaster Brackets | Federal Signal,new,FALSE,3318,,,,,lb,,,draft
signalmaster-brackets,,,,,,,,,"KIT,BRKT,SHORT,CNSM/LAT",,,,,,,,SLB-002,0.0,,0,continue,manual,73.00,,true,true,,,,,,https://cdn.shopify.com/s/files/1/0725/9330/9807/files/SLB-002.jpg?v=1781074500,2,SignalMaster Brackets - SLB-002 - Federal Signal emergency vehicle equipment,,,,,,,,,,,,,,,,,,,,,,,,lb,,,
signalmaster-brackets,,,,,,,,,"BRKT KIT,CNSM/LAT,15F-150",,,,,,,,SLB-FRD15ND,0.0,,0,continue,manual,73.00,,true,true,,,,,,https://cdn.shopify.com/s/files/1/0725/9330/9807/files/SLB-FRD15ND.jpg?v=1781074516,3,SignalMaster Brackets - SLB-FRD15ND - Federal Signal emergency vehicle equipment,,,,,,,,,,,,,,,,,,,,,,,,lb,,,
signalmaster-brackets,,,,,,,,,"BRKT KIT,CNSM/LAT,19SILV",,,,,,,,SLB-SIL19ND,0.0,,0,continue,manual,73.00,,true,true,,,,,,https://cdn.shopify.com/s/files/1/0725/9330/9807/files/SLB-SIL19ND.jpg?v=1781074500,4,SignalMaster Brackets - SLB-SIL19ND - Federal Signal emergency vehicle equipment,,,,,,,,,,,,,,,,,,,,,,,,lb,,,
signalmaster-arrow-boards,SignalMaster Arrow Boards,"<h1>Federal Signal SignalMaster® Arrow Boards</h1><p>Federal Signal SignalMaster® Arrow Boards provide the standalone traffic direction capability that keeps officers and road workers safe at traffic stops, incident scenes, and work zones. SignalMaster arrow boards deliver a highly visible directional arrow pattern that guides motorists around hazards with the authority and clarity of an active emergency vehicle warning system.</p><h2>Why departments choose SignalMaster Arrow Boards</h2><ul>
<li>
<strong>SAE J1849-compliant directional warning</strong> → SignalMaster arrow patterns meet the standard for emergency vehicle directional warning, providing a legally recognized traffic direction signal</li>
<li>
<strong>Available as standalone unit or integrated with lightbars</strong> → SignalMaster arrow boards mount independently on trunk lids, rear bumpers, or integrate directly into compatible Federal Signal lightbars</li>
<li>
<strong>Multiple arrow and chevron patterns</strong> → left, right, split, and full-warn patterns cover every traffic direction scenario from single-lane closures to full road closures</li>
<li>
<strong>Integrated with Pathfinder and Convergence Network</strong> → arrow pattern selection controlled directly from the PF200 or PF400 controller without a separate switch panel</li>
<li>
<strong>FSJoin compatible</strong> → synchronizes arrow activation with lightbar and perimeter light flash patterns for fully coordinated vehicle warning presentation</li>
</ul><h2>Technical Specs</h2><table><tbody>
<tr>
<td>Certifications</td>
<td>SAE J1849</td>
</tr>
<tr>
<td>Input Voltage</td>
<td>12 VDC</td>
</tr>
<tr>
<td>Warranty</td>
<td>Federal Signal limited warranty</td>
</tr>
</tbody></table><p><em>Contact us or log into your department account to confirm the right SignalMaster configuration and mounting option for your vehicle.</em></p><h2>Ordering from TFR Supply</h2><p>TFR Supply is an authorized Federal Signal dealer serving Texas law enforcement, fire, and EMS agencies. Every order ships direct to your location — no middleman, no inventory delays. Government and department accounts receive tax-exempt checkout and agency pricing. Need installation? Our sister company <a href=""https://www.tx1rs.com"">Texas First Response Services</a> provides professional upfit services across Texas. Create a department account or reach out directly to get started.</p>",Federal Signal,Vehicles & Parts > Vehicle Parts & Accessories > Motor Vehicle Parts > Motor Vehicle Lighting,Emergency Vehicle Light Bars,"Brand_Federal Signal, Category_Emergency Vehicle Equipment, Family_SignalMaster, Federal Signal, SignalMaster Arrow Boards, Use_Fleet Upfitting, Use_Law Enforcement, Use_Public Safety",true,SKU,SL4F-2R2B,,,,,,,,SL4F-2R2B,0.0,,0,continue,manual,464.00,,true,true,,,,,,https://cdn.shopify.com/s/files/1/0725/9330/9807/files/signalmaster-controllers-menu-768x768.png?v=1781535532,1,SignalMaster Arrow Boards product image for TFR Supply emergency vehicle upfitting,false,SignalMaster Arrow Boards | Federal Signal,"Shop Federal Signal SignalMaster Arrow Boards for emergency vehicle upfitting, fleet builds, law enforcement, fire, EMS, and public safety vehicle applications.",3318,,,SL4F-2R2B,new,FALSE,,,,,,"Shop Federal Signal SignalMaster Arrow Boards for emergency vehicle upfitting, fleet builds, law enforcement, fire, EMS, and public safety vehicle applications.",SignalMaster Arrow Boards | Federal Signal,new,FALSE,3318,,,,,lb,,,active
signalmaster-arrow-boards,,,,,,,,,SL4F-A,,,,,,,,SL4F-A,0.0,,0,continue,manual,464.00,,true,true,,,,,,https://cdn.shopify.com/s/files/1/0725/9330/9807/files/cn-signalmaster-3-jpg.webp?v=1781535530,2,SignalMaster Arrow Boards product image for TFR Supply emergency vehicle upfitting,,,,,,,,,,,,,,,,,,,,,,,,lb,,,
signalmaster-arrow-boards,,,,,,,,,SL4F-B,,,,,,,,SL4F-B,0.0,,0,continue,manual,464.00,,true,true,,,,,,https://cdn.shopify.com/s/files/1/0725/9330/9807/files/cn-signalmaster-2-jpg.webp?v=1781535531,3,SignalMaster Arrow Boards product image for TFR Supply emergency vehicle upfitting,,,,,,,,,,,,,,,,,,,,,,,,lb,,,
signalmaster-arrow-boards,,,,,,,,,SL4F-R,,,,,,,,SL4F-R,0.0,,0,continue,manual,464.00,,true,true,,,,,,https://cdn.shopify.com/s/files/1/0725/9330/9807/files/cn-signalmaster-5-jpg.webp?v=1781535531,4,SignalMaster Arrow Boards product image for TFR Supply emergency vehicle upfitting,,,,,,,,,,,,,,,,,,,,,,,,lb,,,
signalmaster-arrow-boards,,,,,,,,,SL4F-RB,,,,,,,,SL4F-RB,0.0,,0,continue,manual,464.00,,true,true,,,,,,https://cdn.shopify.com/s/files/1/0725/9330/9807/files/cn-signalmaster-4-jpg.webp?v=1781535531,5,SignalMaster Arrow Boards product image for TFR Supply emergency vehicle upfitting,,,,,,,,,,,,,,,,,,,,,,,,lb,,,
signalmaster-arrow-boards,,,,,,,,,SL6F-A,,,,,,,,SL6F-A,0.0,,0,continue,manual,666.00,,true,true,,,,,,https://cdn.shopify.com/s/files/1/0725/9330/9807/files/CN-SignalMaster-menu-png.webp?v=1781535534,6,SignalMaster Arrow Boards product image for TFR Supply emergency vehicle upfitting,,,,,,,,,,,,,,,,,,,,,,,,lb,,,
signalmaster-arrow-boards,,,,,,,,,SL6F-AW,,,,,,,,SL6F-AW,0.0,,0,continue,manual,666.00,,true,true,,,,,,https://cdn.shopify.com/s/files/1/0725/9330/9807/files/latitude-signalmaster-SL8S-A-SL8S-A-50-menu-900x900-png.webp?v=1781535534,7,SignalMaster Arrow Boards product image for TFR Supply emergency vehicle upfitting,,,,,,,,,,,,,,,,,,,,,,,,lb,,,
signalmaster-arrow-boards,,,,,,,,,SL6F-B,,,,,,,,SL6F-B,0.0,,0,continue,manual,666.00,,true,true,,,,,,https://cdn.shopify.com/s/files/1/0725/9330/9807/files/Visionslr-light-barSignalmaster_jpg.webp?v=1780417574,8,"Vision SLR® Light Bar - 46"" product image for TFR Supply emergency vehicle upfitting",,,,,,,,,,,,,,,,,,,,,,,,lb,,,
signalmaster-arrow-boards,,,,,,,,,SL6F-BR,,,,,,,,SL6F-BR,0.0,,0,continue,manual,666.00,,true,true,,,,,,https://cdn.shopify.com/s/files/1/0725/9330/9807/files/reliant-light-bar_signalmaster-576x576_jpg.webp?v=1780419844,9,"Reliant® Light Bar - 48"" product image for TFR Supply emergency vehicle upfitting",,,,,,,,,,,,,,,,,,,,,,,,lb,,,
signalmaster-arrow-boards,,,,,,,,,SL6FF-RW,,,,,,,,SL6FF-RW,0.0,,0,continue,manual,666.00,,true,true,,,,,,https://cdn.shopify.com/s/files/1/0725/9330/9807/files/integrity-light-bar_signalmaster-576x576_jpg.webp?v=1780431473,10,"Integrity® Light Bar - 44"" product image for TFR Supply emergency vehicle upfitting",,,,,,,,,,,,,,,,,,,,,,,,lb,,,
signalmaster-arrow-boards,,,,,,,,,SL6F-R,,,,,,,,SL6F-R,0.0,,0,continue,manual,666.00,,true,true,,,,,,https://cdn.shopify.com/s/files/1/0725/9330/9807/files/SL6S-A_LatitudeSignalMaster_AngledOn-jpg.webp?v=1781535532,11,SignalMaster Arrow Boards product image for TFR Supply emergency vehicle upfitting,,,,,,,,,,,,,,,,,,,,,,,,lb,,,
signalmaster-arrow-boards,,,,,,,,,SL6F-RB,,,,,,,,SL6F-RB,0.0,,0,continue,manual,666.00,,true,true,,,,,,https://cdn.shopify.com/s/files/1/0725/9330/9807/files/micropulse-signalmaster-MPSSM42-menu-png.webp?v=1781535535,12,SignalMaster Arrow Boards product image for TFR Supply emergency vehicle upfitting,,,,,,,,,,,,,,,,,,,,,,,,lb,,,
signalmaster-arrow-boards,,,,,,,,,SL6S-A,,,,,,,,SL6S-A,0.0,,0,continue,manual,723.00,,true,true,,,,,,https://cdn.shopify.com/s/files/1/0725/9330/9807/files/PoliceSignalMasterMegaMenuAd900x600-768x512-png.webp?v=1781535539,13,SignalMaster Arrow Boards product image for TFR Supply emergency vehicle upfitting,,,,,,,,,,,,,,,,,,,,,,,,lb,,,
signalmaster-arrow-boards,,,,,,,,,SL8C-BAB,,,,,,,,SL8C-BAB,0.0,,0,continue,manual,753.00,,true,true,,,,,,https://cdn.shopify.com/s/files/1/0725/9330/9807/files/FireMegaMeduSignalMaster900x600.png?v=1781535540,14,SignalMaster Arrow Boards product image for TFR Supply emergency vehicle upfitting,,,,,,,,,,,,,,,,,,,,,,,,lb,,,
signalmaster-arrow-boards,,,,,,,,,SL8C-BBB,,,,,,,,SL8C-BBB,0.0,,0,continue,manual,753.00,,true,true,,,,,,,,,,,,,,,,,,,,,,,,,,,,,,,,lb,,,
signalmaster-arrow-boards,,,,,,,,,SL8C-RAB,,,,,,,,SL8C-RAB,0.0,,0,continue,manual,753.00,,true,true,,,,,,,,,,,,,,,,,,,,,,,,,,,,,,,,lb,,,
signalmaster-arrow-boards,,,,,,,,,SL8C-RAR,,,,,,,,SL8C-RAR,0.0,,0,continue,manual,753.00,,true,true,,,,,,,,,,,,,,,,,,,,,,,,,,,,,,,,lb,,,
signalmaster-arrow-boards,,,,,,,,,SL8F-4R4B,,,,,,,,SL8F-4R4B,0.0,,0,continue,manual,753.00,,true,true,,,,,,,,,,,,,,,,,,,,,,,,,,,,,,,,lb,,,
signalmaster-arrow-boards,,,,,,,,,SL8F-A,,,,,,,,SL8F-A,0.0,,0,continue,manual,753.00,,true,true,,,,,,,,,,,,,,,,,,,,,,,,,,,,,,,,lb,,,
signalmaster-arrow-boards,,,,,,,,,SL8F-AG,,,,,,,,SL8F-AG,0.0,,0,continue,manual,753.00,,true,true,,,,,,,,,,,,,,,,,,,,,,,,,,,,,,,,lb,,,
signalmaster-arrow-boards,,,,,,,,,SL8F-AW,,,,,,,,SL8F-AW,0.0,,0,continue,manual,753.00,,true,true,,,,,,,,,,,,,,,,,,,,,,,,,,,,,,,,lb,,,
signalmaster-arrow-boards,,,,,,,,,SL8F-B,,,,,,,,SL8F-B,0.0,,0,continue,manual,753.00,,true,true,,,,,,,,,,,,,,,,,,,,,,,,,,,,,,,,lb,,,
signalmaster-arrow-boards,,,,,,,,,SL8F-BA,,,,,,,,SL8F-BA,0.0,,0,continue,manual,753.00,,true,true,,,,,,,,,,,,,,,,,,,,,,,,,,,,,,,,lb,,,
signalmaster-arrow-boards,,,,,,,,,SL8F-BR,,,,,,,,SL8F-BR,0.0,,0,continue,manual,753.00,,true,true,,,,,,,,,,,,,,,,,,,,,,,,,,,,,,,,lb,,,
signalmaster-arrow-boards,,,,,,,,,SL8FF-RW,,,,,,,,SL8FF-RW,0.0,,0,continue,manual,753.00,,true,true,,,,,,,,,,,,,,,,,,,,,,,,,,,,,,,,lb,,,
signalmaster-arrow-boards,,,,,,,,,SL8F-R,,,,,,,,SL8F-R,0.0,,0,continue,manual,753.00,,true,true,,,,,,,,,,,,,,,,,,,,,,,,,,,,,,,,lb,,,
signalmaster-arrow-boards,,,,,,,,,SL8F-RB,,,,,,,,SL8F-RB,0.0,,0,continue,manual,753.00,,true,true,,,,,,,,,,,,,,,,,,,,,,,,,,,,,,,,lb,,,
signalmaster-arrow-boards,,,,,,,,,SL8S-A,,,,,,,,SL8S-A,0.0,,0,continue,manual,812.00,,true,true,,,,,,,,,,,,,,,,,,,,,,,,,,,,,,,,lb,,,
signalmaster-arrow-boards,,,,,,,,,SL8S-A48,,,,,,,,SL8S-A48,0.0,,0,continue,manual,919.00,,true,true,,,,,,,,,,,,,,,,,,,,,,,,,,,,,,,,lb,,,
signalmaster-arrow-boards,,,,,,,,,SL8S-A48-1DEU,,,,,,,,SL8S-A48-1DEU,0.0,,0,continue,manual,901.00,,true,true,,,,,,,,,,,,,,,,,,,,,,,,,,,,,,,,lb,,,
signalmaster-arrow-boards,,,,,,,,,SL8S-A48-50,,,,,,,,SL8S-A48-50,0.0,,0,continue,manual,979.00,,true,true,,,,,,,,,,,,,,,,,,,,,,,,,,,,,,,,lb,,,
signalmaster-arrow-boards,,,,,,,,,SL8S-A-50,,,,,,,,SL8S-A-50,0.0,,0,continue,manual,902.00,,true,true,,,,,,,,,,,,,,,,,,,,,,,,,,,,,,,,lb,,,
signalmaster-arrow-boards,,,,,,,,,SL8S-RB,,,,,,,,SL8S-RB,0.0,,0,continue,manual,793.00,,true,true,,,,,,,,,,,,,,,,,,,,,,,,,,,,,,,,lb,,,
running-board-lights,DynaFlare® Running Board Lights,"<h1>Federal Signal DynaFlare® Running Board Lights</h1>
<p>Federal Signal running board lights provide officer-side illumination for safe vehicle exit and approach at traffic stops, as well as additional side-facing warning output for improved lateral visibility at intersection approaches and scene operations. Compatible with Pathfinder's automatic door-sensor activation feature, running board lights become part of an intelligent, automated officer safety system.</p>
<h2>Why departments choose Federal Signal Running Board Lights</h2>
<ul>
<li>
<strong>Officer safety illumination</strong> → automatically illuminate the running board and ground area when the driver or passenger door opens, giving officers a lit path to exit the vehicle safely in low-light conditions</li>
<li>
<strong>Pathfinder door-sensor integration</strong> → Pathfinder siren/light controller automatically activates running board lights when the vehicle door opens, requiring no manual switch activation from the officer</li>
<li>
<strong>Side-facing warning output</strong> → in addition to ground illumination, running board lights provide lateral warning output to improve visibility to vehicles approaching from the side at traffic stops</li>
<li>
<strong>Low-profile mounting</strong> → designed to mount flush with the running board or rocker panel without protruding hardware that creates interference with entry/exit</li>
<li>
<strong>FSJoin compatible</strong> → integrates with Federal Signal's Convergence Network for coordinated flash pattern control with the rest of the vehicle's warning system</li>
</ul>
<h2>Technical Specs</h2>
<table>
<tbody>
<tr>
<td>Input Voltage</td>
<td>12 VDC</td>
</tr>
<tr>
<td>Certifications</td>
<td>SAE J845</td>
</tr>
<tr>
<td>Warranty</td>
<td>Federal Signal limited warranty</td>
</tr>
</tbody>
</table>
<p><em>Contact us or log into your department account to confirm compatibility with your vehicle platform and Pathfinder configuration.</em></p>
<h2>Ordering from TFRSupply</h2>
<p>TFRSupply is an authorized Federal Signal dealer serving Texas law enforcement, fire, and EMS agencies. Every order ships direct to your location — no middleman, no inventory delays. Government and department accounts receive tax-exempt checkout and agency pricing. Need installation? Our sister company <a href=""https://www.tx1rs.com"">Texas First Response Services</a> provides professional upfit services across Texas. Create a department account or reach out directly to get started.</p>",Federal Signal,Vehicles & Parts > Vehicle Parts & Accessories > Motor Vehicle Parts > Motor Vehicle Lighting,Emergency Vehicle Warning Lights,"Brand_Federal Signal, Category_Emergency Vehicle Equipment, Federal Signal, Running Board Lights, Use_Fleet Upfitting, Use_Law Enforcement, Use_Public Safety",true,SKU,DR5-AGW,,,,,,,,DR5-AGW,0.0,,0,continue,manual,1920.00,,true,true,,,,,,https://cdn.shopify.com/s/files/1/0725/9330/9807/files/DynaFlare_Running_board_light-Red_-close_-407700-768x768.png?v=1781535535,1,Running Board Brackets product image for TFR Supply emergency vehicle upfitting,false,Running Board Lights | Federal Signal,"Shop Federal Signal Running Board Lights for emergency vehicle upfitting, fleet builds, law enforcement, fire, EMS, and public safety vehicle applications.",3318,,,DR5-AGW,new,FALSE,,,,,,"Shop Federal Signal Running Board Lights for emergency vehicle upfitting, fleet builds, law enforcement, fire, EMS, and public safety vehicle applications.",Running Board Lights | Federal Signal,new,FALSE,3318,,,,,lb,,,active
running-board-lights,,,,,,,,,DR5-BAW,,,,,,,,DR5-BAW,0.0,,0,continue,manual,1920.00,,true,true,,,,,,https://cdn.shopify.com/s/files/1/0725/9330/9807/files/DynaFlare_Running_board_light-Blue_-close_-407700-jpg.webp?v=1781535533,2,Running Board Lights product image for TFR Supply emergency vehicle upfitting,,,,,,,,,,,,,,,,,,,,,,,,lb,,,
running-board-lights,,,,,,,,,DR5BKT-RB-DUR15,,,,,,,,DR5BKT-RB-DUR15,0.0,,0,continue,manual,75.00,,true,true,,,,,,https://cdn.shopify.com/s/files/1/0725/9330/9807/files/PerimeterLightPolice-DynaFlareMegaMenu-768x512-png.webp?v=1781535540,3,Running Board Lights product image for TFR Supply emergency vehicle upfitting,,,,,,,,,,,,,,,,,,,,,,,,lb,,,
running-board-lights,,,,,,,,,DR5-RAW,,,,,,,,DR5-RAW,0.0,,0,continue,manual,1920.00,,true,true,,,,,,,,,,,,,,,,,,,,,,,,,,,,,,,,lb,,,
running-board-lights,,,,,,,,,DR5-RBA,,,,,,,,DR5-RBA,0.0,,0,continue,manual,1920.00,,true,true,,,,,,,,,,,,,,,,,,,,,,,,,,,,,,,,lb,,,
running-board-lights,,,,,,,,,DR5-RBW,,,,,,,,DR5-RBW,0.0,,0,continue,manual,1920.00,,true,true,,,,,,,,,,,,,,,,,,,,,,,,,,,,,,,,lb,,,
running-board-lights,,,,,,,,,DR5-RBW-SMK,,,,,,,,DR5-RBW-SMK,0.0,,0,continue,manual,2020.00,,true,true,,,,,,,,,,,,,,,,,,,,,,,,,,,,,,,,lb,,,
running-board-lights,,,,,,,,,DR5-RGW,,,,,,,,DR5-RGW,0.0,,0,continue,manual,1920.00,,true,true,,,,,,,,,,,,,,,,,,,,,,,,,,,,,,,,lb,,,
running-board-lights,,,,,,,,,DR6-AGW,,,,,,,,DR6-AGW,0.0,,0,continue,manual,2100.00,,true,true,,,,,,,,,,,,,,,,,,,,,,,,,,,,,,,,lb,,,
running-board-lights,,,,,,,,,DR6-BAW,,,,,,,,DR6-BAW,0.0,,0,continue,manual,2100.00,,true,true,,,,,,,,,,,,,,,,,,,,,,,,,,,,,,,,lb,,,
running-board-lights,,,,,,,,,DR6-RAW,,,,,,,,DR6-RAW,0.0,,0,continue,manual,2100.00,,true,true,,,,,,,,,,,,,,,,,,,,,,,,,,,,,,,,lb,,,
running-board-lights,,,,,,,,,DR6-RBA,,,,,,,,DR6-RBA,0.0,,0,continue,manual,2100.00,,true,true,,,,,,,,,,,,,,,,,,,,,,,,,,,,,,,,lb,,,
running-board-lights,,,,,,,,,DR6-RBW,,,,,,,,DR6-RBW,0.0,,0,continue,manual,2100.00,,true,true,,,,,,,,,,,,,,,,,,,,,,,,,,,,,,,,lb,,,
running-board-lights,,,,,,,,,DR6-RBW-SMK,,,,,,,,DR6-RBW-SMK,0.0,,0,continue,manual,2200.00,,true,true,,,,,,,,,,,,,,,,,,,,,,,,,,,,,,,,lb,,,
running-board-lights,,,,,,,,,DR6-RGW,,,,,,,,DR6-RGW,0.0,,0,continue,manual,2100.00,,true,true,,,,,,,,,,,,,,,,,,,,,,,,,,,,,,,,lb,,,
running-board-brackets,Running Board Brackets,"<h1>Federal Signal Running Board Brackets</h1><p>Mounting brackets for Federal Signal running board lights — vehicle-specific hardware that positions running board lights precisely on the rocker panel or running board surface for optimal ground illumination and side-facing warning output.</p><h2>Why installers choose Federal Signal Running Board Brackets</h2><ul>
<li>
<strong>Vehicle-specific fitment</strong> → brackets engineered to match the contour and attachment points of common patrol vehicle running boards and rocker panels</li>
<li>
<strong>Correct light positioning</strong> → proper bracket geometry angles the light downward for ground illumination and outward for side warning, maximizing both officer safety and warning effectiveness</li>
<li>
<strong>No-drill options</strong> → select brackets attach without permanent vehicle modification where rocker panel geometry allows</li>
<li>
<strong>Corrosion-resistant</strong> → powder-coated finish resists rust and road-salt corrosion for the full service life of the vehicle</li>
</ul><h2>Technical Specs</h2><table><tbody>
<tr>
<td>Compatibility</td>
<td>Federal Signal running board light series</td>
</tr>
<tr>
<td>Warranty</td>
<td>Federal Signal limited warranty</td>
</tr>
</tbody></table><p><em>Contact us with your vehicle platform to confirm the correct running board bracket.</em></p><h2>Ordering from TFR Supply</h2><p>TFR Supply is an authorized Federal Signal dealer serving Texas law enforcement, fire, and EMS agencies. Every order ships direct to your location — no middleman, no inventory delays. Government and department accounts receive tax-exempt checkout and agency pricing. Need installation? Our sister company <a href=""https://www.tx1rs.com"">Texas First Response Services</a> provides professional upfit services across Texas. Create a department account or reach out directly to get started.</p>",Federal Signal,Vehicles & Parts > Vehicle Parts & Accessories > Motor Vehicle Parts > Motor Vehicle Lighting,Vehicle Lighting Accessories,"Brand_Federal Signal, Category_Emergency Vehicle Equipment, Federal Signal, Product_Mounting Kit, Running Board Brackets, Use_Fleet Upfitting, Use_Law Enforcement, Use_Public Safety",false,Component,FORD EXPEDITION DYNAFLARE BKT,,,,,,,,DR6BKT-RB-EXPD25,0.0,,0,continue,manual,75.00,,true,true,,,,,,https://cdn.shopify.com/s/files/1/0725/9330/9807/files/DynaFlare_Running_board_light-Red_-close_-407700-768x768.png?v=1781535535,1,Running Board Brackets product image for TFR Supply emergency vehicle upfitting,false,Running Board Brackets | Federal Signal,"Shop Federal Signal Running Board Brackets for emergency vehicle upfitting, fleet builds, law enforcement, fire, EMS, and public safety vehicle applications.",3318,,,DR6BKT-RB-EXPD25,new,FALSE,,,,,,"Shop Federal Signal Running Board Brackets for emergency vehicle upfitting, fleet builds, law enforcement, fire, EMS, and public safety vehicle applications.",Running Board Brackets | Federal Signal,new,FALSE,3318,,,,,lb,,,draft
running-board-brackets,,,,,,,,,RUNNING BOARD LIGHT MNTS,,,,,,,,DR6BKT-RB-FRD15,0.0,,0,continue,manual,75.00,,true,true,,,,,,,,,,,,,,,,,,,,,,,,,,,,,,,,lb,,,
running-board-brackets,,,,,,,,,FORD F150 DYNAFLARE BRKT KIT B,,,,,,,,DR6BKT-RB-FRD15B,0.0,,0,continue,manual,75.00,,true,true,,,,,,,,,,,,,,,,,,,,,,,,,,,,,,,,lb,,,
running-board-brackets,,,,,,,,,19+ SILVERADO DYNAFLARE,,,,,,,,DR6BKT-RB-SIL19,0.0,,0,continue,manual,75.00,,true,true,,,,,,,,,,,,,,,,,,,,,,,,,,,,,,,,lb,,,
running-board-brackets,,,,,,,,,19 SILV DYNAFLARE BRKT KIT B,,,,,,,,DR6BKT-RB-SIL19B,0.0,,0,continue,manual,75.00,,true,true,,,,,,,,,,,,,,,,,,,,,,,,,,,,,,,,lb,,,
running-board-brackets,,,,,,,,,RUNNING BOARD LIGHT MOUNTS,,,,,,,,DR6BKT-RB-TAH21,0.0,,0,continue,manual,75.00,,true,true,,,,,,,,,,,,,,,,,,,,,,,,,,,,,,,,lb,,,
running-board-brackets,,,,,,,,,TAHOE DYNAFLARE BRKT KIT B,,,,,,,,DR6BKT-RB-TAH21B,0.0,,0,continue,manual,75.00,,true,true,,,,,,,,,,,,,,,,,,,,,,,,,,,,,,,,lb,,,
quadraflare-beacons,Quadraflare Beacons,"<h1>Federal Signal QuadraFlare® Beacons</h1><p>Federal Signal QuadraFlare® beacons deliver the same Solaris® LED rotator technology used in the Navigator lightbar family in a standalone beacon format — available for apparatus rooftops, vehicle bodies, and structural mounting positions where a single high-output beacon provides critical 360-degree warning coverage.</p><h2>Why departments choose QuadraFlare Beacons</h2><ul>
<li>
<strong>Solaris® LED rotator technology</strong> → the same patented rotating reflector system used in full-size Navigator bars delivers true 360-degree sweep output from a single compact beacon housing</li>
<li>
<strong>Dual-color LED capability</strong> → Red, Blue, Amber, White, and Green in two-color combinations, covering LE, fire, EMS, and command vehicle applications</li>
<li>
<strong>White flood mode</strong> → activating White LEDs provides broad scene illumination from the beacon position, adding scene lighting capability without a separate fixture</li>
<li>
<strong>High-profile design</strong> → 4.5"" height maximizes output at distances where lower-profile LED flashers lose effectiveness</li>
<li>
<strong>Compatible with Navigator bar system</strong> → QuadraFlare beacons can be added alongside or independently from Navigator bars for expanded roofline coverage on large apparatus</li>
<li>NFPA 1901, SAE J845 Class 1, GSA-KKK-A-1822F certified</li>
</ul><h2>Technical Specs</h2><table><tbody>
<tr>
<td>Input Voltage</td>
<td>12 VDC</td>
</tr>
<tr>
<td>Height</td>
<td>4.5 in</td>
</tr>
<tr>
<td>Certifications</td>
<td>NFPA 1901, SAE J845 Class 1, GSA-KKK-A-1822F</td>
</tr>
<tr>
<td>Warranty</td>
<td>Five years</td>
</tr>
</tbody></table><p><em>Contact us or log into your department account to confirm color configuration and SKU for your apparatus.</em></p><h2>Ordering from TFR Supply</h2><p>TFR Supply is an authorized Federal Signal dealer serving Texas law enforcement, fire, and EMS agencies. Every order ships direct to your location — no middleman, no inventory delays. Government and department accounts receive tax-exempt checkout and agency pricing. Need installation? Our sister company <a href=""https://www.tx1rs.com"">Texas First Response Services</a> provides professional upfit services across Texas. Create a department account or reach out directly to get started.</p>",Federal Signal,Vehicles & Parts > Vehicle Parts & Accessories > Motor Vehicle Parts > Motor Vehicle Lighting,Emergency Vehicle Warning Lights,"Brand_Federal Signal, Category_Emergency Vehicle Equipment, Family_Quadraflare, Federal Signal, Quadraflare Beacons, Use_Fleet Upfitting, Use_Law Enforcement, Use_Public Safety",false,SKU,QL43-AA,,,,,,,,QL43-AA,0.0,,0,continue,manual,162.00,,true,true,,,,,,https://cdn.shopify.com/s/files/1/0725/9330/9807/files/quadraflare-hero-menu-png.webp?v=1781535537,1,Quadraflare Beacons product image for TFR Supply emergency vehicle upfitting,false,Quadraflare Beacons | Federal Signal,"Shop Federal Signal Quadraflare Beacons for emergency vehicle upfitting, fleet builds, law enforcement, fire, EMS, and public safety vehicle applications.",3318,,,QL43-AA,new,FALSE,,,,,,"Shop Federal Signal Quadraflare Beacons for emergency vehicle upfitting, fleet builds, law enforcement, fire, EMS, and public safety vehicle applications.",Quadraflare Beacons | Federal Signal,new,FALSE,3318,,,,,lb,,,draft
quadraflare-beacons,,,,,,,,,QL43-BACKUP,,,,,,,,QL43-BACKUP,0.0,,0,continue,manual,220.00,,true,true,,,,,,https://cdn.shopify.com/s/files/1/0725/9330/9807/files/quadraflare-led-scene-lights-QL73LEDSCENE-QL97LEDSCENE-menu.png?v=1781535536,2,Quadraflare Beacons product image for TFR Supply emergency vehicle upfitting,,,,,,,,,,,,,,,,,,,,,,,,lb,,,
quadraflare-beacons,,,,,,,,,QL43-BB,,,,,,,,QL43-BB,0.0,,0,continue,manual,162.00,,true,true,,,,,,https://cdn.shopify.com/s/files/1/0725/9330/9807/files/FireMegaMenuQuadraFlare900x600.png?v=1781535537,3,Quadraflare Beacons product image for TFR Supply emergency vehicle upfitting,,,,,,,,,,,,,,,,,,,,,,,,lb,,,
quadraflare-beacons,,,,,,,,,QL43-BTT,,,,,,,,QL43-BTT,0.0,,0,continue,manual,220.00,,true,true,,,,,,https://cdn.shopify.com/s/files/1/0725/9330/9807/files/QL73C-RR.jpg?v=1781074501,4,Quadraflare Beacons - QL73C-RR - Federal Signal emergency vehicle equipment,,,,,,,,,,,,,,,,,,,,,,,,lb,,,
quadraflare-beacons,,,,,,,,,QL43C-AA,,,,,,,,QL43C-AA,0.0,,0,continue,manual,162.00,,true,true,,,,,,https://cdn.shopify.com/s/files/1/0725/9330/9807/files/QL73C-RW.jpg?v=1781074501,5,Quadraflare Beacons - QL73C-RW - Federal Signal emergency vehicle equipment,,,,,,,,,,,,,,,,,,,,,,,,lb,,,
quadraflare-beacons,,,,,,,,,QL43C-BA,,,,,,,,QL43C-BA,0.0,,0,continue,manual,162.00,,true,true,,,,,,https://cdn.shopify.com/s/files/1/0725/9330/9807/files/QL97C-RW.jpg?v=1781074501,6,Quadraflare Beacons - QL97C-RW - Federal Signal emergency vehicle equipment,,,,,,,,,,,,,,,,,,,,,,,,lb,,,
quadraflare-beacons,,,,,,,,,QL43C-BB,,,,,,,,QL43C-BB,0.0,,0,continue,manual,162.00,,true,true,,,,,,,,,,,,,,,,,,,,,,,,,,,,,,,,lb,,,
quadraflare-beacons,,,,,,,,,QL43C-RB,,,,,,,,QL43C-RB,0.0,,0,continue,manual,162.00,,true,true,,,,,,,,,,,,,,,,,,,,,,,,,,,,,,,,lb,,,
quadraflare-beacons,,,,,,,,,QL43C-RR,,,,,,,,QL43C-RR,0.0,,0,continue,manual,162.00,,true,true,,,,,,,,,,,,,,,,,,,,,,,,,,,,,,,,lb,,,
quadraflare-beacons,,,,,,,,,QL43C-RW,,,,,,,,QL43C-RW,0.0,,0,continue,manual,162.00,,true,true,,,,,,,,,,,,,,,,,,,,,,,,,,,,,,,,lb,,,
quadraflare-beacons,,,,,,,,,QL43C-WW,,,,,,,,QL43C-WW,0.0,,0,continue,manual,162.00,,true,true,,,,,,,,,,,,,,,,,,,,,,,,,,,,,,,,lb,,,
quadraflare-beacons,,,,,,,,,QL43D-A,,,,,,,,QL43D-A,0.0,,0,continue,manual,227.00,,true,true,,,,,,,,,,,,,,,,,,,,,,,,,,,,,,,,lb,,,
quadraflare-beacons,,,,,,,,,QL43D-BACKUP,,,,,,,,QL43D-BACKUP,0.0,,0,continue,manual,227.00,,true,true,,,,,,,,,,,,,,,,,,,,,,,,,,,,,,,,lb,,,
quadraflare-beacons,,,,,,,,,QL43D-BTT,,,,,,,,QL43D-BTT,0.0,,0,continue,manual,227.00,,true,true,,,,,,,,,,,,,,,,,,,,,,,,,,,,,,,,lb,,,
quadraflare-beacons,,,,,,,,,QL43DD-AG,,,,,,,,QL43DD-AG,0.0,,0,continue,manual,253.00,,true,true,,,,,,,,,,,,,,,,,,,,,,,,,,,,,,,,lb,,,
quadraflare-beacons,,,,,,,,,QL43DD-AW,,,,,,,,QL43DD-AW,0.0,,0,continue,manual,253.00,,true,true,,,,,,,,,,,,,,,,,,,,,,,,,,,,,,,,lb,,,
quadraflare-beacons,,,,,,,,,QL43MC,,,,,,,,QL43MC,0.0,,0,continue,manual,29.00,,true,true,,,,,,,,,,,,,,,,,,,,,,,,,,,,,,,,lb,,,
quadraflare-beacons,,,,,,,,,QL43-RR,,,,,,,,QL43-RR,0.0,,0,continue,manual,162.00,,true,true,,,,,,,,,,,,,,,,,,,,,,,,,,,,,,,,lb,,,
quadraflare-beacons,,,,,,,,,QL43-TURN,,,,,,,,QL43-TURN,0.0,,0,continue,manual,220.00,,true,true,,,,,,,,,,,,,,,,,,,,,,,,,,,,,,,,lb,,,
quadraflare-beacons,,,,,,,,,QL43Z-AA,,,,,,,,QL43Z-AA,0.0,,0,continue,manual,227.00,,true,true,,,,,,,,,,,,,,,,,,,,,,,,,,,,,,,,lb,,,
quadraflare-beacons,,,,,,,,,QL43ZD-AW,,,,,,,,QL43ZD-AW,0.0,,0,continue,manual,253.00,,true,true,,,,,,,,,,,,,,,,,,,,,,,,,,,,,,,,lb,,,
quadraflare-beacons,,,,,,,,,QL64-24-AA,,,,,,,,QL64-24-AA,0.0,,0,continue,manual,268.00,,true,true,,,,,,,,,,,,,,,,,,,,,,,,,,,,,,,,lb,,,
quadraflare-beacons,,,,,,,,,QL64-24-BB,,,,,,,,QL64-24-BB,0.0,,0,continue,manual,268.00,,true,true,,,,,,,,,,,,,,,,,,,,,,,,,,,,,,,,lb,,,
quadraflare-beacons,,,,,,,,,QL643H,,,,,,,,QL643H,0.0,,0,continue,manual,260.00,,true,true,,,,,,,,,,,,,,,,,,,,,,,,,,,,,,,,lb,,,
quadraflare-beacons,,,,,,,,,QL643H-LEDLEFT,,,,,,,,QL643H-LEDLEFT,0.0,,0,continue,manual,1011.00,,true,true,,,,,,,,,,,,,,,,,,,,,,,,,,,,,,,,lb,,,
quadraflare-beacons,,,,,,,,,QL643H-LEDRGHT,,,,,,,,QL643H-LEDRGHT,0.0,,0,continue,manual,1011.00,,true,true,,,,,,,,,,,,,,,,,,,,,,,,,,,,,,,,lb,,,
quadraflare-beacons,,,,,,,,,QL643H-LEFT,,,,,,,,QL643H-LEFT,0.0,,0,continue,manual,920.00,,true,true,,,,,,,,,,,,,,,,,,,,,,,,,,,,,,,,lb,,,
quadraflare-beacons,,,,,,,,,QL643H-RIGHT,,,,,,,,QL643H-RIGHT,0.0,,0,continue,manual,920.00,,true,true,,,,,,,,,,,,,,,,,,,,,,,,,,,,,,,,lb,,,
quadraflare-beacons,,,,,,,,,QL643H-RS912,,,,,,,,QL643H-RS912,0.0,,0,continue,manual,1189.00,,true,true,,,,,,,,,,,,,,,,,,,,,,,,,,,,,,,,lb,,,
quadraflare-beacons,,,,,,,,,QL643V,,,,,,,,QL643V,0.0,,0,continue,manual,260.00,,true,true,,,,,,,,,,,,,,,,,,,,,,,,,,,,,,,,lb,,,
quadraflare-beacons,,,,,,,,,QL643V-LED,,,,,,,,QL643V-LED,0.0,,0,continue,manual,1011.00,,true,true,,,,,,,,,,,,,,,,,,,,,,,,,,,,,,,,lb,,,
quadraflare-beacons,,,,,,,,,QL643V-LEFT,,,,,,,,QL643V-LEFT,0.0,,0,continue,manual,919.00,,true,true,,,,,,,,,,,,,,,,,,,,,,,,,,,,,,,,lb,,,
quadraflare-beacons,,,,,,,,,QL643V-RIGHT,,,,,,,,QL643V-RIGHT,0.0,,0,continue,manual,919.00,,true,true,,,,,,,,,,,,,,,,,,,,,,,,,,,,,,,,lb,,,
quadraflare-beacons,,,,,,,,,QL644V,,,,,,,,QL644V,0.0,,0,continue,manual,340.00,,true,true,,,,,,,,,,,,,,,,,,,,,,,,,,,,,,,,lb,,,
quadraflare-beacons,,,,,,,,,QL644V-LED,,,,,,,,QL644V-LED,0.0,,0,continue,manual,1346.00,,true,true,,,,,,,,,,,,,,,,,,,,,,,,,,,,,,,,lb,,,
quadraflare-beacons,,,,,,,,,QL644V-LEFT,,,,,,,,QL644V-LEFT,0.0,,0,continue,manual,1244.00,,true,true,,,,,,,,,,,,,,,,,,,,,,,,,,,,,,,,lb,,,
quadraflare-beacons,,,,,,,,,QL644V-RIGHT,,,,,,,,QL644V-RIGHT,0.0,,0,continue,manual,1244.00,,true,true,,,,,,,,,,,,,,,,,,,,,,,,,,,,,,,,lb,,,
quadraflare-beacons,,,,,,,,,QL64-AA,,,,,,,,QL64-AA,0.0,,0,continue,manual,251.00,,true,true,,,,,,,,,,,,,,,,,,,,,,,,,,,,,,,,lb,,,
quadraflare-beacons,,,,,,,,,QL64-ARROW,,,,,,,,QL64-ARROW,0.0,,0,continue,manual,278.00,,true,true,,,,,,,,,,,,,,,,,,,,,,,,,,,,,,,,lb,,,
quadraflare-beacons,,,,,,,,,QL64-BACKUP,,,,,,,,QL64-BACKUP,0.0,,0,continue,manual,278.00,,true,true,,,,,,,,,,,,,,,,,,,,,,,,,,,,,,,,lb,,,
quadraflare-beacons,,,,,,,,,QL64-BB,,,,,,,,QL64-BB,0.0,,0,continue,manual,251.00,,true,true,,,,,,,,,,,,,,,,,,,,,,,,,,,,,,,,lb,,,
quadraflare-beacons,,,,,,,,,QL64-BTT,,,,,,,,QL64-BTT,0.0,,0,continue,manual,278.00,,true,true,,,,,,,,,,,,,,,,,,,,,,,,,,,,,,,,lb,,,
quadraflare-beacons,,,,,,,,,QL64C-AA,,,,,,,,QL64C-AA,0.0,,0,continue,manual,251.00,,true,true,,,,,,,,,,,,,,,,,,,,,,,,,,,,,,,,lb,,,
quadraflare-beacons,,,,,,,,,QL64C-AG,,,,,,,,QL64C-AG,0.0,,0,continue,manual,256.00,,true,true,,,,,,,,,,,,,,,,,,,,,,,,,,,,,,,,lb,,,
quadraflare-beacons,,,,,,,,,QL64C-BB,,,,,,,,QL64C-BB,0.0,,0,continue,manual,251.00,,true,true,,,,,,,,,,,,,,,,,,,,,,,,,,,,,,,,lb,,,
quadraflare-beacons,,,,,,,,,QL64C-GG,,,,,,,,QL64C-GG,0.0,,0,continue,manual,251.00,,true,true,,,,,,,,,,,,,,,,,,,,,,,,,,,,,,,,lb,,,
quadraflare-beacons,,,,,,,,,QL64C-RA,,,,,,,,QL64C-RA,0.0,,0,continue,manual,256.00,,true,true,,,,,,,,,,,,,,,,,,,,,,,,,,,,,,,,lb,,,
quadraflare-beacons,,,,,,,,,QL64C-RB,,,,,,,,QL64C-RB,0.0,,0,continue,manual,256.00,,true,true,,,,,,,,,,,,,,,,,,,,,,,,,,,,,,,,lb,,,
quadraflare-beacons,,,,,,,,,QL64C-RG,,,,,,,,QL64C-RG,0.0,,0,continue,manual,256.00,,true,true,,,,,,,,,,,,,,,,,,,,,,,,,,,,,,,,lb,,,
quadraflare-beacons,,,,,,,,,QL64C-RR,,,,,,,,QL64C-RR,0.0,,0,continue,manual,251.00,,true,true,,,,,,,,,,,,,,,,,,,,,,,,,,,,,,,,lb,,,
quadraflare-beacons,,,,,,,,,QL64C-RW,,,,,,,,QL64C-RW,0.0,,0,continue,manual,256.00,,true,true,,,,,,,,,,,,,,,,,,,,,,,,,,,,,,,,lb,,,
quadraflare-beacons,,,,,,,,,QL64C-WW,,,,,,,,QL64C-WW,0.0,,0,continue,manual,251.00,,true,true,,,,,,,,,,,,,,,,,,,,,,,,,,,,,,,,lb,,,
quadraflare-beacons,,,,,,,,,QL64-GG,,,,,,,,QL64-GG,0.0,,0,continue,manual,251.00,,true,true,,,,,,,,,,,,,,,,,,,,,,,,,,,,,,,,lb,,,
quadraflare-beacons,,,,,,,,,QL64LEDSCENE-SB,,,,,,,,QL64LEDSCENE-SB,0.0,,0,continue,manual,313.00,,true,true,,,,,,,,,,,,,,,,,,,,,,,,,,,,,,,,lb,,,
quadraflare-beacons,,,,,,,,,QL64MC,,,,,,,,QL64MC,0.0,,0,continue,manual,34.00,,true,true,,,,,,,,,,,,,,,,,,,,,,,,,,,,,,,,lb,,,
quadraflare-beacons,,,,,,,,,QL64MHL,,,,,,,,QL64MHL,0.0,,0,continue,manual,65.00,,true,true,,,,,,,,,,,,,,,,,,,,,,,,,,,,,,,,lb,,,
quadraflare-beacons,,,,,,,,,QL64-RR,,,,,,,,QL64-RR,0.0,,0,continue,manual,251.00,,true,true,,,,,,,,,,,,,,,,,,,,,,,,,,,,,,,,lb,,,
quadraflare-beacons,,,,,,,,,QL64-RRDEU,,,,,,,,QL64-RRDEU,0.0,,0,continue,manual,258.00,,true,true,,,,,,,,,,,,,,,,,,,,,,,,,,,,,,,,lb,,,
quadraflare-beacons,,,,,,,,,QL64SM47-6AC,,,,,,,,QL64SM47-6AC,0.0,,0,continue,manual,5500.00,,true,true,,,,,,,,,,,,,,,,,,,,,,,,,,,,,,,,lb,,,
quadraflare-beacons,,,,,,,,,QL64SM72-8AC,,,,,,,,QL64SM72-8AC,0.0,,0,continue,manual,6500.00,,true,true,,,,,,,,,,,,,,,,,,,,,,,,,,,,,,,,lb,,,
quadraflare-beacons,,,,,,,,,QL64-TURN,,,,,,,,QL64-TURN,0.0,,0,continue,manual,278.00,,true,true,,,,,,,,,,,,,,,,,,,,,,,,,,,,,,,,lb,,,
quadraflare-beacons,,,,,,,,,QL73-AA,,,,,,,,QL73-AA,0.0,,0,continue,manual,227.00,,true,true,,,,,,,,,,,,,,,,,,,,,,,,,,,,,,,,lb,,,
quadraflare-beacons,,,,,,,,,QL73-A-DEU,,,,,,,,QL73-A-DEU,0.0,,0,continue,manual,233.00,,true,true,,,,,,,,,,,,,,,,,,,,,,,,,,,,,,,,lb,,,
quadraflare-beacons,,,,,,,,,QL73-ARROW,,,,,,,,QL73-ARROW,0.0,,0,continue,manual,232.00,,true,true,,,,,,,,,,,,,,,,,,,,,,,,,,,,,,,,lb,,,
quadraflare-beacons,,,,,,,,,QL73-BACKUP,,,,,,,,QL73-BACKUP,0.0,,0,continue,manual,265.00,,true,true,,,,,,,,,,,,,,,,,,,,,,,,,,,,,,,,lb,,,
quadraflare-beacons,,,,,,,,,QL73-BB,,,,,,,,QL73-BB,0.0,,0,continue,manual,227.00,,true,true,,,,,,,,,,,,,,,,,,,,,,,,,,,,,,,,lb,,,
quadraflare-beacons,,,,,,,,,QL73C-AA,,,,,,,,QL73C-AA,0.0,,0,continue,manual,227.00,,true,true,,,,,,,,,,,,,,,,,,,,,,,,,,,,,,,,lb,,,
quadraflare-beacons,,,,,,,,,QL73C-AW,,,,,,,,QL73C-AW,0.0,,0,continue,manual,265.00,,true,true,,,,,,,,,,,,,,,,,,,,,,,,,,,,,,,,lb,,,
quadraflare-beacons,,,,,,,,,QL73C-BB,,,,,,,,QL73C-BB,0.0,,0,continue,manual,227.00,,true,true,,,,,,,,,,,,,,,,,,,,,,,,,,,,,,,,lb,,,
quadraflare-beacons,,,,,,,,,QL73C-RA,,,,,,,,QL73C-RA,0.0,,0,continue,manual,278.00,,true,true,,,,,,,,,,,,,,,,,,,,,,,,,,,,,,,,lb,,,
quadraflare-beacons,,,,,,,,,QL73C-RB,,,,,,,,QL73C-RB,0.0,,0,continue,manual,278.00,,true,true,,,,,,,,,,,,,,,,,,,,,,,,,,,,,,,,lb,,,
quadraflare-beacons,,,,,,,,,QL73C-RR,,,,,,,,QL73C-RR,0.0,,0,continue,manual,227.00,,true,true,,,,,,,,,,,,,,,,,,,,,,,,,,,,,,,,lb,,,
quadraflare-beacons,,,,,,,,,QL73C-RW,,,,,,,,QL73C-RW,0.0,,0,continue,manual,278.00,,true,true,,,,,,,,,,,,,,,,,,,,,,,,,,,,,,,,lb,,,
quadraflare-beacons,,,,,,,,,QL73C-WW,,,,,,,,QL73C-WW,0.0,,0,continue,manual,227.00,,true,true,,,,,,,,,,,,,,,,,,,,,,,,,,,,,,,,lb,,,
quadraflare-beacons,,,,,,,,,QL73-LB,,,,,,,,QL73-LB,0.0,,0,continue,manual,246.00,,true,true,,,,,,,,,,,,,,,,,,,,,,,,,,,,,,,,lb,,,
quadraflare-beacons,,,,,,,,,QL73LEDSCENE-SB,,,,,,,,QL73LEDSCENE-SB,0.0,,0,continue,manual,267.00,,true,true,,,,,,,,,,,,,,,,,,,,,,,,,,,,,,,,lb,,,
quadraflare-beacons,,,,,,,,,QL73MC,,,,,,,,QL73MC,0.0,,0,continue,manual,34.00,,true,true,,,,,,,,,,,,,,,,,,,,,,,,,,,,,,,,lb,,,
quadraflare-beacons,,,,,,,,,QL73-RR,,,,,,,,QL73-RR,0.0,,0,continue,manual,227.00,,true,true,,,,,,,,,,,,,,,,,,,,,,,,,,,,,,,,lb,,,
quadraflare-beacons,,,,,,,,,QL97-AA,,,,,,,,QL97-AA,0.0,,0,continue,manual,407.00,,true,true,,,,,,,,,,,,,,,,,,,,,,,,,,,,,,,,lb,,,
quadraflare-beacons,,,,,,,,,QL97-BACKUP,,,,,,,,QL97-BACKUP,0.0,,0,continue,manual,421.00,,true,true,,,,,,,,,,,,,,,,,,,,,,,,,,,,,,,,lb,,,
quadraflare-beacons,,,,,,,,,QL97-BB,,,,,,,,QL97-BB,0.0,,0,continue,manual,407.00,,true,true,,,,,,,,,,,,,,,,,,,,,,,,,,,,,,,,lb,,,
quadraflare-beacons,,,,,,,,,QL97C-AA,,,,,,,,QL97C-AA,0.0,,0,continue,manual,407.00,,true,true,,,,,,,,,,,,,,,,,,,,,,,,,,,,,,,,lb,,,
quadraflare-beacons,,,,,,,,,QL97C-BB,,,,,,,,QL97C-BB,0.0,,0,continue,manual,407.00,,true,true,,,,,,,,,,,,,,,,,,,,,,,,,,,,,,,,lb,,,
quadraflare-beacons,,,,,,,,,QL97C-RA,,,,,,,,QL97C-RA,0.0,,0,continue,manual,468.00,,true,true,,,,,,,,,,,,,,,,,,,,,,,,,,,,,,,,lb,,,
quadraflare-beacons,,,,,,,,,QL97C-RB,,,,,,,,QL97C-RB,0.0,,0,continue,manual,468.00,,true,true,,,,,,,,,,,,,,,,,,,,,,,,,,,,,,,,lb,,,
quadraflare-beacons,,,,,,,,,QL97C-RR,,,,,,,,QL97C-RR,0.0,,0,continue,manual,407.00,,true,true,,,,,,,,,,,,,,,,,,,,,,,,,,,,,,,,lb,,,
quadraflare-beacons,,,,,,,,,QL97C-RW,,,,,,,,QL97C-RW,0.0,,0,continue,manual,468.00,,true,true,,,,,,,,,,,,,,,,,,,,,,,,,,,,,,,,lb,,,
quadraflare-beacons,,,,,,,,,QL97C-WW,,,,,,,,QL97C-WW,0.0,,0,continue,manual,407.00,,true,true,,,,,,,,,,,,,,,,,,,,,,,,,,,,,,,,lb,,,
quadraflare-beacons,,,,,,,,,QL97LEDSCENE-SB,,,,,,,,QL97LEDSCENE-SB,0.0,,0,continue,manual,561.00,,true,true,,,,,,,,,,,,,,,,,,,,,,,,,,,,,,,,lb,,,
quadraflare-beacons,,,,,,,,,QL97LEDSCENE-SB-D,,,,,,,,QL97LEDSCENE-SB-D,0.0,,0,continue,manual,583.00,,true,true,,,,,,,,,,,,,,,,,,,,,,,,,,,,,,,,lb,,,
quadraflare-beacons,,,,,,,,,QL97MC,,,,,,,,QL97MC,0.0,,0,continue,manual,45.00,,true,true,,,,,,,,,,,,,,,,,,,,,,,,,,,,,,,,lb,,,
quadraflare-beacons,,,,,,,,,QL97-RR,,,,,,,,QL97-RR,0.0,,0,continue,manual,407.00,,true,true,,,,,,,,,,,,,,,,,,,,,,,,,,,,,,,,lb,,,
perimeter-breach-warning,Perimeter Breach Warning,"<h1>Federal Signal Perimeter Breach Warning</h1><p>Federal Signal's Perimeter Breach Warning (PBW) system enhances officer safety by creating an active situational awareness zone around a stationary patrol vehicle. When the vehicle is parked with the engine running and warning lights active, PBW monitors the perimeter and alerts the officer when another vehicle or person approaches — a critical officer safety feature built directly into the Pathfinder platform.</p><h2>Why departments choose Perimeter Breach Warning</h2><ul>
<li>
<strong>Automatic perimeter monitoring</strong> → PBW activates when the patrol vehicle is stationary with lights on, continuously monitoring the area around the vehicle for approaching traffic or pedestrians</li>
<li>
<strong>Officer safety at traffic stops and report writing</strong> → officers who remain in the vehicle to write reports or process stops gain active awareness of their surroundings without manual monitoring</li>
<li>
<strong>Integrated with Pathfinder siren/light controller</strong> → PBW is a built-in feature of the Pathfinder PF200 and PF400 — no separate hardware required on Pathfinder-equipped vehicles</li>
<li>
<strong>Automatic warning escalation</strong> → when a breach is detected, PBW can automatically increase warning light flash intensity or activate additional warning outputs to alert the approaching driver</li>
<li>
<strong>Configurable sensitivity and response</strong> → PBW behavior is configurable through Convergence Network Configuration Software to match departmental policies and patrol environments</li>
</ul><h2>Technical Specs</h2><table><tbody>
<tr>
<td>Compatible With</td>
<td>Pathfinder® PF200, PF400 siren/light controllers</td>
</tr>
<tr>
<td>Warranty</td>
<td>Federal Signal limited warranty</td>
</tr>
</tbody></table><p><em>Perimeter Breach Warning is integrated into the Pathfinder platform. Contact us to confirm PBW availability for your Pathfinder configuration.</em></p><h2>Ordering from TFR Supply</h2><p>TFR Supply is an authorized Federal Signal dealer serving Texas law enforcement, fire, and EMS agencies. Every order ships direct to your location — no middleman, no inventory delays. Government and department accounts receive tax-exempt checkout and agency pricing. Need installation? Our sister company <a href=""https://www.tx1rs.com"">Texas First Response Services</a> provides professional upfit services across Texas. Create a department account or reach out directly to get started.</p>",Federal Signal,Vehicles & Parts > Vehicle Parts & Accessories > Motor Vehicle Parts > Motor Vehicle Lighting,Emergency Vehicle Warning Lights,"Brand_Federal Signal, Category_Emergency Vehicle Equipment, Federal Signal, Perimeter Breach Warning, Use_Fleet Upfitting, Use_Law Enforcement, Use_Public Safety",true,SKU,PBWK-DUR23,,,,,,,,PBWK-DUR23,0.0,,0,continue,manual,69.00,,true,true,,,,,,https://cdn.shopify.com/s/files/1/0725/9330/9807/files/perimeter-breach-warning-system-PBW-SYSTEM-LaidOut-png.webp?v=1781535536,1,Perimeter Breach Warning product image for TFR Supply emergency vehicle upfitting,false,Perimeter Breach Warning | Federal Signal,"Shop Federal Signal Perimeter Breach Warning for emergency vehicle upfitting, fleet builds, law enforcement, fire, EMS, and public safety vehicle applications.",3318,,,PBWK-DUR23,new,FALSE,,,,,,"Shop Federal Signal Perimeter Breach Warning for emergency vehicle upfitting, fleet builds, law enforcement, fire, EMS, and public safety vehicle applications.",Perimeter Breach Warning | Federal Signal,new,FALSE,3318,,,,,lb,,,active
perimeter-breach-warning,,,,,,,,,PBWK-FPIU20,,,,,,,,PBWK-FPIU20,0.0,,0,continue,manual,69.00,,true,true,,,,,,,,,,,,,,,,,,,,,,,,,,,,,,,,lb,,,
perimeter-breach-warning,,,,,,,,,PBWK-TAH21,,,,,,,,PBWK-TAH21,0.0,,0,continue,manual,69.00,,true,true,,,,,,,,,,,,,,,,,,,,,,,,,,,,,,,,lb,,,
other-miscellaneous,Other Miscellaneous,"<h1>Federal Signal Miscellaneous Parts &amp; Accessories</h1><p>Federal Signal genuine replacement parts, consumables, and miscellaneous accessories for emergency vehicle warning systems — the components that keep your fleet running without requiring full product replacement. From replacement lenses and gaskets to fasteners and wiring connectors, these are the parts that maintain system performance between major service intervals.</p><h2>Why departments and fleet managers source from TFR Supply</h2><ul>
<li>
<strong>Genuine Federal Signal parts</strong> → OEM components manufactured to the same specifications as the original equipment, not aftermarket substitutes that compromise fit or longevity</li>
<li>
<strong>Authorized dealer sourcing</strong> → TFR Supply's authorized Federal Signal dealer status ensures genuine parts with warranty coverage — not gray-market inventory</li>
<li>
<strong>Direct ship to your location</strong> → no need to route orders through a distributor or wait for parts to arrive at an installer's shop before they reach your fleet</li>
<li>
<strong>Department account pricing</strong> → fleet accounts receive consistent pricing on repeat consumable and replacement part orders</li>
</ul><p><em>Contact us or log into your department account to locate a specific part number or confirm availability for your Federal Signal equipment.</em></p><h2>Ordering from TFR Supply</h2><p>TFR Supply is an authorized Federal Signal dealer serving Texas law enforcement, fire, and EMS agencies. Every order ships direct to your location — no middleman, no inventory delays. Government and department accounts receive tax-exempt checkout and agency pricing. Need installation? Our sister company <a href=""https://www.tx1rs.com"">Texas First Response Services</a> provides professional upfit services across Texas. Create a department account or reach out directly to get started.</p>",Federal Signal,Vehicles & Parts > Vehicle Parts & Accessories > Motor Vehicle Parts > Motor Vehicle Lighting,Vehicle Parts,"Brand_Federal Signal, Category_Emergency Vehicle Equipment, Federal Signal, Other Miscellaneous, Use_Fleet Upfitting, Use_Law Enforcement, Use_Public Safety",false,SKU,211676,,,,,,,,'211676,0.0,,0,continue,manual,43.00,,true,true,,,,,,https://cdn.shopify.com/s/files/1/0725/9330/9807/files/262650-02.jpg?v=1781074482,1,Other Miscellaneous - 262650-02 - Federal Signal emergency vehicle equipment,false,Other Miscellaneous | Federal Signal,"Shop Federal Signal Other Miscellaneous for emergency vehicle upfitting, fleet builds, law enforcement, fire, EMS, and public safety vehicle applications.",3318,,,'211676,new,FALSE,,,,,,"Shop Federal Signal Other Miscellaneous for emergency vehicle upfitting, fleet builds, law enforcement, fire, EMS, and public safety vehicle applications.",Other Miscellaneous | Federal Signal,new,FALSE,3318,,,,,lb,,,draft
other-miscellaneous,,,,,,,,,416302,,,,,,,,'416302,0.0,,0,continue,manual,23.00,,true,true,,,,,,https://cdn.shopify.com/s/files/1/0725/9330/9807/files/300B-TALL.jpg?v=1781074480,2,Other Miscellaneous - 300B-TALL - Federal Signal emergency vehicle equipment,,,,,,,,,,,,,,,,,,,,,,,,lb,,,
other-miscellaneous,,,,,,,,,220250-02-MP6,,,,,,,,220250-02-MP6,0.0,,0,continue,manual,804.00,,true,true,,,,,,https://cdn.shopify.com/s/files/1/0725/9330/9807/files/330104-SB.jpg?v=1781074482,3,Other Miscellaneous - 330104-SB - Federal Signal emergency vehicle equipment,,,,,,,,,,,,,,,,,,,,,,,,lb,,,
other-miscellaneous,,,,,,,,,262650-02,,,,,,,,262650-02,0.0,,0,continue,manual,713.00,,true,true,,,,,,https://cdn.shopify.com/s/files/1/0725/9330/9807/files/331105-SB.jpg?v=1781074481,4,Other Miscellaneous - 331105-SB - Federal Signal emergency vehicle equipment,,,,,,,,,,,,,,,,,,,,,,,,lb,,,
other-miscellaneous,,,,,,,,,262650-04,,,,,,,,262650-04,0.0,,0,continue,manual,713.00,,true,true,,,,,,https://cdn.shopify.com/s/files/1/0725/9330/9807/files/660100SSG.jpg?v=1781074482,5,Other Miscellaneous - 660100SSG - Federal Signal emergency vehicle equipment,,,,,,,,,,,,,,,,,,,,,,,,lb,,,
other-miscellaneous,,,,,,,,,262650-05,,,,,,,,262650-05,0.0,,0,continue,manual,713.00,,true,true,,,,,,https://cdn.shopify.com/s/files/1/0725/9330/9807/files/COM7-B.jpg?v=1781074481,6,Other Miscellaneous - COM7-B - Federal Signal emergency vehicle equipment,,,,,,,,,,,,,,,,,,,,,,,,lb,,,
other-miscellaneous,,,,,,,,,262650-25,,,,,,,,262650-25,0.0,,0,continue,manual,713.00,,true,true,,,,,,https://cdn.shopify.com/s/files/1/0725/9330/9807/files/COM7-W.jpg?v=1781074481,7,Other Miscellaneous - COM7-W - Federal Signal emergency vehicle equipment,,,,,,,,,,,,,,,,,,,,,,,,lb,,,
other-miscellaneous,,,,,,,,,282650-65,,,,,,,,282650-65,0.0,,0,continue,manual,713.00,,true,true,,,,,,https://cdn.shopify.com/s/files/1/0725/9330/9807/files/COM9-B.jpg?v=1781074481,8,Other Miscellaneous - COM9-B - Federal Signal emergency vehicle equipment,,,,,,,,,,,,,,,,,,,,,,,,lb,,,
other-miscellaneous,,,,,,,,,300B-SHORT,,,,,,,,300B-SHORT,0.0,,0,continue,manual,107.00,,true,true,,,,,,https://cdn.shopify.com/s/files/1/0725/9330/9807/files/COM9-W.jpg?v=1781074481,9,Other Miscellaneous - COM9-W - Federal Signal emergency vehicle equipment,,,,,,,,,,,,,,,,,,,,,,,,lb,,,
other-miscellaneous,,,,,,,,,300B-TALL,,,,,,,,300B-TALL,0.0,,0,continue,manual,116.00,,true,true,,,,,,https://cdn.shopify.com/s/files/1/0725/9330/9807/files/FHL-CHG.jpg?v=1781074481,10,Other Miscellaneous - FHL-CHG - Federal Signal emergency vehicle equipment,,,,,,,,,,,,,,,,,,,,,,,,lb,,,
other-miscellaneous,,,,,,,,,304301SB,,,,,,,,304301SB,0.0,,0,continue,manual,1087.00,,true,true,,,,,,https://cdn.shopify.com/s/files/1/0725/9330/9807/files/FHL-TAIL.jpg?v=1781074482,11,Other Miscellaneous - FHL-TAIL - Federal Signal emergency vehicle equipment,,,,,,,,,,,,,,,,,,,,,,,,lb,,,
other-miscellaneous,,,,,,,,,330104-SB,,,,,,,,330104-SB,0.0,,0,continue,manual,343.00,,true,true,,,,,,https://cdn.shopify.com/s/files/1/0725/9330/9807/files/FSJOINPR-1.jpg?v=1781074481,12,Other Miscellaneous - FSJOINPR-1 - Federal Signal emergency vehicle equipment,,,,,,,,,,,,,,,,,,,,,,,,lb,,,
other-miscellaneous,,,,,,,,,331105-SB,,,,,,,,331105-SB,0.0,,0,continue,manual,508.00,,true,true,,,,,,https://cdn.shopify.com/s/files/1/0725/9330/9807/files/PFSYNC-1_55cddde5-77be-40ec-83fb-b58ea124cc38.jpg?v=1781074502,13,Other Miscellaneous - PFSYNC-1 - Federal Signal emergency vehicle equipment,,,,,,,,,,,,,,,,,,,,,,,,lb,,,
other-miscellaneous,,,,,,,,,4200S-A,,,,,,,,4200S-A,0.0,,0,continue,manual,76.00,,true,true,,,,,,,,,,,,,,,,,,,,,,,,,,,,,,,,lb,,,
other-miscellaneous,,,,,,,,,64MC,,,,,,,,64MC,0.0,,0,continue,manual,34.00,,true,true,,,,,,,,,,,,,,,,,,,,,,,,,,,,,,,,lb,,,
other-miscellaneous,,,,,,,,,660100SSG,,,,,,,,660100SSG,0.0,,0,continue,manual,399.00,,true,true,,,,,,,,,,,,,,,,,,,,,,,,,,,,,,,,lb,,,
other-miscellaneous,,,,,,,,,A12SA,,,,,,,,A12SA,0.0,,0,continue,manual,872.00,,true,true,,,,,,,,,,,,,,,,,,,,,,,,,,,,,,,,lb,,,
other-miscellaneous,,,,,,,,,ADSV-25-Z,,,,,,,,ADSV-25-Z,0.0,,0,continue,manual,743.00,,true,true,,,,,,,,,,,,,,,,,,,,,,,,,,,,,,,,lb,,,
other-miscellaneous,,,,,,,,,COM1FC-A,,,,,,,,COM1FC-A,0.0,,0,continue,manual,40.00,,true,true,,,,,,,,,,,,,,,,,,,,,,,,,,,,,,,,lb,,,
other-miscellaneous,,,,,,,,,COM1FC-R,,,,,,,,COM1FC-R,0.0,,0,continue,manual,40.00,,true,true,,,,,,,,,,,,,,,,,,,,,,,,,,,,,,,,lb,,,
other-miscellaneous,,,,,,,,,COM1MC-A,,,,,,,,COM1MC-A,0.0,,0,continue,manual,40.00,,true,true,,,,,,,,,,,,,,,,,,,,,,,,,,,,,,,,lb,,,
other-miscellaneous,,,,,,,,,COM1MC-R,,,,,,,,COM1MC-R,0.0,,0,continue,manual,40.00,,true,true,,,,,,,,,,,,,,,,,,,,,,,,,,,,,,,,lb,,,
other-miscellaneous,,,,,,,,,COM7-B,,,,,,,,COM7-B,0.0,,0,continue,manual,129.00,,true,true,,,,,,,,,,,,,,,,,,,,,,,,,,,,,,,,lb,,,
other-miscellaneous,,,,,,,,,COM7-C,,,,,,,,COM7-C,0.0,,0,continue,manual,129.00,,true,true,,,,,,,,,,,,,,,,,,,,,,,,,,,,,,,,lb,,,
other-miscellaneous,,,,,,,,,COM7-W,,,,,,,,COM7-W,0.0,,0,continue,manual,129.00,,true,true,,,,,,,,,,,,,,,,,,,,,,,,,,,,,,,,lb,,,
other-miscellaneous,,,,,,,,,COM8PTC,,,,,,,,COM8PTC,0.0,,0,continue,manual,125.00,,true,true,,,,,,,,,,,,,,,,,,,,,,,,,,,,,,,,lb,,,
other-miscellaneous,,,,,,,,,COM9-B,,,,,,,,COM9-B,0.0,,0,continue,manual,166.00,,true,true,,,,,,,,,,,,,,,,,,,,,,,,,,,,,,,,lb,,,
other-miscellaneous,,,,,,,,,COM9-W,,,,,,,,COM9-W,0.0,,0,continue,manual,166.00,,true,true,,,,,,,,,,,,,,,,,,,,,,,,,,,,,,,,lb,,,
other-miscellaneous,,,,,,,,,EXPMOD-2,,,,,,,,EXPMOD-2,0.0,,0,continue,manual,795.00,,true,true,,,,,,,,,,,,,,,,,,,,,,,,,,,,,,,,lb,,,
other-miscellaneous,,,,,,,,,EXPMOD24,,,,,,,,EXPMOD24,0.0,,0,continue,manual,431.00,,true,true,,,,,,,,,,,,,,,,,,,,,,,,,,,,,,,,lb,,,
other-miscellaneous,,,,,,,,,EXPMOD32,,,,,,,,EXPMOD32,0.0,,0,continue,manual,543.00,,true,true,,,,,,,,,,,,,,,,,,,,,,,,,,,,,,,,lb,,,
other-miscellaneous,,,,,,,,,FA3-SC,,,,,,,,FA3-SC,0.0,,0,continue,manual,126.00,,true,true,,,,,,,,,,,,,,,,,,,,,,,,,,,,,,,,lb,,,
other-miscellaneous,,,,,,,,,FHL2-SC,,,,,,,,FHL2-SC,0.0,,0,continue,manual,142.00,,true,true,,,,,,,,,,,,,,,,,,,,,,,,,,,,,,,,lb,,,
other-miscellaneous,,,,,,,,,FHL-CHG,,,,,,,,FHL-CHG,0.0,,0,continue,manual,165.00,,true,true,,,,,,,,,,,,,,,,,,,,,,,,,,,,,,,,lb,,,
other-miscellaneous,,,,,,,,,FHL-HL,,,,,,,,FHL-HL,0.0,,0,continue,manual,144.00,,true,true,,,,,,,,,,,,,,,,,,,,,,,,,,,,,,,,lb,,,
other-miscellaneous,,,,,,,,,FHL-TAIL,,,,,,,,FHL-TAIL,0.0,,0,continue,manual,156.00,,true,true,,,,,,,,,,,,,,,,,,,,,,,,,,,,,,,,lb,,,
other-miscellaneous,,,,,,,,,FSJOINPR-1,,,,,,,,FSJOINPR-1,0.0,,0,continue,manual,179.00,,true,true,,,,,,,,,,,,,,,,,,,,,,,,,,,,,,,,lb,,,
other-miscellaneous,,,,,,,,,FSLINKPR-1,,,,,,,,FSLINKPR-1,0.0,,0,continue,manual,200.00,,true,true,,,,,,,,,,,,,,,,,,,,,,,,,,,,,,,,lb,,,
other-miscellaneous,,,,,,,,,ICSSPL-P,,,,,,,,ICSSPL-P,0.0,,0,continue,manual,875.00,,true,true,,,,,,,,,,,,,,,,,,,,,,,,,,,,,,,,lb,,,
other-miscellaneous,,,,,,,,,OBDMOD16,,,,,,,,OBDMOD16,0.0,,0,continue,manual,450.00,,true,true,,,,,,,,,,,,,,,,,,,,,,,,,,,,,,,,lb,,,
other-miscellaneous,,,,,,,,,PBW-SYSTEM,,,,,,,,PBW-SYSTEM,0.0,,0,continue,manual,1877.00,,true,true,,,,,,,,,,,,,,,,,,,,,,,,,,,,,,,,lb,,,
other-miscellaneous,,,,,,,,,PFPDM-1,,,,,,,,PFPDM-1,0.0,,0,continue,manual,796.00,,true,true,,,,,,,,,,,,,,,,,,,,,,,,,,,,,,,,lb,,,
other-miscellaneous,,,,,,,,,PFSYNC-1,,,,,,,,PFSYNC-1,0.0,,0,continue,manual,384.00,,true,true,,,,,,,,,,,,,,,,,,,,,,,,,,,,,,,,lb,,,
other-miscellaneous,,,,,,,,,PLPR1,,,,,,,,PLPR1,0.0,,0,continue,manual,99.00,,true,true,,,,,,,,,,,,,,,,,,,,,,,,,,,,,,,,lb,,,
other-miscellaneous,,,,,,,,,ROCPR2,,,,,,,,ROCPR2,0.0,,0,continue,manual,394.00,,true,true,,,,,,,,,,,,,,,,,,,,,,,,,,,,,,,,lb,,,
other-micropulse,Other MicroPulse,"<h1>Federal Signal MicroPulse® — Additional Models &amp; Configurations</h1><p>Federal Signal's MicroPulse® family extends beyond the core 3, 6, 12, Ultra, and Wide Angle product lines to include specialty configurations, interior mount options, and application-specific variants for unique vehicle positions and operational requirements. This page covers MicroPulse models not listed elsewhere — contact us to confirm availability for your specific application.</p><h2>Why departments choose MicroPulse for perimeter warning</h2><ul>
<li>
<strong>Slim, versatile design</strong> → MicroPulse's ultra-low profile enables mounting in positions that larger warning lights physically cannot occupy — grille cavities, door jambs, mirror housings, and interior window positions</li>
<li>
<strong>FSJoin compatible</strong> → all MicroPulse models synchronize with Federal Signal lightbars, sirens, and controllers via the FS Convergence Network</li>
<li>
<strong>Single, dual, and tri-color options</strong> → Red, Blue, Amber, White, and Green in combination configurations to match any jurisdictional or operational requirement</li>
<li>
<strong>IP67 rated</strong> → sealed against moisture and dust ingress, rated for all weather conditions including pressure wash-down</li>
<li>
<strong>SAE J845 Class 1 certified</strong> → meets Class 1 warning light standards across Amber, Blue, Green, Red, and White</li>
</ul><h2>Technical Specs</h2><table><tbody>
<tr>
<td>Input Voltage</td>
<td>12/24 VDC</td>
</tr>
<tr>
<td>Certifications</td>
<td>SAE J845 Class 1, IP67</td>
</tr>
<tr>
<td>Warranty</td>
<td>Federal Signal limited warranty</td>
</tr>
</tbody></table><p><em>Contact us or log into your department account to confirm the right MicroPulse model for your application.</em></p><h2>Ordering from TFR Supply</h2><p>TFR Supply is an authorized Federal Signal dealer serving Texas law enforcement, fire, and EMS agencies. Every order ships direct to your location — no middleman, no inventory delays. Government and department accounts receive tax-exempt checkout and agency pricing. Need installation? Our sister company <a href=""https://www.tx1rs.com"">Texas First Response Services</a> provides professional upfit services across Texas. Create a department account or reach out directly to get started.</p>",Federal Signal,Vehicles & Parts > Vehicle Parts & Accessories > Motor Vehicle Parts > Motor Vehicle Lighting,Vehicle Parts,"Brand_Federal Signal, Category_Emergency Vehicle Equipment, Family_MicroPulse, Federal Signal, Other MicroPulse, Use_Fleet Upfitting, Use_Law Enforcement, Use_Public Safety",false,Color,Amber/White,,SKU,MPSC2-AW,,,,,MPSC2-AW,0.0,,0,continue,manual,224.00,,true,true,,,,,,https://cdn.shopify.com/s/files/1/0725/9330/9807/files/MPSC2-BW.jpg?v=1781074482,1,Other MicroPulse - MPSC2-BW - Federal Signal emergency vehicle equipment,false,Other MicroPulse | Federal Signal,"Shop Federal Signal Other MicroPulse for emergency vehicle upfitting, fleet builds, law enforcement, fire, EMS, and public safety vehicle applications.",3318,,,MPSC2-AW,new,FALSE,,,,,,"Shop Federal Signal Other MicroPulse for emergency vehicle upfitting, fleet builds, law enforcement, fire, EMS, and public safety vehicle applications.",Other MicroPulse | Federal Signal,new,FALSE,3318,,,,,lb,,,draft
other-micropulse,,,,,,,,,Blue/White,,,MPSC2-BW,,,,,MPSC2-BW,0.0,,0,continue,manual,224.00,,true,true,,,,,,https://cdn.shopify.com/s/files/1/0725/9330/9807/files/MPSC2-RB.jpg?v=1781074482,2,Other MicroPulse - MPSC2-RB - Federal Signal emergency vehicle equipment,,,,,,,,,,,,,,,,,,,,,,,,lb,,,
other-micropulse,,,,,,,,,Red/Blue,,,MPSC2-RB,,,,,MPSC2-RB,0.0,,0,continue,manual,224.00,,true,true,,,,,,,,,,,,,,,,,,,,,,,,,,,,,,,,lb,,,
other-micropulse,,,,,,,,,Red/White,,,MPSC2-RW,,,,,MPSC2-RW,0.0,,0,continue,manual,224.00,,true,true,,,,,,,,,,,,,,,,,,,,,,,,,,,,,,,,lb,,,
other-micropulse,,,,,,,,,Blue/White,,,MPSC2X-BW,,,,,MPSC2X-BW,0.0,,0,continue,manual,224.00,,true,true,,,,,,,,,,,,,,,,,,,,,,,,,,,,,,,,lb,,,
other-micropulse,,,,,,,,,Red/Blue,,,MPSC2X-RB,,,,,MPSC2X-RB,0.0,,0,continue,manual,224.00,,true,true,,,,,,,,,,,,,,,,,,,,,,,,,,,,,,,,lb,,,
other-micropulse,,,,,,,,,Red/White,,,MPSC2X-RW,,,,,MPSC2X-RW,0.0,,0,continue,manual,224.00,,true,true,,,,,,,,,,,,,,,,,,,,,,,,,,,,,,,,lb,,,
other-micropulse,,,,,,,,,Amber,,,MPSC-A,,,,,MPSC-A,0.0,,0,continue,manual,211.00,,true,true,,,,,,,,,,,,,,,,,,,,,,,,,,,,,,,,lb,,,
other-micropulse,,,,,,,,,Blue,,,MPSC-B,,,,,MPSC-B,0.0,,0,continue,manual,211.00,,true,true,,,,,,,,,,,,,,,,,,,,,,,,,,,,,,,,lb,,,
other-micropulse,,,,,,,,,Red,,,MPSC-R,,,,,MPSC-R,0.0,,0,continue,manual,211.00,,true,true,,,,,,,,,,,,,,,,,,,,,,,,,,,,,,,,lb,,,
other-micropulse,,,,,,,,,White,,,MPSC-W,,,,,MPSC-W,0.0,,0,continue,manual,211.00,,true,true,,,,,,,,,,,,,,,,,,,,,,,,,,,,,,,,lb,,,
opticom-accessories,Opticom Accessories,"<h1>Federal Signal Opticom® Accessories</h1><p>Genuine accessories for the Federal Signal Opticom® traffic signal preemption system — emitters, cables, mounting hardware, and replacement components that maintain reliable intersection preemption capability across your emergency vehicle fleet. Opticom is the industry-standard traffic signal preemption technology used by law enforcement, fire, and EMS agencies across North America.</p><h2>Why departments choose Opticom Accessories</h2><ul>
<li>
<strong>Genuine Opticom components</strong> → OEM accessories engineered specifically for the Opticom system, maintaining the precise optical and electrical specifications required for reliable signal preemption</li>
<li>
<strong>Emitter mounting hardware</strong> → vehicle-specific brackets and mounting hardware position Opticom emitters in the correct forward-facing location for maximum signal range and intersection coverage</li>
<li>
<strong>Cable and connector assemblies</strong> → replacement wiring components maintain the reliable electrical connection between the Opticom controller and emitter heads</li>
<li>
<strong>Compatible with Opticom GPS and infrared systems</strong> → accessories available for both GPS-based and traditional infrared Opticom installations</li>
</ul><h2>Technical Specs</h2><table><tbody>
<tr>
<td>Compatibility</td>
<td>Opticom® traffic signal preemption systems</td>
</tr>
<tr>
<td>Warranty</td>
<td>Federal Signal limited warranty</td>
</tr>
</tbody></table><p><em>Contact us or log into your department account to confirm the right Opticom accessory for your system and vehicle.</em></p><h2>Ordering from TFR Supply</h2><p>TFR Supply is an authorized Federal Signal dealer serving Texas law enforcement, fire, and EMS agencies. Every order ships direct to your location — no middleman, no inventory delays. Government and department accounts receive tax-exempt checkout and agency pricing. Need installation? Our sister company <a href=""https://www.tx1rs.com"">Texas First Response Services</a> provides professional upfit services across Texas. Create a department account or reach out directly to get started.</p>",Federal Signal,Vehicles & Parts > Vehicle Parts & Accessories > Motor Vehicle Parts > Motor Vehicle Lighting,Vehicle Lighting Accessories,"Brand_Federal Signal, Category_Emergency Vehicle Equipment, Federal Signal, Opticom Accessories, Product_Accessory, Use_Fleet Upfitting, Use_Law Enforcement, Use_Public Safety",false,Component,"EXT. OPTICOM ASSY,DS",,,,,,,,795H-EXTB-D,0.0,,0,continue,manual,3434.00,,true,true,,,,,,https://cdn.shopify.com/s/files/1/0725/9330/9807/files/opticom-795H-EXTB-D-795H-EXTB-P-menu-png.webp?v=1781535538,1,Opticom Accessories product image for TFR Supply emergency vehicle upfitting,false,Opticom Accessories | Federal Signal,"Shop Federal Signal Opticom Accessories for emergency vehicle upfitting, fleet builds, law enforcement, fire, EMS, and public safety vehicle applications.",3318,,,795H-EXTB-D,new,FALSE,,,,,,"Shop Federal Signal Opticom Accessories for emergency vehicle upfitting, fleet builds, law enforcement, fire, EMS, and public safety vehicle applications.",Opticom Accessories | Federal Signal,new,FALSE,3318,,,,,lb,,,draft
opticom-accessories,,,,,,,,,"EXT. OPTICOM ASSY,PS",,,,,,,,795H-EXTB-P,0.0,,0,continue,manual,3434.00,,true,true,,,,,,,,,,,,,,,,,,,,,,,,,,,,,,,,lb,,,
micropulse-wide-angle-pro,MicroPulse Wide Angle Pro,"<h1>Federal Signal MicroPulse® Wide Angle Pro</h1><p>The MicroPulse® Wide Angle Pro is Federal Signal's most advanced perimeter warning light — delivering a sweeping 180-degree light spread through an advanced curved lens and high-intensity LED array that makes emergency vehicles unmistakably visible from every lateral angle. Engineered for law enforcement, fire apparatus, and specialty rescue fleets where standard flat LED heads leave critical warning gaps at wide approach angles.</p><h2>Why departments choose the MicroPulse Wide Angle Pro</h2><ul>
<li>
<strong>180-degree curved lens design</strong> → the advanced curved lens geometry produces a true 180-degree light sweep that flat LED panels cannot replicate at push bumper, grille, and door positions</li>
<li>
<strong>Downward-projected White light</strong> → integrated ground illumination enhances officer safety during nighttime vehicle exit and supports safe movement around the vehicle at scene operations</li>
<li>
<strong>Tri-color capability</strong> → single, dual, or tri-color operation in Red, Blue, Amber, Green, and White — one unit covers standard fleet, multi-agency, and specialized response requirements</li>
<li>
<strong>Smoked lens option</strong> → optional smoked lens provides discretion for patrol and undercover applications without sacrificing warning output when activated</li>
<li>
<strong>UV-resistant polycarbonate construction</strong> → housing and lens withstand UV degradation, direct rain, vibration, and temperature extremes across years of outdoor mounting</li>
<li>
<strong>FSJoin compatible</strong> → synchronizes with Federal Signal lightbars, sirens, and controllers via the FS Convergence Network</li>
<li>SAE J845 Class 1, IP67 rated</li>
</ul><h2>Technical Specs</h2><table><tbody>
<tr>
<td>Input Voltage</td>
<td>12/24 VDC</td>
</tr>
<tr>
<td>Lens Spread</td>
<td>180 degrees</td>
</tr>
<tr>
<td>Certifications</td>
<td>SAE J845 Class 1, IP67</td>
</tr>
<tr>
<td>Warranty</td>
<td>Federal Signal limited warranty</td>
</tr>
</tbody></table><p><em>Contact us or log into your department account to confirm color configuration and SKU for your application.</em></p><h2>Ordering from TFR Supply</h2><p>TFR Supply is an authorized Federal Signal dealer serving Texas law enforcement, fire, and EMS agencies. Every order ships direct to your location — no middleman, no inventory delays. Government and department accounts receive tax-exempt checkout and agency pricing. Need installation? Our sister company <a href=""https://www.tx1rs.com"">Texas First Response Services</a> provides professional upfit services across Texas. Create a department account or reach out directly to get started.</p>",Federal Signal,Vehicles & Parts > Vehicle Parts & Accessories > Motor Vehicle Parts > Motor Vehicle Lighting,Vehicle Parts,"Brand_Federal Signal, Category_Emergency Vehicle Equipment, Family_MicroPulse, Federal Signal, MicroPulse Wide Angle Pro, Use_Fleet Upfitting, Use_Law Enforcement, Use_Public Safety",true,Color,Amber,,SKU,MPSWP-A,,,,,MPSWP-A,0.0,,0,continue,manual,293.00,,true,true,,,,,,https://cdn.shopify.com/s/files/1/0725/9330/9807/files/micropulse-wide-angle-pro-group-megamenu-png.webp?v=1781535540,1,MicroPulse® Wide Angle Pro product image for TFR Supply emergency vehicle upfitting,false,MicroPulse Wide Angle Pro | Federal Signal,"Shop Federal Signal MicroPulse Wide Angle Pro for emergency vehicle upfitting, fleet builds, law enforcement, fire, EMS, and public safety vehicle applications.",3318,,,MPSWP-A,new,FALSE,,,,,,"Shop Federal Signal MicroPulse Wide Angle Pro for emergency vehicle upfitting, fleet builds, law enforcement, fire, EMS, and public safety vehicle applications.",MicroPulse Wide Angle Pro | Federal Signal,new,FALSE,3318,,,,,lb,,,active
micropulse-wide-angle-pro,,,,,,,,,Amber/Green/White,,,MPSWP-AGW,,,,,MPSWP-AGW,0.0,,0,continue,manual,336.00,,true,true,,,,,,https://cdn.shopify.com/s/files/1/0725/9330/9807/files/micropulse-wide-angle-hero-menu-png.webp?v=1781535537,2,MicroPulse® Wide Angle Pro product image for TFR Supply emergency vehicle upfitting,,,,,,,,,,,,,,,,,,,,,,,,lb,,,
micropulse-wide-angle-pro,,,,,,,,,Blue/Amber/White,,,MPSWP-BAW,,,,,MPSWP-BAW,0.0,,0,continue,manual,336.00,,true,true,,,,,,,,,,,,,,,,,,,,,,,,,,,,,,,,lb,,,
micropulse-wide-angle-pro,,,,,,,,,Red/Amber/White,,,MPSWP-RAW,,,,,MPSWP-RAW,0.0,,0,continue,manual,336.00,,true,true,,,,,,,,,,,,,,,,,,,,,,,,,,,,,,,,lb,,,
micropulse-wide-angle-pro,,,,,,,,,Red/Blue/Amber,,,MPSWP-RBA,,,,,MPSWP-RBA,0.0,,0,continue,manual,336.00,,true,true,,,,,,,,,,,,,,,,,,,,,,,,,,,,,,,,lb,,,
micropulse-wide-angle-pro,,,,,,,,,Red/Blue/White,,,MPSWP-RBW,,,,,MPSWP-RBW,0.0,,0,continue,manual,336.00,,true,true,,,,,,,,,,,,,,,,,,,,,,,,,,,,,,,,lb,,,
micropulse-wide-angle-pro,,,,,,,,,Red/Blue/White (Smoked),,,MPSWP-RBW-SMK,,,,,MPSWP-RBW-SMK,0.0,,0,continue,manual,336.00,,true,true,,,,,,,,,,,,,,,,,,,,,,,,,,,,,,,,lb,,,
micropulse-wide-angle-pro,,,,,,,,,Red/Green/White,,,MPSWP-RGW,,,,,MPSWP-RGW,0.0,,0,continue,manual,336.00,,true,true,,,,,,,,,,,,,,,,,,,,,,,,,,,,,,,,lb,,,
micropulse-wide-angle-9,MicroPulse Wide Angle 9,"<h1>Federal Signal MicroPulse® Wide Angle 9</h1><p>The MicroPulse® Wide Angle 9 delivers Federal Signal's 180-degree curved lens warning performance in a 9-LED configuration — providing broader light spread and higher output than the Wide Angle 6 for push bumper, grille, and body-mounted positions on patrol vehicles, fire apparatus, and EMS units where maximum lateral warning coverage is required.</p><h2>Why departments choose the MicroPulse Wide Angle 9</h2><ul>
<li>
<strong>180-degree curved lens</strong> → the signature Wide Angle curved design produces broad lateral light spread that flat LED heads cannot match at grille and bumper positions</li>
<li>
<strong>9-LED array</strong> → higher LED count than the Wide Angle 6 delivers increased output for more demanding warning applications</li>
<li>
<strong>Single, dual, and tri-color configurations</strong> → Amber, Blue, Red, Green, and White in combination options to match jurisdictional requirements</li>
<li>
<strong>Smoked lens option</strong> → provides undercover discretion without sacrificing warning output</li>
<li>
<strong>FSJoin compatible</strong> → synchronizes with Federal Signal warning system via FS Convergence Network</li>
<li>IP67 rated, SAE J845 Class 1 certified</li>
</ul><h2>Technical Specs</h2><table><tbody>
<tr>
<td>Input Voltage</td>
<td>12/24 VDC</td>
</tr>
<tr>
<td>LED Count</td>
<td>9</td>
</tr>
<tr>
<td>Lens Spread</td>
<td>180 degrees</td>
</tr>
<tr>
<td>Certifications</td>
<td>SAE J845 Class 1, IP67</td>
</tr>
<tr>
<td>Warranty</td>
<td>Federal Signal limited warranty</td>
</tr>
</tbody></table><p><em>Contact us or log into your department account to confirm color configuration and SKU.</em></p><h2>Ordering from TFR Supply</h2><p>TFR Supply is an authorized Federal Signal dealer serving Texas law enforcement, fire, and EMS agencies. Every order ships direct to your location — no middleman, no inventory delays. Government and department accounts receive tax-exempt checkout and agency pricing. Need installation? Our sister company <a href=""https://www.tx1rs.com"">Texas First Response Services</a> provides professional upfit services across Texas. Create a department account or reach out directly to get started.</p>",Federal Signal,Vehicles & Parts > Vehicle Parts & Accessories > Motor Vehicle Parts > Motor Vehicle Lighting,Vehicle Parts,"Brand_Federal Signal, Category_Emergency Vehicle Equipment, Family_MicroPulse, Federal Signal, MicroPulse Wide Angle 9, Use_Fleet Upfitting, Use_Law Enforcement, Use_Public Safety",true,Color,Amber,,SKU,MPSW9-A,,,,,MPSW9-A,0.0,,0,continue,manual,293.00,,true,true,,,,,,https://cdn.shopify.com/s/files/1/0725/9330/9807/files/MPSW9-R.jpg?v=1781074482,1,MicroPulse Wide Angle 9 - MPSW9-R - Federal Signal emergency vehicle equipment,false,MicroPulse Wide Angle 9 | Federal Signal,"Shop Federal Signal MicroPulse Wide Angle 9 for emergency vehicle upfitting, fleet builds, law enforcement, fire, EMS, and public safety vehicle applications.",3318,,,MPSW9-A,new,FALSE,,,,,,"Shop Federal Signal MicroPulse Wide Angle 9 for emergency vehicle upfitting, fleet builds, law enforcement, fire, EMS, and public safety vehicle applications.",MicroPulse Wide Angle 9 | Federal Signal,new,FALSE,3318,,,,,lb,,,active
micropulse-wide-angle-9,,,,,,,,,Amber/Green/White,,,MPSW9-AGW,,,,,MPSW9-AGW,0.0,,0,continue,manual,319.00,,true,true,,,,,,https://cdn.shopify.com/s/files/1/0725/9330/9807/files/MPSW9-RBW.jpg?v=1781074482,2,MicroPulse Wide Angle 9 - MPSW9-RBW - Federal Signal emergency vehicle equipment,,,,,,,,,,,,,,,,,,,,,,,,lb,,,
micropulse-wide-angle-9,,,,,,,,,Blue,,,MPSW9-B,,,,,MPSW9-B,0.0,,0,continue,manual,293.00,,true,true,,,,,,https://cdn.shopify.com/s/files/1/0725/9330/9807/files/MPSW9-RBW-SMK.jpg?v=1781074482,3,MicroPulse Wide Angle 9 - MPSW9-RBW-SMK - Federal Signal emergency vehicle equipment,,,,,,,,,,,,,,,,,,,,,,,,lb,,,
micropulse-wide-angle-9,,,,,,,,,Standard,,,MPSW9-BA,,,,,MPSW9-BA,0.0,,0,continue,manual,291.00,,true,true,,,,,,,,,,,,,,,,,,,,,,,,,,,,,,,,lb,,,
micropulse-wide-angle-9,,,,,,,,,Blue/Amber/White,,,MPSW9-BAW,,,,,MPSW9-BAW,0.0,,0,continue,manual,319.00,,true,true,,,,,,,,,,,,,,,,,,,,,,,,,,,,,,,,lb,,,
micropulse-wide-angle-9,,,,,,,,,Red,,,MPSW9-R,,,,,MPSW9-R,0.0,,0,continue,manual,293.00,,true,true,,,,,,,,,,,,,,,,,,,,,,,,,,,,,,,,lb,,,
micropulse-wide-angle-9,,,,,,,,,Red/Amber/White,,,MPSW9-RAW,,,,,MPSW9-RAW,0.0,,0,continue,manual,319.00,,true,true,,,,,,,,,,,,,,,,,,,,,,,,,,,,,,,,lb,,,
micropulse-wide-angle-9,,,,,,,,,Red/Blue/Amber,,,MPSW9-RBA,,,,,MPSW9-RBA,0.0,,0,continue,manual,319.00,,true,true,,,,,,,,,,,,,,,,,,,,,,,,,,,,,,,,lb,,,
micropulse-wide-angle-9,,,,,,,,,Red/Blue/White,,,MPSW9-RBW,,,,,MPSW9-RBW,0.0,,0,continue,manual,319.00,,true,true,,,,,,,,,,,,,,,,,,,,,,,,,,,,,,,,lb,,,
micropulse-wide-angle-9,,,,,,,,,Red/Blue/White (Smoked),,,MPSW9-RBW-SMK,,,,,MPSW9-RBW-SMK,0.0,,0,continue,manual,323.00,,true,true,,,,,,,,,,,,,,,,,,,,,,,,,,,,,,,,lb,,,
micropulse-wide-angle-9,,,,,,,,,White,,,MPSW9-W,,,,,MPSW9-W,0.0,,0,continue,manual,293.00,,true,true,,,,,,,,,,,,,,,,,,,,,,,,,,,,,,,,lb,,,
micropulse-wide-angle-9,,,,,,,,,Amber/White,,,MPSW9X-AW,,,,,MPSW9X-AW,0.0,,0,continue,manual,291.00,,true,true,,,,,,,,,,,,,,,,,,,,,,,,,,,,,,,,lb,,,
micropulse-wide-angle-9,,,,,,,,,Blue/White,,,MPSW9X-BW,,,,,MPSW9X-BW,0.0,,0,continue,manual,291.00,,true,true,,,,,,,,,,,,,,,,,,,,,,,,,,,,,,,,lb,,,
micropulse-wide-angle-6,MicroPulse Wide Angle 6,"<h1>Federal Signal MicroPulse® Wide Angle 6</h1><p>The MicroPulse® Wide Angle 6 is the standard configuration in Federal Signal's Wide Angle perimeter warning family — delivering 180-degree curved lens light spread in a 6-LED package ideal for push bumper, grille, mirror, spoiler, and rub rail mounting on patrol vehicles, fire apparatus, and EMS units.</p><h2>Why departments choose the MicroPulse Wide Angle 6</h2><ul>
<li>
<strong>180-degree curved lens</strong> → produces impressive lateral light spread that flat 6-LED heads cannot achieve, maximizing warning effectiveness at wide approach angles</li>
<li>
<strong>Ideal for push bumper and grille positions</strong> → sized and shaped for the forward-facing perimeter positions on DFC Series push bumpers and common patrol vehicle grille cavities</li>
<li>
<strong>Single, dual, and tri-color configurations</strong> → Amber, Blue, Red, Green, and White combinations for any application</li>
<li>
<strong>Smoked lens option</strong> → optional smoked lens for undercover and semi-marked patrol applications</li>
<li>
<strong>FSJoin compatible</strong> → integrates with Federal Signal Convergence Network for coordinated flash pattern control</li>
<li>IP67 rated, SAE J845 Class 1 certified</li>
</ul><h2>Technical Specs</h2><table><tbody>
<tr>
<td>Input Voltage</td>
<td>12/24 VDC</td>
</tr>
<tr>
<td>LED Count</td>
<td>6</td>
</tr>
<tr>
<td>Lens Spread</td>
<td>180 degrees</td>
</tr>
<tr>
<td>Certifications</td>
<td>SAE J845 Class 1, IP67</td>
</tr>
<tr>
<td>Warranty</td>
<td>Federal Signal limited warranty</td>
</tr>
</tbody></table><p><em>Contact us or log into your department account to confirm color configuration and SKU.</em></p><h2>Ordering from TFR Supply</h2><p>TFR Supply is an authorized Federal Signal dealer serving Texas law enforcement, fire, and EMS agencies. Every order ships direct to your location — no middleman, no inventory delays. Government and department accounts receive tax-exempt checkout and agency pricing. Need installation? Our sister company <a href=""https://www.tx1rs.com"">Texas First Response Services</a> provides professional upfit services across Texas. Create a department account or reach out directly to get started.</p>",Federal Signal,Vehicles & Parts > Vehicle Parts & Accessories > Motor Vehicle Parts > Motor Vehicle Lighting,Vehicle Parts,"Brand_Federal Signal, Category_Emergency Vehicle Equipment, Family_MicroPulse, Federal Signal, MicroPulse Wide Angle 6, Use_Fleet Upfitting, Use_Law Enforcement, Use_Public Safety",true,Color,Amber,,SKU,MPSW6-A,,,,,MPSW6-A,0.0,,0,continue,manual,247.00,,true,true,,,,,,,,,false,MicroPulse Wide Angle 6 | Federal Signal,"Shop Federal Signal MicroPulse Wide Angle 6 for emergency vehicle upfitting, fleet builds, law enforcement, fire, EMS, and public safety vehicle applications.",3318,,,MPSW6-A,new,FALSE,,,,,,"Shop Federal Signal MicroPulse Wide Angle 6 for emergency vehicle upfitting, fleet builds, law enforcement, fire, EMS, and public safety vehicle applications.",MicroPulse Wide Angle 6 | Federal Signal,new,FALSE,3318,,,,,lb,,,active
micropulse-wide-angle-6,,,,,,,,,Blue,,,MPSW6-B,,,,,MPSW6-B,0.0,,0,continue,manual,247.00,,true,true,,,,,,,,,,,,,,,,,,,,,,,,,,,,,,,,lb,,,
micropulse-wide-angle-6,,,,,,,,,Blue/White,,,MPSW6-BW,,,,,MPSW6-BW,0.0,,0,continue,manual,247.00,,true,true,,,,,,,,,,,,,,,,,,,,,,,,,,,,,,,,lb,,,
micropulse-wide-angle-6,,,,,,,,,Red,,,MPSW6-R,,,,,MPSW6-R,0.0,,0,continue,manual,247.00,,true,true,,,,,,,,,,,,,,,,,,,,,,,,,,,,,,,,lb,,,
micropulse-wide-angle-6,,,,,,,,,Red/Blue,,,MPSW6-RB,,,,,MPSW6-RB,0.0,,0,continue,manual,247.00,,true,true,,,,,,,,,,,,,,,,,,,,,,,,,,,,,,,,lb,,,
micropulse-ultra-signalmaster,MicroPulse Ultra SignalMaster,"<h1>Federal Signal MicroPulse® Ultra SignalMaster</h1><p>The MicroPulse® Ultra SignalMaster combines Federal Signal's MicroPulse Ultra warning light technology with integrated SignalMaster® directional warning capability in a single compact unit — delivering both perimeter warning output and traffic direction functionality from one housing without a separate arrow bar unit.</p><h2>Why departments choose the MicroPulse Ultra SignalMaster</h2><ul>
<li>
<strong>Integrated SignalMaster directional warning</strong> → built-in arrow pattern capability provides left, right, split, and full-warn traffic direction without a separate arrow bar unit or additional mounting position</li>
<li>
<strong>MicroPulse Ultra warning output</strong> → combines Class 1 perimeter warning with directional warning in a single housing, reducing installation complexity and mounting hardware</li>
<li>
<strong>FSJoin compatible</strong> → integrates with Pathfinder PF200/PF400 for controller-driven arrow pattern selection and coordinated flash pattern control</li>
<li>
<strong>Tri-color capability</strong> → Red, Blue, Amber, Green, and White combinations with smoked lens option for undercover applications</li>
<li>
<strong>IP67 rated</strong> → sealed against moisture and dust for full-weather outdoor mounting</li>
<li>SAE J845 Class 1 certified</li>
</ul><h2>Technical Specs</h2><table><tbody>
<tr>
<td>Input Voltage</td>
<td>12/24 VDC</td>
</tr>
<tr>
<td>Flash Patterns</td>
<td>25</td>
</tr>
<tr>
<td>Certifications</td>
<td>SAE J845 Class 1, IP67</td>
</tr>
<tr>
<td>Warranty</td>
<td>Federal Signal limited warranty</td>
</tr>
</tbody></table><p><em>Contact us or log into your department account to confirm color configuration and SKU.</em></p><h2>Ordering from TFR Supply</h2><p>TFR Supply is an authorized Federal Signal dealer serving Texas law enforcement, fire, and EMS agencies. Every order ships direct to your location — no middleman, no inventory delays. Government and department accounts receive tax-exempt checkout and agency pricing. Need installation? Our sister company <a href=""https://www.tx1rs.com"">Texas First Response Services</a> provides professional upfit services across Texas. Create a department account or reach out directly to get started.</p>",Federal Signal,Vehicles & Parts > Vehicle Parts & Accessories > Motor Vehicle Parts > Motor Vehicle Lighting,Emergency Vehicle Light Bars,"Brand_Federal Signal, Category_Emergency Vehicle Equipment, Family_MicroPulse, Family_MicroPulse_Ultra, Family_SignalMaster, Federal Signal, MicroPulse Ultra SignalMaster, Use_Fleet Upfitting, Use_Law Enforcement, Use_Public Safety",true,Color,Standard,,SKU,MPSUSM20-4A-30,,,,,MPSUSM20-4A-30,0.0,,0,continue,manual,1065.00,,true,true,,,,,,https://cdn.shopify.com/s/files/1/0725/9330/9807/files/MPSUSM51-BRK-30.jpg?v=1781074482,1,MicroPulse Ultra SignalMaster - MPSUSM51-BRK-30 - Federal Signal emergency vehicle equipment,false,MicroPulse Ultra SignalMaster | Federal Signal,"Shop Federal Signal MicroPulse Ultra SignalMaster for emergency vehicle upfitting, fleet builds, law enforcement, fire, EMS, and public safety vehicle applications.",3318,,,MPSUSM20-4A-30,new,FALSE,,,,,,"Shop Federal Signal MicroPulse Ultra SignalMaster for emergency vehicle upfitting, fleet builds, law enforcement, fire, EMS, and public safety vehicle applications.",MicroPulse Ultra SignalMaster | Federal Signal,new,FALSE,3318,,,,,lb,,,active
micropulse-ultra-signalmaster,,,,,,,,,Standard,,,MPSUSM23-A-30,,,,,MPSUSM23-A-30,0.0,,0,continue,manual,1065.00,,true,true,,,,,,,,,,,,,,,,,,,,,,,,,,,,,,,,lb,,,
micropulse-ultra-signalmaster,,,,,,,,,Standard,,,MPSUSM30-BRK-50,,,,,MPSUSM30-BRK-50,0.0,,0,continue,manual,1704.00,,true,true,,,,,,,,,,,,,,,,,,,,,,,,,,,,,,,,lb,,,
micropulse-ultra-signalmaster,,,,,,,,,Standard,,,MPSUSM32-A-30,,,,,MPSUSM32-A-30,0.0,,0,continue,manual,1452.00,,true,true,,,,,,,,,,,,,,,,,,,,,,,,,,,,,,,,lb,,,
micropulse-ultra-signalmaster,,,,,,,,,Standard,,,MPSUSM32-A-60,,,,,MPSUSM32-A-60,0.0,,0,continue,manual,1491.00,,true,true,,,,,,,,,,,,,,,,,,,,,,,,,,,,,,,,lb,,,
micropulse-ultra-signalmaster,,,,,,,,,Standard,,,MPSUSM36-BRK-50,,,,,MPSUSM36-BRK-50,0.0,,0,continue,manual,1988.00,,true,true,,,,,,,,,,,,,,,,,,,,,,,,,,,,,,,,lb,,,
micropulse-ultra-signalmaster,,,,,,,,,Standard,,,MPSUSM42-8A-30,,,,,MPSUSM42-8A-30,0.0,,0,continue,manual,2026.00,,true,true,,,,,,,,,,,,,,,,,,,,,,,,,,,,,,,,lb,,,
micropulse-ultra-signalmaster,,,,,,,,,Standard,,,MPSUSM42-8A-60,,,,,MPSUSM42-8A-60,0.0,,0,continue,manual,2065.00,,true,true,,,,,,,,,,,,,,,,,,,,,,,,,,,,,,,,lb,,,
micropulse-ultra-signalmaster,,,,,,,,,Standard,,,MPSUSM42-A-30,,,,,MPSUSM42-A-30,0.0,,0,continue,manual,1988.00,,true,true,,,,,,,,,,,,,,,,,,,,,,,,,,,,,,,,lb,,,
micropulse-ultra-signalmaster,,,,,,,,,Standard,,,MPSUSM42-A-60,,,,,MPSUSM42-A-60,0.0,,0,continue,manual,2026.00,,true,true,,,,,,,,,,,,,,,,,,,,,,,,,,,,,,,,lb,,,
micropulse-ultra-signalmaster,,,,,,,,,Standard,,,MPSUSM42-BRK-30,,,,,MPSUSM42-BRK-30,0.0,,0,continue,manual,2200.00,,true,true,,,,,,,,,,,,,,,,,,,,,,,,,,,,,,,,lb,,,
micropulse-ultra-signalmaster,,,,,,,,,Standard,,,MPSUSM44-A-30,,,,,MPSUSM44-A-30,0.0,,0,continue,manual,2026.00,,true,true,,,,,,,,,,,,,,,,,,,,,,,,,,,,,,,,lb,,,
micropulse-ultra-signalmaster,,,,,,,,,Standard,,,MPSUSM44-A-60,,,,,MPSUSM44-A-60,0.0,,0,continue,manual,2065.00,,true,true,,,,,,,,,,,,,,,,,,,,,,,,,,,,,,,,lb,,,
micropulse-ultra-signalmaster,,,,,,,,,Standard,,,MPSUSM51-A-30,,,,,MPSUSM51-A-30,0.0,,0,continue,manual,2130.00,,true,true,,,,,,,,,,,,,,,,,,,,,,,,,,,,,,,,lb,,,
micropulse-ultra-signalmaster,,,,,,,,,Standard,,,MPSUSM51-A-60,,,,,MPSUSM51-A-60,0.0,,0,continue,manual,2167.00,,true,true,,,,,,,,,,,,,,,,,,,,,,,,,,,,,,,,lb,,,
micropulse-ultra-signalmaster,,,,,,,,,Standard,,,MPSUSM51-BRK-30,,,,,MPSUSM51-BRK-30,0.0,,0,continue,manual,2343.00,,true,true,,,,,,,,,,,,,,,,,,,,,,,,,,,,,,,,lb,,,
micropulse-ultra-signalmaster,,,,,,,,,Standard,,,MPSUSM65-A-60,,,,,MPSUSM65-A-60,0.0,,0,continue,manual,2271.00,,true,true,,,,,,,,,,,,,,,,,,,,,,,,,,,,,,,,lb,,,
micropulse-ultra,MicroPulse Ultra,"<h1>Federal Signal MicroPulse® Ultra</h1><p>The MicroPulse® Ultra is Federal Signal's flagship perimeter warning light — available in 3, 6, and 12-LED configurations for interior and exterior mounting across patrol vehicles, fire apparatus, EMS units, and command vehicles. Featuring FSLink synchronization, three programming modes, three brightness levels, and 25 flash patterns, the MicroPulse Ultra is the most versatile and capable perimeter light in the Federal Signal lineup.</p><h2>Why departments choose the MicroPulse Ultra</h2><ul>
<li>
<strong>Three configurations — 3, 6, and 12-LED</strong> → match the output level to the mounting position, from a subtle interior window light to a full-output exterior warning head</li>
<li>
<strong>25 flash patterns with three brightness levels</strong> → more pattern and intensity control than any competing perimeter light at this size class</li>
<li>
<strong>Three programming modes</strong> → configure as single unit, synchronized group, or alternating group to match any fleet installation pattern</li>
<li>
<strong>FSLink synchronization</strong> → MicroPulse Ultra lights synchronize with each other and with compatible Federal Signal lightbars through a shared flash pattern library</li>
<li>
<strong>FSJoin compatible</strong> → integrates with FS Convergence Network for controller-driven programming across the entire vehicle warning system</li>
<li>
<strong>Interior window mounting available</strong> → optional adhesive mount kit for the 6-LED model enables clean interior window installation for unmarked and semi-marked vehicles</li>
<li>IP67 rated, SAE J845 Class 1 certified — 12/24 VDC operation</li>
</ul><h2>Technical Specs</h2><table><tbody>
<tr>
<td>Configurations</td>
<td>3-LED, 6-LED, 12-LED</td>
</tr>
<tr>
<td>Flash Patterns</td>
<td>25</td>
</tr>
<tr>
<td>Brightness Levels</td>
<td>3</td>
</tr>
<tr>
<td>Input Voltage</td>
<td>12/24 VDC</td>
</tr>
<tr>
<td>Certifications</td>
<td>SAE J845 Class 1, IP67</td>
</tr>
<tr>
<td>Warranty</td>
<td>Federal Signal limited warranty</td>
</tr>
</tbody></table><p><em>Contact us or log into your department account to confirm the right MicroPulse Ultra configuration for your application.</em></p><h2>Ordering from TFR Supply</h2><p>TFR Supply is an authorized Federal Signal dealer serving Texas law enforcement, fire, and EMS agencies. Every order ships direct to your location — no middleman, no inventory delays. Government and department accounts receive tax-exempt checkout and agency pricing. Need installation? Our sister company <a href=""https://www.tx1rs.com"">Texas First Response Services</a> provides professional upfit services across Texas. Create a department account or reach out directly to get started.</p>",Federal Signal,Vehicles & Parts > Vehicle Parts & Accessories > Motor Vehicle Parts > Motor Vehicle Lighting,Vehicle Parts,"Brand_Federal Signal, Category_Emergency Vehicle Equipment, Family_MicroPulse, Family_MicroPulse_Ultra, Federal Signal, MicroPulse Ultra, Use_Fleet Upfitting, Use_Law Enforcement, Use_Public Safety",true,Color,Standard,,SKU,MPSUMA12-1,,,,,MPSUMA12-1,0.0,,0,continue,manual,65.00,,true,true,,,,,,https://cdn.shopify.com/s/files/1/0725/9330/9807/files/micropulse-ultra-menu-900x900-png.webp?v=1781535539,1,MicroPulse® Ultra product image for TFR Supply emergency vehicle upfitting,false,MicroPulse Ultra | Federal Signal,"Shop Federal Signal MicroPulse Ultra for emergency vehicle upfitting, fleet builds, law enforcement, fire, EMS, and public safety vehicle applications.",3318,,,MPSUMA12-1,new,FALSE,,,,,,"Shop Federal Signal MicroPulse Ultra for emergency vehicle upfitting, fleet builds, law enforcement, fire, EMS, and public safety vehicle applications.",MicroPulse Ultra | Federal Signal,new,FALSE,3318,,,,,lb,,,active
micropulse-ultra,,,,,,,,,Standard,,,MPSUMA12-3,,,,,MPSUMA12-3,0.0,,0,continue,manual,65.00,,true,true,,,,,,https://cdn.shopify.com/s/files/1/0725/9330/9807/files/MicroPulse-Ultra-D-Pillar-1_jpg-576x576_jpg.webp?v=1781383356,2,MicroPulse® Ultra product image for TFR Supply emergency vehicle upfitting,,,,,,,,,,,,,,,,,,,,,,,,lb,,,
micropulse-ultra,,,,,,,,,Standard,,,MPSUMB12-1,,,,,MPSUMB12-1,0.0,,0,continue,manual,21.00,,true,true,,,,,,https://cdn.shopify.com/s/files/1/0725/9330/9807/files/MicroPulse-Ultra-D-Pillar-2-576x576_jpg.webp?v=1781383356,3,MicroPulse® Ultra product image for TFR Supply emergency vehicle upfitting,,,,,,,,,,,,,,,,,,,,,,,,lb,,,
micropulse-ultra,,,,,,,,,Standard,,,MPSUMB12-2,,,,,MPSUMB12-2,0.0,,0,continue,manual,21.00,,true,true,,,,,,https://cdn.shopify.com/s/files/1/0725/9330/9807/files/MicroPulse-Ultra-D-Pillar-3_jpg-576x576_jpg.webp?v=1781383356,4,MicroPulse® Ultra product image for TFR Supply emergency vehicle upfitting,,,,,,,,,,,,,,,,,,,,,,,,lb,,,
micropulse-ultra,,,,,,,,,Standard,,,MPSUMB12-3,,,,,MPSUMB12-3,0.0,,0,continue,manual,21.00,,true,true,,,,,,https://cdn.shopify.com/s/files/1/0725/9330/9807/files/MicroPulse-Ultra-D-Pillar-4-576x576_jpg.webp?v=1781383356,5,MicroPulse® Ultra product image for TFR Supply emergency vehicle upfitting,,,,,,,,,,,,,,,,,,,,,,,,lb,,,
micropulse-ultra,,,,,,,,,Standard,,,MPSUMB3-1,,,,,MPSUMB3-1,0.0,,0,continue,manual,21.00,,true,true,,,,,,https://cdn.shopify.com/s/files/1/0725/9330/9807/files/MicroPulse-Ultra-D-Pillar-4-900x900-jpg.webp?v=1781535531,6,MicroPulse® Ultra product image for TFR Supply emergency vehicle upfitting,,,,,,,,,,,,,,,,,,,,,,,,lb,,,
micropulse-ultra,,,,,,,,,Standard,,,MPSUMB3-2,,,,,MPSUMB3-2,0.0,,0,continue,manual,21.00,,true,true,,,,,,,,,,,,,,,,,,,,,,,,,,,,,,,,lb,,,
micropulse-ultra,,,,,,,,,Standard,,,MPSUMB3-3,,,,,MPSUMB3-3,0.0,,0,continue,manual,21.00,,true,true,,,,,,,,,,,,,,,,,,,,,,,,,,,,,,,,lb,,,
micropulse-ultra,,,,,,,,,Standard,,,MPSUMB6-1,,,,,MPSUMB6-1,0.0,,0,continue,manual,21.00,,true,true,,,,,,,,,,,,,,,,,,,,,,,,,,,,,,,,lb,,,
micropulse-ultra,,,,,,,,,Standard,,,MPSUMB6-2,,,,,MPSUMB6-2,0.0,,0,continue,manual,21.00,,true,true,,,,,,,,,,,,,,,,,,,,,,,,,,,,,,,,lb,,,
micropulse-ultra,,,,,,,,,Standard,,,MPSUMB6-3,,,,,MPSUMB6-3,0.0,,0,continue,manual,21.00,,true,true,,,,,,,,,,,,,,,,,,,,,,,,,,,,,,,,lb,,,
micropulse-ultra,,,,,,,,,Standard,,,MPSU-PB45H,,,,,MPSU-PB45H,0.0,,0,continue,manual,50.00,,true,true,,,,,,,,,,,,,,,,,,,,,,,,,,,,,,,,lb,,,
micropulse-ultra,,,,,,,,,Standard,,,MPSU-PB45V,,,,,MPSU-PB45V,0.0,,0,continue,manual,50.00,,true,true,,,,,,,,,,,,,,,,,,,,,,,,,,,,,,,,lb,,,
micropulse-6,MicroPulse 6,"<h1>Federal Signal MicroPulse® 6</h1><p>The MicroPulse® 6 is Federal Signal's standard 6-LED perimeter warning light — a compact, surface-mount LED warning head for grille, bumper, running board, and body-mounted positions on patrol vehicles and emergency apparatus. Available in single, dual, and tri-color configurations with FSLink synchronization for coordinated fleet-wide flash pattern control.</p><h2>Why departments choose the MicroPulse 6</h2><ul>
<li>
<strong>6-LED output in a compact housing</strong> → delivers Class 1 warning output from a housing small enough to mount in grille cavities, push bumper uprights, and tight body positions</li>
<li>
<strong>Single, dual, and tri-color configurations</strong> → Amber, Blue, Red, Green, and White in combination options to match any jurisdictional requirement</li>
<li>
<strong>FSLink compatible</strong> → synchronizes with other MicroPulse lights and Federal Signal lightbars for coordinated vehicle-wide flash patterns</li>
<li>
<strong>Pre-drilled push bumper integration</strong> → MicroPulse 6 fits the pre-drilled mounting positions on DFC Series push bumpers for a clean, factory-quality installation</li>
<li>
<strong>Surface mount design</strong> → mounts flush to vehicle surfaces without protruding hardware</li>
<li>IP67 rated, SAE J845 Class 1 certified</li>
</ul><h2>Technical Specs</h2><table><tbody>
<tr>
<td>LED Count</td>
<td>6</td>
</tr>
<tr>
<td>Input Voltage</td>
<td>12/24 VDC</td>
</tr>
<tr>
<td>Certifications</td>
<td>SAE J845 Class 1, IP67</td>
</tr>
<tr>
<td>Warranty</td>
<td>Federal Signal limited warranty</td>
</tr>
</tbody></table><p><em>Contact us or log into your department account to confirm color configuration and SKU.</em></p><h2>Ordering from TFR Supply</h2><p>TFR Supply is an authorized Federal Signal dealer serving Texas law enforcement, fire, and EMS agencies. Every order ships direct to your location — no middleman, no inventory delays. Government and department accounts receive tax-exempt checkout and agency pricing. Need installation? Our sister company <a href=""https://www.tx1rs.com"">Texas First Response Services</a> provides professional upfit services across Texas. Create a department account or reach out directly to get started.</p>",Federal Signal,Vehicles & Parts > Vehicle Parts & Accessories > Motor Vehicle Parts > Motor Vehicle Lighting,Vehicle Parts,"Brand_Federal Signal, Category_Emergency Vehicle Equipment, Family_MicroPulse, Federal Signal, MicroPulse 6, Use_Fleet Upfitting, Use_Law Enforcement, Use_Public Safety",true,Color,Blue/White,,SKU,MPS600U-BW,,,,,MPS600U-BW,0.0,,0,continue,manual,197.00,,true,true,,,,,,https://cdn.shopify.com/s/files/1/0725/9330/9807/files/MPS63U-RAW.jpg?v=1781074482,1,MicroPulse 6 - MPS63U-RAW - Federal Signal emergency vehicle equipment,false,MicroPulse 6 | Federal Signal,"Shop Federal Signal MicroPulse 6 for emergency vehicle upfitting, fleet builds, law enforcement, fire, EMS, and public safety vehicle applications.",3318,,,MPS600U-BW,new,FALSE,,,,,,"Shop Federal Signal MicroPulse 6 for emergency vehicle upfitting, fleet builds, law enforcement, fire, EMS, and public safety vehicle applications.",MicroPulse 6 | Federal Signal,new,FALSE,3318,,,,,lb,,,active
micropulse-6,,,,,,,,,Amber,,,MPS61U-A,,,,,MPS61U-A,0.0,,0,continue,manual,213.00,,true,true,,,,,,https://cdn.shopify.com/s/files/1/0725/9330/9807/files/MPS63U-RBW.jpg?v=1781074481,2,MicroPulse 6 - MPS63U-RBW - Federal Signal emergency vehicle equipment,,,,,,,,,,,,,,,,,,,,,,,,lb,,,
micropulse-6,,,,,,,,,Blue,,,MPS61U-B,,,,,MPS61U-B,0.0,,0,continue,manual,213.00,,true,true,,,,,,https://cdn.shopify.com/s/files/1/0725/9330/9807/files/MPS63U-RBW-SMK.jpg?v=1781074481,3,MicroPulse 6 - MPS63U-RBW-SMK - Federal Signal emergency vehicle equipment,,,,,,,,,,,,,,,,,,,,,,,,lb,,,
micropulse-6,,,,,,,,,Red,,,MPS61U-R,,,,,MPS61U-R,0.0,,0,continue,manual,213.00,,true,true,,,,,,https://cdn.shopify.com/s/files/1/0725/9330/9807/files/MPS6U-FPIU20FOG.jpg?v=1781074481,4,MicroPulse 6 - MPS6U-FPIU20FOG - Federal Signal emergency vehicle equipment,,,,,,,,,,,,,,,,,,,,,,,,lb,,,
micropulse-6,,,,,,,,,White,,,MPS61U-W,,,,,MPS61U-W,0.0,,0,continue,manual,213.00,,true,true,,,,,,https://cdn.shopify.com/s/files/1/0725/9330/9807/files/MPS6U-SIL19RS6.jpg?v=1781074481,5,MicroPulse 6 - MPS6U-SIL19RS6 - Federal Signal emergency vehicle equipment,,,,,,,,,,,,,,,,,,,,,,,,lb,,,
micropulse-6,,,,,,,,,Standard,,,MPS620U-RA,,,,,MPS620U-RA,0.0,,0,continue,manual,207.00,,true,true,,,,,,,,,,,,,,,,,,,,,,,,,,,,,,,,lb,,,
micropulse-6,,,,,,,,,Amber/Green,,,MPS62U-AG,,,,,MPS62U-AG,0.0,,0,continue,manual,225.00,,true,true,,,,,,,,,,,,,,,,,,,,,,,,,,,,,,,,lb,,,
micropulse-6,,,,,,,,,Amber/White,,,MPS62U-AW,,,,,MPS62U-AW,0.0,,0,continue,manual,225.00,,true,true,,,,,,,,,,,,,,,,,,,,,,,,,,,,,,,,lb,,,
micropulse-6,,,,,,,,,Standard,,,MPS62U-BA,,,,,MPS62U-BA,0.0,,0,continue,manual,225.00,,true,true,,,,,,,,,,,,,,,,,,,,,,,,,,,,,,,,lb,,,
micropulse-6,,,,,,,,,Blue/White,,,MPS62U-BW,,,,,MPS62U-BW,0.0,,0,continue,manual,225.00,,true,true,,,,,,,,,,,,,,,,,,,,,,,,,,,,,,,,lb,,,
micropulse-6,,,,,,,,,Red/Blue,,,MPS62U-RB,,,,,MPS62U-RB,0.0,,0,continue,manual,225.00,,true,true,,,,,,,,,,,,,,,,,,,,,,,,,,,,,,,,lb,,,
micropulse-6,,,,,,,,,Red/White,,,MPS62U-RW,,,,,MPS62U-RW,0.0,,0,continue,manual,225.00,,true,true,,,,,,,,,,,,,,,,,,,,,,,,,,,,,,,,lb,,,
micropulse-6,,,,,,,,,Blue/White,,,MPS62UX-BW,,,,,MPS62UX-BW,0.0,,0,continue,manual,225.00,,true,true,,,,,,,,,,,,,,,,,,,,,,,,,,,,,,,,lb,,,
micropulse-6,,,,,,,,,Red/Blue,,,MPS62UX-RB,,,,,MPS62UX-RB,0.0,,0,continue,manual,225.00,,true,true,,,,,,,,,,,,,,,,,,,,,,,,,,,,,,,,lb,,,
micropulse-6,,,,,,,,,Red/White,,,MPS62UX-RW,,,,,MPS62UX-RW,0.0,,0,continue,manual,225.00,,true,true,,,,,,,,,,,,,,,,,,,,,,,,,,,,,,,,lb,,,
micropulse-6,,,,,,,,,Red/Blue/White,,,MPS63U-8FT-RBW,,,,,MPS63U-8FT-RBW,0.0,,0,continue,manual,279.00,,true,true,,,,,,,,,,,,,,,,,,,,,,,,,,,,,,,,lb,,,
micropulse-6,,,,,,,,,Amber/Green/White,,,MPS63U-AGW,,,,,MPS63U-AGW,0.0,,0,continue,manual,255.00,,true,true,,,,,,,,,,,,,,,,,,,,,,,,,,,,,,,,lb,,,
micropulse-6,,,,,,,,,Blue/Amber/White,,,MPS63U-BAW,,,,,MPS63U-BAW,0.0,,0,continue,manual,255.00,,true,true,,,,,,,,,,,,,,,,,,,,,,,,,,,,,,,,lb,,,
micropulse-6,,,,,,,,,Standard,,,MPS63U-BWG,,,,,MPS63U-BWG,0.0,,0,continue,manual,255.00,,true,true,,,,,,,,,,,,,,,,,,,,,,,,,,,,,,,,lb,,,
micropulse-6,,,,,,,,,Red/Amber/White,,,MPS63U-RAW,,,,,MPS63U-RAW,0.0,,0,continue,manual,255.00,,true,true,,,,,,,,,,,,,,,,,,,,,,,,,,,,,,,,lb,,,
micropulse-6,,,,,,,,,Red/Blue/Amber,,,MPS63U-RBA,,,,,MPS63U-RBA,0.0,,0,continue,manual,255.00,,true,true,,,,,,,,,,,,,,,,,,,,,,,,,,,,,,,,lb,,,
micropulse-6,,,,,,,,,Standard,,,MPS63U-RBA-SMK,,,,,MPS63U-RBA-SMK,0.0,,0,continue,manual,271.00,,true,true,,,,,,,,,,,,,,,,,,,,,,,,,,,,,,,,lb,,,
micropulse-6,,,,,,,,,Red/Blue/White,,,MPS63U-RBW,,,,,MPS63U-RBW,0.0,,0,continue,manual,255.00,,true,true,,,,,,,,,,,,,,,,,,,,,,,,,,,,,,,,lb,,,
micropulse-6,,,,,,,,,Red/Blue/White (Smoked),,,MPS63U-RBW-SMK,,,,,MPS63U-RBW-SMK,0.0,,0,continue,manual,271.00,,true,true,,,,,,,,,,,,,,,,,,,,,,,,,,,,,,,,lb,,,
micropulse-6,,,,,,,,,Standard,,,MPS63U-RGA,,,,,MPS63U-RGA,0.0,,0,continue,manual,255.00,,true,true,,,,,,,,,,,,,,,,,,,,,,,,,,,,,,,,lb,,,
micropulse-6,,,,,,,,,Red/Green/White,,,MPS63U-RGW,,,,,MPS63U-RGW,0.0,,0,continue,manual,255.00,,true,true,,,,,,,,,,,,,,,,,,,,,,,,,,,,,,,,lb,,,
micropulse-6,,,,,,,,,Red/Blue/White,,,MPS63UX-8FT-RBW,,,,,MPS63UX-8FT-RBW,0.0,,0,continue,manual,279.00,,true,true,,,,,,,,,,,,,,,,,,,,,,,,,,,,,,,,lb,,,
micropulse-6,,,,,,,,,Red/Blue/White,,,MPS63UX-RBW,,,,,MPS63UX-RBW,0.0,,0,continue,manual,255.00,,true,true,,,,,,,,,,,,,,,,,,,,,,,,,,,,,,,,lb,,,
micropulse-6,,,,,,,,,Standard,,,MPS650-AA,,,,,MPS650-AA,0.0,,0,continue,manual,213.00,,true,true,,,,,,,,,,,,,,,,,,,,,,,,,,,,,,,,lb,,,
micropulse-6,,,,,,,,,Standard,,,MPS650-BB,,,,,MPS650-BB,0.0,,0,continue,manual,213.00,,true,true,,,,,,,,,,,,,,,,,,,,,,,,,,,,,,,,lb,,,
micropulse-6,,,,,,,,,Standard,,,MPS650-RR,,,,,MPS650-RR,0.0,,0,continue,manual,213.00,,true,true,,,,,,,,,,,,,,,,,,,,,,,,,,,,,,,,lb,,,
micropulse-6,,,,,,,,,Standard,,,MPS650-RRT,,,,,MPS650-RRT,0.0,,0,continue,manual,213.00,,true,true,,,,,,,,,,,,,,,,,,,,,,,,,,,,,,,,lb,,,
micropulse-6,,,,,,,,,Standard,,,MPS652-BR,,,,,MPS652-BR,0.0,,0,continue,manual,250.00,,true,true,,,,,,,,,,,,,,,,,,,,,,,,,,,,,,,,lb,,,
micropulse-6,,,,,,,,,Blue/White,,,MPS652-BW,,,,,MPS652-BW,0.0,,0,continue,manual,250.00,,true,true,,,,,,,,,,,,,,,,,,,,,,,,,,,,,,,,lb,,,
micropulse-6,,,,,,,,,Red/White,,,MPS652-RW,,,,,MPS652-RW,0.0,,0,continue,manual,250.00,,true,true,,,,,,,,,,,,,,,,,,,,,,,,,,,,,,,,lb,,,
micropulse-6,,,,,,,,,Standard,,,MPS652-WA,,,,,MPS652-WA,0.0,,0,continue,manual,250.00,,true,true,,,,,,,,,,,,,,,,,,,,,,,,,,,,,,,,lb,,,
micropulse-6,,,,,,,,,Standard,,,MPS6U-FPIU20FOG,,,,,MPS6U-FPIU20FOG,0.0,,0,continue,manual,103.00,,true,true,,,,,,,,,,,,,,,,,,,,,,,,,,,,,,,,lb,,,
micropulse-6,,,,,,,,,Standard,,,MPS6U-SIL19RS6,,,,,MPS6U-SIL19RS6,0.0,,0,continue,manual,219.00,,true,true,,,,,,,,,,,,,,,,,,,,,,,,,,,,,,,,lb,,,
micropulse-3,MicroPulse 3,"<h1>Federal Signal MicroPulse® 3</h1><p>The MicroPulse® 3 is Federal Signal's most compact perimeter warning light — a 3-LED surface-mount head for tight mounting positions on patrol vehicles, motorcycles, bicycles, and specialty response platforms where a 6-LED head is too large.</p><h2>Why departments choose the MicroPulse 3</h2><ul>
<li>
<strong>Smallest MicroPulse form factor</strong> → fits grille positions, mirror housings, and mounting locations where the 6-LED head won't fit</li>
<li>
<strong>Single and dual-color configurations</strong> → Amber, Blue, Red, Green, and White options for any application</li>
<li>
<strong>FSLink compatible</strong> → synchronizes with other MicroPulse lights and Federal Signal warning systems for coordinated flash patterns</li>
<li>
<strong>Motorcycle and bicycle applications</strong> → compact size and light weight make the MicroPulse 3 the right choice for two-wheel patrol and specialty response platforms</li>
<li>IP67 rated, SAE J845 Class 1 certified</li>
</ul><h2>Technical Specs</h2><table><tbody>
<tr>
<td>LED Count</td>
<td>3</td>
</tr>
<tr>
<td>Input Voltage</td>
<td>12/24 VDC</td>
</tr>
<tr>
<td>Certifications</td>
<td>SAE J845 Class 1, IP67</td>
</tr>
<tr>
<td>Warranty</td>
<td>Federal Signal limited warranty</td>
</tr>
</tbody></table><p><em>Contact us or log into your department account to confirm color configuration and SKU.</em></p><h2>Ordering from TFR Supply</h2><p>TFR Supply is an authorized Federal Signal dealer serving Texas law enforcement, fire, and EMS agencies. Every order ships direct to your location — no middleman, no inventory delays. Government and department accounts receive tax-exempt checkout and agency pricing. Need installation? Our sister company <a href=""https://www.tx1rs.com"">Texas First Response Services</a> provides professional upfit services across Texas. Create a department account or reach out directly to get started.</p>",Federal Signal,Vehicles & Parts > Vehicle Parts & Accessories > Motor Vehicle Parts > Motor Vehicle Lighting,Vehicle Parts,"Brand_Federal Signal, Category_Emergency Vehicle Equipment, Family_MicroPulse, Federal Signal, MicroPulse 3, Use_Fleet Upfitting, Use_Law Enforcement, Use_Public Safety",true,Color,Amber,,SKU,MPS31U-A,,,,,MPS31U-A,0.0,,0,continue,manual,134.00,,true,true,,,,,,https://cdn.shopify.com/s/files/1/0725/9330/9807/files/MPS31U-R.jpg?v=1781074482,1,MicroPulse 3 - MPS31U-R - Federal Signal emergency vehicle equipment,false,MicroPulse 3 | Federal Signal,"Shop Federal Signal MicroPulse 3 for emergency vehicle upfitting, fleet builds, law enforcement, fire, EMS, and public safety vehicle applications.",3318,,,MPS31U-A,new,FALSE,,,,,,"Shop Federal Signal MicroPulse 3 for emergency vehicle upfitting, fleet builds, law enforcement, fire, EMS, and public safety vehicle applications.",MicroPulse 3 | Federal Signal,new,FALSE,3318,,,,,lb,,,active
micropulse-3,,,,,,,,,Blue,,,MPS31U-B,,,,,MPS31U-B,0.0,,0,continue,manual,134.00,,true,true,,,,,,https://cdn.shopify.com/s/files/1/0725/9330/9807/files/MPS32U-RW.jpg?v=1781074481,2,MicroPulse 3 - MPS32U-RW - Federal Signal emergency vehicle equipment,,,,,,,,,,,,,,,,,,,,,,,,lb,,,
micropulse-3,,,,,,,,,Green,,,MPS31U-G,,,,,MPS31U-G,0.0,,0,continue,manual,134.00,,true,true,,,,,,,,,,,,,,,,,,,,,,,,,,,,,,,,lb,,,
micropulse-3,,,,,,,,,Red,,,MPS31U-R,,,,,MPS31U-R,0.0,,0,continue,manual,134.00,,true,true,,,,,,,,,,,,,,,,,,,,,,,,,,,,,,,,lb,,,
micropulse-3,,,,,,,,,White,,,MPS31U-W,,,,,MPS31U-W,0.0,,0,continue,manual,134.00,,true,true,,,,,,,,,,,,,,,,,,,,,,,,,,,,,,,,lb,,,
micropulse-3,,,,,,,,,Amber/Green,,,MPS32U-AG,,,,,MPS32U-AG,0.0,,0,continue,manual,162.00,,true,true,,,,,,,,,,,,,,,,,,,,,,,,,,,,,,,,lb,,,
micropulse-3,,,,,,,,,Amber/White,,,MPS32U-AW,,,,,MPS32U-AW,0.0,,0,continue,manual,162.00,,true,true,,,,,,,,,,,,,,,,,,,,,,,,,,,,,,,,lb,,,
micropulse-3,,,,,,,,,Standard,,,MPS32U-BA,,,,,MPS32U-BA,0.0,,0,continue,manual,162.00,,true,true,,,,,,,,,,,,,,,,,,,,,,,,,,,,,,,,lb,,,
micropulse-3,,,,,,,,,Blue/White,,,MPS32U-BW,,,,,MPS32U-BW,0.0,,0,continue,manual,162.00,,true,true,,,,,,,,,,,,,,,,,,,,,,,,,,,,,,,,lb,,,
micropulse-3,,,,,,,,,Standard,,,MPS32U-BW-SMK,,,,,MPS32U-BW-SMK,0.0,,0,continue,manual,190.00,,true,true,,,,,,,,,,,,,,,,,,,,,,,,,,,,,,,,lb,,,
micropulse-3,,,,,,,,,Standard,,,MPS32U-RA,,,,,MPS32U-RA,0.0,,0,continue,manual,162.00,,true,true,,,,,,,,,,,,,,,,,,,,,,,,,,,,,,,,lb,,,
micropulse-3,,,,,,,,,Red/Blue,,,MPS32U-RB,,,,,MPS32U-RB,0.0,,0,continue,manual,162.00,,true,true,,,,,,,,,,,,,,,,,,,,,,,,,,,,,,,,lb,,,
micropulse-3,,,,,,,,,Standard,,,MPS32U-RB-SMK,,,,,MPS32U-RB-SMK,0.0,,0,continue,manual,190.00,,true,true,,,,,,,,,,,,,,,,,,,,,,,,,,,,,,,,lb,,,
micropulse-3,,,,,,,,,Red/White,,,MPS32U-RW,,,,,MPS32U-RW,0.0,,0,continue,manual,162.00,,true,true,,,,,,,,,,,,,,,,,,,,,,,,,,,,,,,,lb,,,
micropulse-3,,,,,,,,,Standard,,,MPS32U-RW-SMK,,,,,MPS32U-RW-SMK,0.0,,0,continue,manual,190.00,,true,true,,,,,,,,,,,,,,,,,,,,,,,,,,,,,,,,lb,,,
micropulse-12,MicroPulse 12,"<h1>Federal Signal MicroPulse® 12</h1><p>The MicroPulse® 12 delivers maximum LED output in the MicroPulse perimeter warning format — a 12-LED surface-mount head for high-visibility positions on patrol vehicles, fire apparatus, and EMS units where Class 1 output from a surface-mount head is required.</p><h2>Why departments choose the MicroPulse 12</h2><ul>
<li>
<strong>12-LED output</strong> → highest output in the standard MicroPulse family, delivering Class 1 warning intensity from surface-mount positions across the full operational visibility range</li>
<li>
<strong>High-priority mounting positions</strong> → ideal for rear-deck, A-pillar, and door-mounted positions where maximum output from a surface-mount head is required</li>
<li>
<strong>Single, dual, and tri-color configurations</strong> → Amber, Blue, Red, Green, and White in combination options</li>
<li>
<strong>FSLink compatible</strong> → synchronizes with other MicroPulse lights and Federal Signal lightbars for coordinated vehicle-wide flash patterns</li>
<li>IP67 rated, SAE J845 Class 1 certified</li>
</ul><h2>Technical Specs</h2><table><tbody>
<tr>
<td>LED Count</td>
<td>12</td>
</tr>
<tr>
<td>Input Voltage</td>
<td>12/24 VDC</td>
</tr>
<tr>
<td>Certifications</td>
<td>SAE J845 Class 1, IP67</td>
</tr>
<tr>
<td>Warranty</td>
<td>Federal Signal limited warranty</td>
</tr>
</tbody></table><p><em>Contact us or log into your department account to confirm color configuration and SKU.</em></p><h2>Ordering from TFR Supply</h2><p>TFR Supply is an authorized Federal Signal dealer serving Texas law enforcement, fire, and EMS agencies. Every order ships direct to your location — no middleman, no inventory delays. Government and department accounts receive tax-exempt checkout and agency pricing. Need installation? Our sister company <a href=""https://www.tx1rs.com"">Texas First Response Services</a> provides professional upfit services across Texas. Create a department account or reach out directly to get started.</p>",Federal Signal,Vehicles & Parts > Vehicle Parts & Accessories > Motor Vehicle Parts > Motor Vehicle Lighting,Vehicle Parts,"Brand_Federal Signal, Category_Emergency Vehicle Equipment, Family_MicroPulse, Federal Signal, MicroPulse 12, Use_Fleet Upfitting, Use_Law Enforcement, Use_Public Safety",true,Color,Amber,,SKU,MPS121U-A,,,,,MPS121U-A,0.0,,0,continue,manual,251.00,,true,true,,,,,,https://cdn.shopify.com/s/files/1/0725/9330/9807/files/MPS123U-RAW.jpg?v=1781074482,1,MicroPulse 12 - MPS123U-RAW - Federal Signal emergency vehicle equipment,false,MicroPulse 12 | Federal Signal,"Shop Federal Signal MicroPulse 12 for emergency vehicle upfitting, fleet builds, law enforcement, fire, EMS, and public safety vehicle applications.",3318,,,MPS121U-A,new,FALSE,,,,,,"Shop Federal Signal MicroPulse 12 for emergency vehicle upfitting, fleet builds, law enforcement, fire, EMS, and public safety vehicle applications.",MicroPulse 12 | Federal Signal,new,FALSE,3318,,,,,lb,,,active
micropulse-12,,,,,,,,,Red,,,MPS121U-R,,,,,MPS121U-R,0.0,,0,continue,manual,251.00,,true,true,,,,,,https://cdn.shopify.com/s/files/1/0725/9330/9807/files/MPS123U-RBW.jpg?v=1781074481,2,MicroPulse 12 - MPS123U-RBW - Federal Signal emergency vehicle equipment,,,,,,,,,,,,,,,,,,,,,,,,lb,,,
micropulse-12,,,,,,,,,Red,,,MPS121UX-R,,,,,MPS121UX-R,0.0,,0,continue,manual,239.00,,true,true,,,,,,,,,,,,,,,,,,,,,,,,,,,,,,,,lb,,,
micropulse-12,,,,,,,,,Amber/White,,,MPS122U-AW,,,,,MPS122U-AW,0.0,,0,continue,manual,265.00,,true,true,,,,,,,,,,,,,,,,,,,,,,,,,,,,,,,,lb,,,
micropulse-12,,,,,,,,,Standard,,,MPS122U-BA,,,,,MPS122U-BA,0.0,,0,continue,manual,265.00,,true,true,,,,,,,,,,,,,,,,,,,,,,,,,,,,,,,,lb,,,
micropulse-12,,,,,,,,,Blue/White,,,MPS122U-BW,,,,,MPS122U-BW,0.0,,0,continue,manual,265.00,,true,true,,,,,,,,,,,,,,,,,,,,,,,,,,,,,,,,lb,,,
micropulse-12,,,,,,,,,Red/Blue,,,MPS122U-RB,,,,,MPS122U-RB,0.0,,0,continue,manual,265.00,,true,true,,,,,,,,,,,,,,,,,,,,,,,,,,,,,,,,lb,,,
micropulse-12,,,,,,,,,Red/White,,,MPS122U-RW,,,,,MPS122U-RW,0.0,,0,continue,manual,265.00,,true,true,,,,,,,,,,,,,,,,,,,,,,,,,,,,,,,,lb,,,
micropulse-12,,,,,,,,,Standard,,,MPS123U-ABG,,,,,MPS123U-ABG,0.0,,0,continue,manual,303.00,,true,true,,,,,,,,,,,,,,,,,,,,,,,,,,,,,,,,lb,,,
micropulse-12,,,,,,,,,Amber/Green/White,,,MPS123U-AGW,,,,,MPS123U-AGW,0.0,,0,continue,manual,303.00,,true,true,,,,,,,,,,,,,,,,,,,,,,,,,,,,,,,,lb,,,
micropulse-12,,,,,,,,,Blue/Amber/White,,,MPS123U-BAW,,,,,MPS123U-BAW,0.0,,0,continue,manual,303.00,,true,true,,,,,,,,,,,,,,,,,,,,,,,,,,,,,,,,lb,,,
micropulse-12,,,,,,,,,Red/Amber/White,,,MPS123U-RAW,,,,,MPS123U-RAW,0.0,,0,continue,manual,303.00,,true,true,,,,,,,,,,,,,,,,,,,,,,,,,,,,,,,,lb,,,
micropulse-12,,,,,,,,,Red/Blue/Amber,,,MPS123U-RBA,,,,,MPS123U-RBA,0.0,,0,continue,manual,303.00,,true,true,,,,,,,,,,,,,,,,,,,,,,,,,,,,,,,,lb,,,
micropulse-12,,,,,,,,,Red/Blue/White,,,MPS123U-RBW,,,,,MPS123U-RBW,0.0,,0,continue,manual,303.00,,true,true,,,,,,,,,,,,,,,,,,,,,,,,,,,,,,,,lb,,,
micropulse-12,,,,,,,,,Red/Blue/White (Smoked),,,MPS123U-RBW-SMK,,,,,MPS123U-RBW-SMK,0.0,,0,continue,manual,323.00,,true,true,,,,,,,,,,,,,,,,,,,,,,,,,,,,,,,,lb,,,
micropulse-12,,,,,,,,,Red/Green/White,,,MPS123U-RGW,,,,,MPS123U-RGW,0.0,,0,continue,manual,303.00,,true,true,,,,,,,,,,,,,,,,,,,,,,,,,,,,,,,,lb,,,
message-boards,Message Boards,"<h1>Federal Signal Message Boards</h1><p>Federal Signal electronic message boards provide variable text and graphic display capability for traffic control, incident management, and public communications from patrol vehicles and command posts. Programmable LED message boards allow officers and incident commanders to communicate specific instructions to approaching motorists beyond what standard arrow bars and warning lights convey.</p><h2>Why departments choose Federal Signal Message Boards</h2><ul>
<li>
<strong>Variable message capability</strong> → display custom text messages, speed warnings, road closure notices, and instructional messages directly to approaching traffic</li>
<li>
<strong>Pre-programmed message libraries</strong> → common messages stored and recalled instantly without manual text entry during active incidents</li>
<li>
<strong>High-visibility LED display</strong> → bright LED matrix visible in direct sunlight at the distances required for traffic approaching at highway speeds</li>
<li>
<strong>Vehicle-mount and portable configurations</strong> → mount to patrol vehicles, incident command vehicles, or use as standalone roadside units depending on operational need</li>
</ul><h2>Technical Specs</h2><table><tbody>
<tr>
<td>Input Voltage</td>
<td>12 VDC</td>
</tr>
<tr>
<td>Warranty</td>
<td>Federal Signal limited warranty</td>
</tr>
</tbody></table><p><em>Contact us or log into your department account to confirm available models and configurations.</em></p><h2>Ordering from TFR Supply</h2><p>TFR Supply is an authorized Federal Signal dealer serving Texas law enforcement, fire, and EMS agencies. Every order ships direct to your location — no middleman, no inventory delays. Government and department accounts receive tax-exempt checkout and agency pricing. Need installation? Our sister company <a href=""https://www.tx1rs.com"">Texas First Response Services</a> provides professional upfit services across Texas. Create a department account or reach out directly to get started.</p>",Federal Signal,Vehicles & Parts > Vehicle Parts & Accessories > Motor Vehicle Parts > Motor Vehicle Lighting,Vehicle Parts,"Brand_Federal Signal, Category_Emergency Vehicle Equipment, Federal Signal, Message Boards, Use_Fleet Upfitting, Use_Law Enforcement, Use_Public Safety",false,SKU,MB1-A,,,,,,,,MB1-A,0.0,,0,continue,manual,3743.00,,true,true,,,,,,https://cdn.shopify.com/s/files/1/0725/9330/9807/files/MB1-A.jpg?v=1781074481,1,MB1 Message Board product image for TFR Supply emergency vehicle upfitting,false,Message Boards | Federal Signal,"Shop Federal Signal Message Boards for emergency vehicle upfitting, fleet builds, law enforcement, fire, EMS, and public safety vehicle applications.",3318,,,MB1-A,new,FALSE,,,,,,"Shop Federal Signal Message Boards for emergency vehicle upfitting, fleet builds, law enforcement, fire, EMS, and public safety vehicle applications.",Message Boards | Federal Signal,new,FALSE,3318,,,,,lb,,,draft
message-boards,,,,,,,,,MB1-G,,,,,,,,MB1-G,0.0,,0,continue,manual,3743.00,,true,true,,,,,,,,,,,,,,,,,,,,,,,,,,,,,,,,lb,,,
littlite-gooseneck-lamps,Littlite Gooseneck Lamps,"<h1>Federal Signal Littlite® Gooseneck Lamps</h1><p>Federal Signal Littlite® gooseneck lamps provide the focused task illumination that emergency vehicle operators need for map reading, report writing, and equipment operation in low-light conditions — without creating glare that compromises night vision or reveals vehicle position during tactical operations.</p><h2>Why departments choose Littlite Gooseneck Lamps</h2><ul>
<li>
<strong>Focused task lighting</strong> → gooseneck design directs light precisely to the work area — console, clipboard, map, or equipment panel — without spilling into the driver's field of view</li>
<li>
<strong>Low glare output</strong> → light intensity and color temperature optimized for task visibility without creating white-light glare that degrades night vision on dark patrol routes</li>
<li>
<strong>Flexible gooseneck positioning</strong> → adjustable neck positions the light exactly where the operator needs it</li>
<li>
<strong>LED and incandescent configurations</strong> → LED models provide long service life and low power draw; incandescent models maintain the color rendering that some operators prefer for map and document work</li>
<li>
<strong>Compact and unobtrusive</strong> → small form factor integrates cleanly into vehicle consoles and equipment racks</li>
</ul><h2>Technical Specs</h2><table><tbody>
<tr>
<td>Input Voltage</td>
<td>12 VDC</td>
</tr>
<tr>
<td>Warranty</td>
<td>Federal Signal limited warranty</td>
</tr>
</tbody></table><p><em>Contact us or log into your department account to confirm Littlite models and mounting options available.</em></p><h2>Ordering from TFR Supply</h2><p>TFR Supply is an authorized Federal Signal dealer serving Texas law enforcement, fire, and EMS agencies. Every order ships direct to your location — no middleman, no inventory delays. Government and department accounts receive tax-exempt checkout and agency pricing. Need installation? Our sister company <a href=""https://www.tx1rs.com"">Texas First Response Services</a> provides professional upfit services across Texas. Create a department account or reach out directly to get started.</p>",Federal Signal,Vehicles & Parts > Vehicle Parts & Accessories > Motor Vehicle Parts > Motor Vehicle Lighting,Vehicle Parts,"Brand_Federal Signal, Category_Emergency Vehicle Equipment, Federal Signal, Littlite Gooseneck Lamps, Use_Fleet Upfitting, Use_Law Enforcement, Use_Public Safety",false,SKU,LF12ESB-LED,,,,,,,,LF12ESB-LED,0.0,,0,continue,manual,168.00,,true,true,,,,,,,,,false,Littlite Gooseneck Lamps | Federal Signal,"Shop Federal Signal Littlite Gooseneck Lamps for emergency vehicle upfitting, fleet builds, law enforcement, fire, EMS, and public safety vehicle applications.",3318,,,LF12ESB-LED,new,FALSE,,,,,,"Shop Federal Signal Littlite Gooseneck Lamps for emergency vehicle upfitting, fleet builds, law enforcement, fire, EMS, and public safety vehicle applications.",Littlite Gooseneck Lamps | Federal Signal,new,FALSE,3318,,,,,lb,,,draft
littlite-gooseneck-lamps,,,,,,,,,LF12ES-LED,,,,,,,,LF12ES-LED,0.0,,0,continue,manual,168.00,,true,true,,,,,,,,,,,,,,,,,,,,,,,,,,,,,,,,lb,,,
littlite-gooseneck-lamps,,,,,,,,,LF12TSB-LED,,,,,,,,LF12TSB-LED,0.0,,0,continue,manual,168.00,,true,true,,,,,,,,,,,,,,,,,,,,,,,,,,,,,,,,lb,,,
littlite-gooseneck-lamps,,,,,,,,,LF12TS-LED,,,,,,,,LF12TS-LED,0.0,,0,continue,manual,168.00,,true,true,,,,,,,,,,,,,,,,,,,,,,,,,,,,,,,,lb,,,
littlite-gooseneck-lamps,,,,,,,,,LF18ER-LED-UV,,,,,,,,LF18ER-LED-UV,0.0,,0,continue,manual,201.00,,true,true,,,,,,,,,,,,,,,,,,,,,,,,,,,,,,,,lb,,,
littlite-gooseneck-lamps,,,,,,,,,LF18ES-LED,,,,,,,,LF18ES-LED,0.0,,0,continue,manual,168.00,,true,true,,,,,,,,,,,,,,,,,,,,,,,,,,,,,,,,lb,,,
littlite-gooseneck-lamps,,,,,,,,,LF18TSB-LED,,,,,,,,LF18TSB-LED,0.0,,0,continue,manual,168.00,,true,true,,,,,,,,,,,,,,,,,,,,,,,,,,,,,,,,lb,,,
littlite-gooseneck-lamps,,,,,,,,,LF18TSB-LED-BLUE,,,,,,,,LF18TSB-LED-BLUE,0.0,,0,continue,manual,168.00,,true,true,,,,,,,,,,,,,,,,,,,,,,,,,,,,,,,,lb,,,
littlite-gooseneck-lamps,,,,,,,,,LF18TS-LED,,,,,,,,LF18TS-LED,0.0,,0,continue,manual,168.00,,true,true,,,,,,,,,,,,,,,,,,,,,,,,,,,,,,,,lb,,,
led-tcl-lights,LED TCL Lights,"<h1>Federal Signal LED TCL (Traffic Clearing Lights)</h1><p>Federal Signal LED Traffic Clearing Lights (TCL) produce 250+ feet of directed light toward oncoming drivers' rear-view mirrors — warning civilian traffic that an emergency vehicle is approaching before the vehicle reaches the intersection. Available as standalone units or integrated into Navigator lightbars, TCL is the proactive intersection clearing technology that standard forward-facing warning lights cannot replicate.</p><h2>Why departments choose Federal Signal LED TCL Lights</h2><ul>
<li>
<strong>250+ feet of directed forward output</strong> → TCL projects light directly at the rear-view mirrors of vehicles ahead, reaching drivers at distances where standard siren and warning light output is insufficient in urban environments</li>
<li>
<strong>Intersection clearing application</strong> → specifically engineered for the intersection approach scenario where emergency vehicles face the highest collision risk</li>
<li>
<strong>Standalone and integrated configurations</strong> → TCL available as a module within Navigator lightbars or as standalone units for vehicles that need intersection clearing capability without a full lightbar installation</li>
<li>
<strong>FSJoin compatible</strong> → TCL modules integrate with Federal Signal's Convergence Network for controller-driven activation from Pathfinder or compatible siren controllers</li>
<li>SAE certified output</li>
</ul><h2>Technical Specs</h2><table><tbody>
<tr>
<td>Output Range</td>
<td>250+ feet forward</td>
</tr>
<tr>
<td>Input Voltage</td>
<td>12 VDC</td>
</tr>
<tr>
<td>Warranty</td>
<td>Federal Signal limited warranty</td>
</tr>
</tbody></table><p><em>Contact us or log into your department account to confirm standalone TCL models and Navigator integration options.</em></p><h2>Ordering from TFR Supply</h2><p>TFR Supply is an authorized Federal Signal dealer serving Texas law enforcement, fire, and EMS agencies. Every order ships direct to your location — no middleman, no inventory delays. Government and department accounts receive tax-exempt checkout and agency pricing. Need installation? Our sister company <a href=""https://www.tx1rs.com"">Texas First Response Services</a> provides professional upfit services across Texas. Create a department account or reach out directly to get started.</p>",Federal Signal,Vehicles & Parts > Vehicle Parts & Accessories > Motor Vehicle Parts > Motor Vehicle Lighting,Emergency Vehicle Warning Lights,"Brand_Federal Signal, Category_Emergency Vehicle Equipment, Federal Signal, LED TCL Lights, Use_Fleet Upfitting, Use_Law Enforcement, Use_Public Safety",true,SKU,LEDTCL64A-A,,,,,,,,LEDTCL64A-A,0.0,,0,continue,manual,721.00,,true,true,,,,,,https://cdn.shopify.com/s/files/1/0725/9330/9807/files/unYDJcmUYIAhitwl.jpg?v=1781069156,1,LED TCL Lights - LEDTCL64A-A - Federal Signal emergency vehicle equipment,false,LED TCL Lights | Federal Signal,"Shop Federal Signal LED TCL Lights for emergency vehicle upfitting, fleet builds, law enforcement, fire, EMS, and public safety vehicle applications.",3318,,,LEDTCL64A-A,new,FALSE,,,,,,"Shop Federal Signal LED TCL Lights for emergency vehicle upfitting, fleet builds, law enforcement, fire, EMS, and public safety vehicle applications.",LED TCL Lights | Federal Signal,new,FALSE,3318,,,,,lb,,,active
led-tcl-lights,,,,,,,,,LEDTCL64C-A,,,,,,,,LEDTCL64C-A,0.0,,0,continue,manual,721.00,,true,true,,,,,,https://cdn.shopify.com/s/files/1/0725/9330/9807/files/LEDTCL97C-W.jpg?v=1781074482,2,LED TCL Lights - LEDTCL97C-W - Federal Signal emergency vehicle equipment,,,,,,,,,,,,,,,,,,,,,,,,lb,,,
led-tcl-lights,,,,,,,,,LEDTCL64C-B,,,,,,,,LEDTCL64C-B,0.0,,0,continue,manual,721.00,,true,true,,,,,,,,,,,,,,,,,,,,,,,,,,,,,,,,lb,,,
led-tcl-lights,,,,,,,,,LEDTCL64C-G,,,,,,,,LEDTCL64C-G,0.0,,0,continue,manual,721.00,,true,true,,,,,,,,,,,,,,,,,,,,,,,,,,,,,,,,lb,,,
led-tcl-lights,,,,,,,,,LEDTCL64C-R,,,,,,,,LEDTCL64C-R,0.0,,0,continue,manual,721.00,,true,true,,,,,,,,,,,,,,,,,,,,,,,,,,,,,,,,lb,,,
led-tcl-lights,,,,,,,,,LEDTCL64C-RB,,,,,,,,LEDTCL64C-RB,0.0,,0,continue,manual,721.00,,true,true,,,,,,,,,,,,,,,,,,,,,,,,,,,,,,,,lb,,,
led-tcl-lights,,,,,,,,,LEDTCL64C-W,,,,,,,,LEDTCL64C-W,0.0,,0,continue,manual,721.00,,true,true,,,,,,,,,,,,,,,,,,,,,,,,,,,,,,,,lb,,,
led-tcl-lights,,,,,,,,,LEDTCL64R-R,,,,,,,,LEDTCL64R-R,0.0,,0,continue,manual,721.00,,true,true,,,,,,,,,,,,,,,,,,,,,,,,,,,,,,,,lb,,,
led-tcl-lights,,,,,,,,,LEDTCL97C-A,,,,,,,,LEDTCL97C-A,0.0,,0,continue,manual,567.00,,true,true,,,,,,,,,,,,,,,,,,,,,,,,,,,,,,,,lb,,,
led-tcl-lights,,,,,,,,,LEDTCL97C-B,,,,,,,,LEDTCL97C-B,0.0,,0,continue,manual,567.00,,true,true,,,,,,,,,,,,,,,,,,,,,,,,,,,,,,,,lb,,,
led-tcl-lights,,,,,,,,,LEDTCL97C-G,,,,,,,,LEDTCL97C-G,0.0,,0,continue,manual,567.00,,true,true,,,,,,,,,,,,,,,,,,,,,,,,,,,,,,,,lb,,,
led-tcl-lights,,,,,,,,,LEDTCL97C-R,,,,,,,,LEDTCL97C-R,0.0,,0,continue,manual,567.00,,true,true,,,,,,,,,,,,,,,,,,,,,,,,,,,,,,,,lb,,,
led-tcl-lights,,,,,,,,,LEDTCL97C-W,,,,,,,,LEDTCL97C-W,0.0,,0,continue,manual,567.00,,true,true,,,,,,,,,,,,,,,,,,,,,,,,,,,,,,,,lb,,,
led-tcl-lights,,,,,,,,,LEDTCL97R-R,,,,,,,,LEDTCL97R-R,0.0,,0,continue,manual,567.00,,true,true,,,,,,,,,,,,,,,,,,,,,,,,,,,,,,,,lb,,,
led-beacons-300-320,LED Beacons (300/320),"<h1>Federal Signal LED Beacons — 300/320 Series</h1><p>Federal Signal's 300 and 320 Series LED beacons provide 360-degree rotational-style LED warning output for apparatus rooftops, tow vehicles, utility trucks, and any platform requiring a high-mounted, omni-directional warning beacon. The 300/320 Series delivers the visibility of a traditional halogen rotator in a long-life, low-maintenance LED package.</p><h2>Why departments and fleets choose the 300/320 Series Beacons</h2><ul>
<li>
<strong>360-degree LED output</strong> → patented optical design delivers continuous warning light around the full circumference of the beacon without the maintenance requirements of mechanical rotators</li>
<li>
<strong>Tall and short configurations</strong> → available in tall and short dome heights to match mounting position and visibility requirements on each vehicle type</li>
<li>
<strong>Multiple color options</strong> → Amber for work truck and utility applications, Red and Blue for emergency response platforms</li>
<li>
<strong>IP-rated weather protection</strong> → sealed beacon housing withstands rain, road debris, and wash-down across the full working life of the vehicle</li>
<li>
<strong>Multiple mounting options</strong> → permanent pipe mount, magnet mount, and suction cup configurations available for permanent and temporary deployment</li>
<li>
<strong>Long LED service life</strong> → LED light sources dramatically reduce maintenance intervals compared to halogen beacon predecessors</li>
</ul><h2>Technical Specs</h2><table><tbody>
<tr>
<td>Series</td>
<td>300, 320</td>
</tr>
<tr>
<td>Input Voltage</td>
<td>12 VDC</td>
</tr>
<tr>
<td>Warranty</td>
<td>Federal Signal limited warranty</td>
</tr>
</tbody></table><p><em>Contact us or log into your department account to confirm color, dome height, and mounting configuration.</em></p><h2>Ordering from TFR Supply</h2><p>TFR Supply is an authorized Federal Signal dealer serving Texas law enforcement, fire, and EMS agencies. Every order ships direct to your location — no middleman, no inventory delays. Government and department accounts receive tax-exempt checkout and agency pricing. Need installation? Our sister company <a href=""https://www.tx1rs.com"">Texas First Response Services</a> provides professional upfit services across Texas. Create a department account or reach out directly to get started.</p>",Federal Signal,Vehicles & Parts > Vehicle Parts & Accessories > Motor Vehicle Parts > Motor Vehicle Lighting,Emergency Vehicle Warning Lights,"Brand_Federal Signal, Category_Emergency Vehicle Equipment, Federal Signal, LED Beacons (300/320), Use_Fleet Upfitting, Use_Law Enforcement, Use_Public Safety",true,SKU,300SMP-A-SB,,,,,,,,300SMP-A-SB,0.0,,0,continue,manual,404.00,,true,true,,,,,,https://cdn.shopify.com/s/files/1/0725/9330/9807/files/300TMPC-R-SB.jpg?v=1781074481,1,LED Beacons (300/320) - 300TMPC-R-SB - Federal Signal emergency vehicle equipment,false,LED Beacons (300/320) | Federal Signal,"Shop Federal Signal LED Beacons (300/320) for emergency vehicle upfitting, fleet builds, law enforcement, fire, EMS, and public safety vehicle applications.",3318,,,300SMP-A-SB,new,FALSE,,,,,,"Shop Federal Signal LED Beacons (300/320) for emergency vehicle upfitting, fleet builds, law enforcement, fire, EMS, and public safety vehicle applications.",LED Beacons (300/320) | Federal Signal,new,FALSE,3318,,,,,lb,,,active
led-beacons-300-320,,,,,,,,,300SMP-B-SB,,,,,,,,300SMP-B-SB,0.0,,0,continue,manual,404.00,,true,true,,,,,,,,,,,,,,,,,,,,,,,,,,,,,,,,lb,,,
led-beacons-300-320,,,,,,,,,300SMPC-A-SB,,,,,,,,300SMPC-A-SB,0.0,,0,continue,manual,404.00,,true,true,,,,,,,,,,,,,,,,,,,,,,,,,,,,,,,,lb,,,
led-beacons-300-320,,,,,,,,,300SMPC-B-SB,,,,,,,,300SMPC-B-SB,0.0,,0,continue,manual,404.00,,true,true,,,,,,,,,,,,,,,,,,,,,,,,,,,,,,,,lb,,,
led-beacons-300-320,,,,,,,,,300SMPC-G-SB,,,,,,,,300SMPC-G-SB,0.0,,0,continue,manual,404.00,,true,true,,,,,,,,,,,,,,,,,,,,,,,,,,,,,,,,lb,,,
led-beacons-300-320,,,,,,,,,300SMPC-R-SB,,,,,,,,300SMPC-R-SB,0.0,,0,continue,manual,404.00,,true,true,,,,,,,,,,,,,,,,,,,,,,,,,,,,,,,,lb,,,
led-beacons-300-320,,,,,,,,,300SMP-R-SB,,,,,,,,300SMP-R-SB,0.0,,0,continue,manual,404.00,,true,true,,,,,,,,,,,,,,,,,,,,,,,,,,,,,,,,lb,,,
led-beacons-300-320,,,,,,,,,300TMP-A-SB,,,,,,,,300TMP-A-SB,0.0,,0,continue,manual,422.00,,true,true,,,,,,,,,,,,,,,,,,,,,,,,,,,,,,,,lb,,,
led-beacons-300-320,,,,,,,,,300TMP-B-SB,,,,,,,,300TMP-B-SB,0.0,,0,continue,manual,422.00,,true,true,,,,,,,,,,,,,,,,,,,,,,,,,,,,,,,,lb,,,
led-beacons-300-320,,,,,,,,,300TMPC-A-SB,,,,,,,,300TMPC-A-SB,0.0,,0,continue,manual,422.00,,true,true,,,,,,,,,,,,,,,,,,,,,,,,,,,,,,,,lb,,,
led-beacons-300-320,,,,,,,,,300TMPC-B-SB,,,,,,,,300TMPC-B-SB,0.0,,0,continue,manual,422.00,,true,true,,,,,,,,,,,,,,,,,,,,,,,,,,,,,,,,lb,,,
led-beacons-300-320,,,,,,,,,300TMPC-G-SB,,,,,,,,300TMPC-G-SB,0.0,,0,continue,manual,422.00,,true,true,,,,,,,,,,,,,,,,,,,,,,,,,,,,,,,,lb,,,
led-beacons-300-320,,,,,,,,,300TMPC-R-SB,,,,,,,,300TMPC-R-SB,0.0,,0,continue,manual,422.00,,true,true,,,,,,,,,,,,,,,,,,,,,,,,,,,,,,,,lb,,,
led-beacons-300-320,,,,,,,,,300TMP-R-SB,,,,,,,,300TMP-R-SB,0.0,,0,continue,manual,422.00,,true,true,,,,,,,,,,,,,,,,,,,,,,,,,,,,,,,,lb,,,
led-beacons-300-320,,,,,,,,,320SMP-AB-SB,,,,,,,,320SMP-AB-SB,0.0,,0,continue,manual,487.00,,true,true,,,,,,,,,,,,,,,,,,,,,,,,,,,,,,,,lb,,,
led-beacons-300-320,,,,,,,,,320SMP-AG-SB,,,,,,,,320SMP-AG-SB,0.0,,0,continue,manual,487.00,,true,true,,,,,,,,,,,,,,,,,,,,,,,,,,,,,,,,lb,,,
led-beacons-300-320,,,,,,,,,320SMP-AW-SB,,,,,,,,320SMP-AW-SB,0.0,,0,continue,manual,487.00,,true,true,,,,,,,,,,,,,,,,,,,,,,,,,,,,,,,,lb,,,
led-beacons-300-320,,,,,,,,,320TMP-AB-SB,,,,,,,,320TMP-AB-SB,0.0,,0,continue,manual,535.00,,true,true,,,,,,,,,,,,,,,,,,,,,,,,,,,,,,,,lb,,,
led-beacons-300-320,,,,,,,,,320TMP-AG-SB,,,,,,,,320TMP-AG-SB,0.0,,0,continue,manual,535.00,,true,true,,,,,,,,,,,,,,,,,,,,,,,,,,,,,,,,lb,,,
led-beacons-300-320,,,,,,,,,320TMP-AW-SB,,,,,,,,320TMP-AW-SB,0.0,,0,continue,manual,535.00,,true,true,,,,,,,,,,,,,,,,,,,,,,,,,,,,,,,,lb,,,
intercom-systems,Intercom Systems,"<h1>Federal Signal Intercom Systems</h1><p>Federal Signal intercom systems provide clear, two-way voice communication between the vehicle interior and the immediate exterior environment — enabling officers to communicate with individuals outside the vehicle without opening doors or windows. Purpose-built for patrol vehicles, command posts, and incident management platforms where officer safety and situational control are priorities.</p><h2>Why departments choose Federal Signal Intercom Systems</h2><ul>
<li>
<strong>Officer safety</strong> → communicate with individuals at the vehicle exterior without opening doors, maintaining the protective barrier of the vehicle during high-risk contacts</li>
<li>
<strong>Clear voice transmission</strong> → speaker and microphone systems designed to overcome ambient noise from traffic, sirens, and scene activity</li>
<li>
<strong>Integration with existing vehicle audio</strong> → compatible with Federal Signal siren and PA systems to leverage existing speaker infrastructure for intercom output</li>
<li>
<strong>Durable construction</strong> → components built for the vibration, temperature cycling, and daily use of active patrol vehicle service</li>
</ul><h2>Technical Specs</h2><table><tbody>
<tr>
<td>Input Voltage</td>
<td>12 VDC</td>
</tr>
<tr>
<td>Warranty</td>
<td>Federal Signal limited warranty</td>
</tr>
</tbody></table><p><em>Contact us or log into your department account to confirm available intercom system models and compatibility with your vehicle.</em></p><h2>Ordering from TFR Supply</h2><p>TFR Supply is an authorized Federal Signal dealer serving Texas law enforcement, fire, and EMS agencies. Every order ships direct to your location — no middleman, no inventory delays. Government and department accounts receive tax-exempt checkout and agency pricing. Need installation? Our sister company <a href=""https://www.tx1rs.com"">Texas First Response Services</a> provides professional upfit services across Texas. Create a department account or reach out directly to get started.</p>",Federal Signal,Vehicles & Parts > Vehicle Parts & Accessories > Motor Vehicle Parts > Motor Vehicle Lighting,Vehicle Parts,"Brand_Federal Signal, Category_Emergency Vehicle Equipment, Federal Signal, Intercom Systems, Use_Fleet Upfitting, Use_Law Enforcement, Use_Public Safety",true,SKU,AD26-8-M44-Z,,,,,,,,AD26-8-M44-Z,0.0,,0,continue,manual,1779.00,,true,true,,,,,,,,,false,Intercom Systems | Federal Signal,"Shop Federal Signal Intercom Systems for emergency vehicle upfitting, fleet builds, law enforcement, fire, EMS, and public safety vehicle applications.",3318,,,AD26-8-M44-Z,new,FALSE,,,,,,"Shop Federal Signal Intercom Systems for emergency vehicle upfitting, fleet builds, law enforcement, fire, EMS, and public safety vehicle applications.",Intercom Systems | Federal Signal,new,FALSE,3318,,,,,lb,,,active
intercom-systems,,,,,,,,,AD26C-1-Z,,,,,,,,AD26C-1-Z,0.0,,0,continue,manual,1802.00,,true,true,,,,,,,,,,,,,,,,,,,,,,,,,,,,,,,,lb,,,
intercom-systems,,,,,,,,,AD26C-7-Z,,,,,,,,AD26C-7-Z,0.0,,0,continue,manual,1920.00,,true,true,,,,,,,,,,,,,,,,,,,,,,,,,,,,,,,,lb,,,
intercom-systems,,,,,,,,,AD26C-Z,,,,,,,,AD26C-Z,0.0,,0,continue,manual,1676.00,,true,true,,,,,,,,,,,,,,,,,,,,,,,,,,,,,,,,lb,,,
intercom-systems,,,,,,,,,AD26D-1-Z,,,,,,,,AD26D-1-Z,0.0,,0,continue,manual,1918.00,,true,true,,,,,,,,,,,,,,,,,,,,,,,,,,,,,,,,lb,,,
intercom-systems,,,,,,,,,AD26D-Z,,,,,,,,AD26D-Z,0.0,,0,continue,manual,1673.00,,true,true,,,,,,,,,,,,,,,,,,,,,,,,,,,,,,,,lb,,,
intercom-systems,,,,,,,,,AD26-Z,,,,,,,,AD26-Z,0.0,,0,continue,manual,1464.00,,true,true,,,,,,,,,,,,,,,,,,,,,,,,,,,,,,,,lb,,,
intelli-flash-controllers,Intelli-Flash Controllers,"<h1>Federal Signal Intelli-Flash® Controllers</h1><p>Federal Signal Intelli-Flash® controllers provide programmable flash pattern control for warning light systems on patrol vehicles, fire apparatus, and EMS units. Intelli-Flash delivers the ability to configure and synchronize multiple warning light devices from a single controller interface — giving fleet managers and installers precise control over how the vehicle's warning system behaves across every operational scenario.</p><h2>Why departments choose Intelli-Flash Controllers</h2><ul>
<li>
<strong>Programmable flash patterns</strong> → configure warning light behavior across multiple heads and zones from a single controller, eliminating the need for individual head-by-head pattern selection</li>
<li>
<strong>Multi-device synchronization</strong> → synchronize warning lights across grille, lightbar, running boards, and rear-facing positions so the entire vehicle flashes in coordinated patterns</li>
<li>
<strong>FS Convergence Network compatible</strong> → integrates with Federal Signal's lightbar and siren ecosystem for unified vehicle-wide programming via Convergence Network Configuration Software</li>
<li>
<strong>Fleet standardization</strong> → program identical flash behavior across every vehicle in the fleet from a laptop, ensuring consistent warning presentation for all units</li>
</ul><h2>Technical Specs</h2><table><tbody>
<tr>
<td>Input Voltage</td>
<td>12/24 VDC</td>
</tr>
<tr>
<td>Warranty</td>
<td>Federal Signal limited warranty</td>
</tr>
</tbody></table><p><em>Contact us or log into your department account to confirm compatibility with your warning light system.</em></p><h2>Ordering from TFR Supply</h2><p>TFR Supply is an authorized Federal Signal dealer serving Texas law enforcement, fire, and EMS agencies. Every order ships direct to your location — no middleman, no inventory delays. Government and department accounts receive tax-exempt checkout and agency pricing. Need installation? Our sister company <a href=""https://www.tx1rs.com"">Texas First Response Services</a> provides professional upfit services across Texas. Create a department account or reach out directly to get started.</p>",Federal Signal,Vehicles & Parts > Vehicle Parts & Accessories > Motor Vehicle Parts > Motor Vehicle Lighting,Lighting Controllers,"Brand_Federal Signal, Category_Emergency Vehicle Equipment, Federal Signal, Intelli-Flash Controllers, Product_Controller, Use_Fleet Upfitting, Use_Law Enforcement, Use_Public Safety",true,SKU,650202,,,,,,,,'650202,0.0,,0,continue,manual,230.00,,true,true,,,,,,,,,false,Intelli-Flash Controllers | Federal Signal,"Shop Federal Signal Intelli-Flash Controllers for emergency vehicle upfitting, fleet builds, law enforcement, fire, EMS, and public safety vehicle applications.",3318,,,'650202,new,FALSE,,,,,,"Shop Federal Signal Intelli-Flash Controllers for emergency vehicle upfitting, fleet builds, law enforcement, fire, EMS, and public safety vehicle applications.",Intelli-Flash Controllers | Federal Signal,new,FALSE,3318,,,,,lb,,,active
intelli-flash-controllers,,,,,,,,,650302,,,,,,,,'650302,0.0,,0,continue,manual,944.00,,true,true,,,,,,,,,,,,,,,,,,,,,,,,,,,,,,,,lb,,,
intelli-flash-controllers,,,,,,,,,670132,,,,,,,,'670132,0.0,,0,continue,manual,79.00,,true,true,,,,,,,,,,,,,,,,,,,,,,,,,,,,,,,,lb,,,
hideaway-lights-hl10-hl15,Hideaway Lights (HL10/HL15),"<h1>Federal Signal Hideaway Lights — HL10 / HL15</h1><p>Federal Signal HL10 and HL15 hideaway lights install behind factory headlight and taillight lenses for a completely concealed warning system that is invisible when not activated. Purpose-built for unmarked patrol, plainclothes enforcement, and semi-marked vehicles where visible warning equipment compromises operational security but Class 1 warning output is still required when responding.</p><h2>Why departments choose Federal Signal Hideaway Lights</h2><ul>
<li>
<strong>Completely concealed when off</strong> → HL10 and HL15 install behind existing factory lens openings with no external hardware, wiring, or visible components when the system is not activated</li>
<li>
<strong>Full Class 1 warning output</strong> → despite their hidden installation, hideaway lights deliver the high-intensity output required for emergency response — not a compromise product</li>
<li>
<strong>HL10 and HL15 configurations</strong> → the HL10 is a 10-LED module for standard lens positions; the HL15 provides 15-LED output for positions requiring higher intensity</li>
<li>
<strong>Single and dual-color</strong> → Red, Blue, Amber, White, and split-color configurations for any jurisdictional requirement</li>
<li>
<strong>FSJoin compatible</strong> → synchronizes with Federal Signal lightbars, MicroPulse perimeter lights, and siren controllers via the FS Convergence Network</li>
<li>SAE J845 Class 1 certified</li>
</ul><h2>Technical Specs</h2><table><tbody>
<tr>
<td>Models</td>
<td>HL10 (10-LED), HL15 (15-LED)</td>
</tr>
<tr>
<td>Input Voltage</td>
<td>12/24 VDC</td>
</tr>
<tr>
<td>Certifications</td>
<td>SAE J845 Class 1</td>
</tr>
<tr>
<td>Warranty</td>
<td>Federal Signal limited warranty</td>
</tr>
</tbody></table><p><em>Contact us or log into your department account to confirm color configuration and vehicle-specific fitment.</em></p><h2>Ordering from TFR Supply</h2><p>TFR Supply is an authorized Federal Signal dealer serving Texas law enforcement, fire, and EMS agencies. Every order ships direct to your location — no middleman, no inventory delays. Government and department accounts receive tax-exempt checkout and agency pricing. Need installation? Our sister company <a href=""https://www.tx1rs.com"">Texas First Response Services</a> provides professional upfit services across Texas. Create a department account or reach out directly to get started.</p>",Federal Signal,Vehicles & Parts > Vehicle Parts & Accessories > Motor Vehicle Parts > Motor Vehicle Lighting,Emergency Vehicle Warning Lights,"Brand_Federal Signal, Category_Emergency Vehicle Equipment, Federal Signal, Hideaway Lights (HL10/HL15), Use_Fleet Upfitting, Use_Law Enforcement, Use_Public Safety",true,SKU,HL10-BKT,,,,,,,,HL10-BKT,0.0,,0,continue,manual,25.00,,true,true,,,,,,https://cdn.shopify.com/s/files/1/0725/9330/9807/files/HL15-NSBKT.jpg?v=1781074482,1,Hideaway Lights (HL10/HL15) - HL15-NSBKT - Federal Signal emergency vehicle equipment,false,Hideaway Lights (HL10/HL15) | Federal Signal,"Shop Federal Signal Hideaway Lights (HL10/HL15) for emergency vehicle upfitting, fleet builds, law enforcement, fire, EMS, and public safety vehicle applications.",3318,,,HL10-BKT,new,FALSE,,,,,,"Shop Federal Signal Hideaway Lights (HL10/HL15) for emergency vehicle upfitting, fleet builds, law enforcement, fire, EMS, and public safety vehicle applications.",Hideaway Lights (HL10/HL15) | Federal Signal,new,FALSE,3318,,,,,lb,,,active
hideaway-lights-hl10-hl15,,,,,,,,,HL10M-A,,,,,,,,HL10M-A,0.0,,0,continue,manual,296.00,,true,true,,,,,,,,,,,,,,,,,,,,,,,,,,,,,,,,lb,,,
hideaway-lights-hl10-hl15,,,,,,,,,HL10-MAGMNT,,,,,,,,HL10-MAGMNT,0.0,,0,continue,manual,63.00,,true,true,,,,,,,,,,,,,,,,,,,,,,,,,,,,,,,,lb,,,
hideaway-lights-hl10-hl15,,,,,,,,,HL10MC-A,,,,,,,,HL10MC-A,0.0,,0,continue,manual,296.00,,true,true,,,,,,,,,,,,,,,,,,,,,,,,,,,,,,,,lb,,,
hideaway-lights-hl10-hl15,,,,,,,,,HL10MC-AB,,,,,,,,HL10MC-AB,0.0,,0,continue,manual,296.00,,true,true,,,,,,,,,,,,,,,,,,,,,,,,,,,,,,,,lb,,,
hideaway-lights-hl10-hl15,,,,,,,,,HL10MC-AG,,,,,,,,HL10MC-AG,0.0,,0,continue,manual,296.00,,true,true,,,,,,,,,,,,,,,,,,,,,,,,,,,,,,,,lb,,,
hideaway-lights-hl10-hl15,,,,,,,,,HL10MC-AR,,,,,,,,HL10MC-AR,0.0,,0,continue,manual,296.00,,true,true,,,,,,,,,,,,,,,,,,,,,,,,,,,,,,,,lb,,,
hideaway-lights-hl10-hl15,,,,,,,,,HL10MC-AW,,,,,,,,HL10MC-AW,0.0,,0,continue,manual,296.00,,true,true,,,,,,,,,,,,,,,,,,,,,,,,,,,,,,,,lb,,,
hideaway-lights-hl10-hl15,,,,,,,,,HL10MC-B,,,,,,,,HL10MC-B,0.0,,0,continue,manual,296.00,,true,true,,,,,,,,,,,,,,,,,,,,,,,,,,,,,,,,lb,,,
hideaway-lights-hl10-hl15,,,,,,,,,HL10MC-G,,,,,,,,HL10MC-G,0.0,,0,continue,manual,296.00,,true,true,,,,,,,,,,,,,,,,,,,,,,,,,,,,,,,,lb,,,
hideaway-lights-hl10-hl15,,,,,,,,,HL10MC-R,,,,,,,,HL10MC-R,0.0,,0,continue,manual,296.00,,true,true,,,,,,,,,,,,,,,,,,,,,,,,,,,,,,,,lb,,,
hideaway-lights-hl10-hl15,,,,,,,,,HL10MC-RB,,,,,,,,HL10MC-RB,0.0,,0,continue,manual,296.00,,true,true,,,,,,,,,,,,,,,,,,,,,,,,,,,,,,,,lb,,,
hideaway-lights-hl10-hl15,,,,,,,,,HL10MC-W,,,,,,,,HL10MC-W,0.0,,0,continue,manual,296.00,,true,true,,,,,,,,,,,,,,,,,,,,,,,,,,,,,,,,lb,,,
hideaway-lights-hl10-hl15,,,,,,,,,HL10P-A,,,,,,,,HL10P-A,0.0,,0,continue,manual,282.00,,true,true,,,,,,,,,,,,,,,,,,,,,,,,,,,,,,,,lb,,,
hideaway-lights-hl10-hl15,,,,,,,,,HL10PC-A,,,,,,,,HL10PC-A,0.0,,0,continue,manual,282.00,,true,true,,,,,,,,,,,,,,,,,,,,,,,,,,,,,,,,lb,,,
hideaway-lights-hl10-hl15,,,,,,,,,HL10PC-AB,,,,,,,,HL10PC-AB,0.0,,0,continue,manual,282.00,,true,true,,,,,,,,,,,,,,,,,,,,,,,,,,,,,,,,lb,,,
hideaway-lights-hl10-hl15,,,,,,,,,HL10PC-AG,,,,,,,,HL10PC-AG,0.0,,0,continue,manual,282.00,,true,true,,,,,,,,,,,,,,,,,,,,,,,,,,,,,,,,lb,,,
hideaway-lights-hl10-hl15,,,,,,,,,HL10PC-AR,,,,,,,,HL10PC-AR,0.0,,0,continue,manual,282.00,,true,true,,,,,,,,,,,,,,,,,,,,,,,,,,,,,,,,lb,,,
hideaway-lights-hl10-hl15,,,,,,,,,HL10PC-AW,,,,,,,,HL10PC-AW,0.0,,0,continue,manual,282.00,,true,true,,,,,,,,,,,,,,,,,,,,,,,,,,,,,,,,lb,,,
hideaway-lights-hl10-hl15,,,,,,,,,HL10PC-B,,,,,,,,HL10PC-B,0.0,,0,continue,manual,282.00,,true,true,,,,,,,,,,,,,,,,,,,,,,,,,,,,,,,,lb,,,
hideaway-lights-hl10-hl15,,,,,,,,,HL10PC-G,,,,,,,,HL10PC-G,0.0,,0,continue,manual,282.00,,true,true,,,,,,,,,,,,,,,,,,,,,,,,,,,,,,,,lb,,,
hideaway-lights-hl10-hl15,,,,,,,,,HL10PC-R,,,,,,,,HL10PC-R,0.0,,0,continue,manual,282.00,,true,true,,,,,,,,,,,,,,,,,,,,,,,,,,,,,,,,lb,,,
hideaway-lights-hl10-hl15,,,,,,,,,HL10PC-RB,,,,,,,,HL10PC-RB,0.0,,0,continue,manual,282.00,,true,true,,,,,,,,,,,,,,,,,,,,,,,,,,,,,,,,lb,,,
hideaway-lights-hl10-hl15,,,,,,,,,HL10PC-W,,,,,,,,HL10PC-W,0.0,,0,continue,manual,282.00,,true,true,,,,,,,,,,,,,,,,,,,,,,,,,,,,,,,,lb,,,
hideaway-lights-hl10-hl15,,,,,,,,,HL10S-A,,,,,,,,HL10S-A,0.0,,0,continue,manual,308.00,,true,true,,,,,,,,,,,,,,,,,,,,,,,,,,,,,,,,lb,,,
hideaway-lights-hl10-hl15,,,,,,,,,HL10SC-A,,,,,,,,HL10SC-A,0.0,,0,continue,manual,308.00,,true,true,,,,,,,,,,,,,,,,,,,,,,,,,,,,,,,,lb,,,
hideaway-lights-hl10-hl15,,,,,,,,,HL10SC-AB,,,,,,,,HL10SC-AB,0.0,,0,continue,manual,308.00,,true,true,,,,,,,,,,,,,,,,,,,,,,,,,,,,,,,,lb,,,
hideaway-lights-hl10-hl15,,,,,,,,,HL10SC-AG,,,,,,,,HL10SC-AG,0.0,,0,continue,manual,308.00,,true,true,,,,,,,,,,,,,,,,,,,,,,,,,,,,,,,,lb,,,
hideaway-lights-hl10-hl15,,,,,,,,,HL10SC-AR,,,,,,,,HL10SC-AR,0.0,,0,continue,manual,308.00,,true,true,,,,,,,,,,,,,,,,,,,,,,,,,,,,,,,,lb,,,
hideaway-lights-hl10-hl15,,,,,,,,,HL10SC-AW,,,,,,,,HL10SC-AW,0.0,,0,continue,manual,308.00,,true,true,,,,,,,,,,,,,,,,,,,,,,,,,,,,,,,,lb,,,
hideaway-lights-hl10-hl15,,,,,,,,,HL10SC-B,,,,,,,,HL10SC-B,0.0,,0,continue,manual,308.00,,true,true,,,,,,,,,,,,,,,,,,,,,,,,,,,,,,,,lb,,,
hideaway-lights-hl10-hl15,,,,,,,,,HL10SC-G,,,,,,,,HL10SC-G,0.0,,0,continue,manual,308.00,,true,true,,,,,,,,,,,,,,,,,,,,,,,,,,,,,,,,lb,,,
hideaway-lights-hl10-hl15,,,,,,,,,HL10SC-R,,,,,,,,HL10SC-R,0.0,,0,continue,manual,308.00,,true,true,,,,,,,,,,,,,,,,,,,,,,,,,,,,,,,,lb,,,
hideaway-lights-hl10-hl15,,,,,,,,,HL10SC-RB,,,,,,,,HL10SC-RB,0.0,,0,continue,manual,308.00,,true,true,,,,,,,,,,,,,,,,,,,,,,,,,,,,,,,,lb,,,
hideaway-lights-hl10-hl15,,,,,,,,,HL10-SCTMNT,,,,,,,,HL10-SCTMNT,0.0,,0,continue,manual,74.00,,true,true,,,,,,,,,,,,,,,,,,,,,,,,,,,,,,,,lb,,,
hideaway-lights-hl10-hl15,,,,,,,,,HL10SC-W,,,,,,,,HL10SC-W,0.0,,0,continue,manual,308.00,,true,true,,,,,,,,,,,,,,,,,,,,,,,,,,,,,,,,lb,,,
hideaway-lights-hl10-hl15,,,,,,,,,HL10U-A,,,,,,,,HL10U-A,0.0,,0,continue,manual,308.00,,true,true,,,,,,,,,,,,,,,,,,,,,,,,,,,,,,,,lb,,,
hideaway-lights-hl10-hl15,,,,,,,,,HL10UC-A,,,,,,,,HL10UC-A,0.0,,0,continue,manual,308.00,,true,true,,,,,,,,,,,,,,,,,,,,,,,,,,,,,,,,lb,,,
hideaway-lights-hl10-hl15,,,,,,,,,HL10UC-AG,,,,,,,,HL10UC-AG,0.0,,0,continue,manual,308.00,,true,true,,,,,,,,,,,,,,,,,,,,,,,,,,,,,,,,lb,,,
hideaway-lights-hl10-hl15,,,,,,,,,HL10UC-AW,,,,,,,,HL10UC-AW,0.0,,0,continue,manual,308.00,,true,true,,,,,,,,,,,,,,,,,,,,,,,,,,,,,,,,lb,,,
hideaway-lights-hl10-hl15,,,,,,,,,HL15-BKT,,,,,,,,HL15-BKT,0.0,,0,continue,manual,50.00,,true,true,,,,,,,,,,,,,,,,,,,,,,,,,,,,,,,,lb,,,
hideaway-lights-hl10-hl15,,,,,,,,,HL15M-A,,,,,,,,HL15M-A,0.0,,0,continue,manual,580.00,,true,true,,,,,,,,,,,,,,,,,,,,,,,,,,,,,,,,lb,,,
hideaway-lights-hl10-hl15,,,,,,,,,HL15-MAGMT,,,,,,,,HL15-MAGMT,0.0,,0,continue,manual,119.00,,true,true,,,,,,,,,,,,,,,,,,,,,,,,,,,,,,,,lb,,,
hideaway-lights-hl10-hl15,,,,,,,,,HL15MC-A,,,,,,,,HL15MC-A,0.0,,0,continue,manual,580.00,,true,true,,,,,,,,,,,,,,,,,,,,,,,,,,,,,,,,lb,,,
hideaway-lights-hl10-hl15,,,,,,,,,HL15MC-AB,,,,,,,,HL15MC-AB,0.0,,0,continue,manual,646.00,,true,true,,,,,,,,,,,,,,,,,,,,,,,,,,,,,,,,lb,,,
hideaway-lights-hl10-hl15,,,,,,,,,HL15MC-AG,,,,,,,,HL15MC-AG,0.0,,0,continue,manual,646.00,,true,true,,,,,,,,,,,,,,,,,,,,,,,,,,,,,,,,lb,,,
hideaway-lights-hl10-hl15,,,,,,,,,HL15MC-AR,,,,,,,,HL15MC-AR,0.0,,0,continue,manual,646.00,,true,true,,,,,,,,,,,,,,,,,,,,,,,,,,,,,,,,lb,,,
hideaway-lights-hl10-hl15,,,,,,,,,HL15MC-AW,,,,,,,,HL15MC-AW,0.0,,0,continue,manual,646.00,,true,true,,,,,,,,,,,,,,,,,,,,,,,,,,,,,,,,lb,,,
hideaway-lights-hl10-hl15,,,,,,,,,HL15MC-B,,,,,,,,HL15MC-B,0.0,,0,continue,manual,580.00,,true,true,,,,,,,,,,,,,,,,,,,,,,,,,,,,,,,,lb,,,
hideaway-lights-hl10-hl15,,,,,,,,,HL15MC-BW,,,,,,,,HL15MC-BW,0.0,,0,continue,manual,646.00,,true,true,,,,,,,,,,,,,,,,,,,,,,,,,,,,,,,,lb,,,
hideaway-lights-hl10-hl15,,,,,,,,,HL15MC-G,,,,,,,,HL15MC-G,0.0,,0,continue,manual,580.00,,true,true,,,,,,,,,,,,,,,,,,,,,,,,,,,,,,,,lb,,,
hideaway-lights-hl10-hl15,,,,,,,,,HL15MC-R,,,,,,,,HL15MC-R,0.0,,0,continue,manual,580.00,,true,true,,,,,,,,,,,,,,,,,,,,,,,,,,,,,,,,lb,,,
hideaway-lights-hl10-hl15,,,,,,,,,HL15MC-RB,,,,,,,,HL15MC-RB,0.0,,0,continue,manual,646.00,,true,true,,,,,,,,,,,,,,,,,,,,,,,,,,,,,,,,lb,,,
hideaway-lights-hl10-hl15,,,,,,,,,HL15MC-RW,,,,,,,,HL15MC-RW,0.0,,0,continue,manual,646.00,,true,true,,,,,,,,,,,,,,,,,,,,,,,,,,,,,,,,lb,,,
hideaway-lights-hl10-hl15,,,,,,,,,HL15MC-SAB,,,,,,,,HL15MC-SAB,0.0,,0,continue,manual,580.00,,true,true,,,,,,,,,,,,,,,,,,,,,,,,,,,,,,,,lb,,,
hideaway-lights-hl10-hl15,,,,,,,,,HL15MC-SAG,,,,,,,,HL15MC-SAG,0.0,,0,continue,manual,580.00,,true,true,,,,,,,,,,,,,,,,,,,,,,,,,,,,,,,,lb,,,
hideaway-lights-hl10-hl15,,,,,,,,,HL15MC-SAW,,,,,,,,HL15MC-SAW,0.0,,0,continue,manual,580.00,,true,true,,,,,,,,,,,,,,,,,,,,,,,,,,,,,,,,lb,,,
hideaway-lights-hl10-hl15,,,,,,,,,HL15MC-W,,,,,,,,HL15MC-W,0.0,,0,continue,manual,580.00,,true,true,,,,,,,,,,,,,,,,,,,,,,,,,,,,,,,,lb,,,
hideaway-lights-hl10-hl15,,,,,,,,,HL15-NSBKT,,,,,,,,HL15-NSBKT,0.0,,0,continue,manual,95.00,,true,true,,,,,,,,,,,,,,,,,,,,,,,,,,,,,,,,lb,,,
hideaway-lights-hl10-hl15,,,,,,,,,HL15P-A,,,,,,,,HL15P-A,0.0,,0,continue,manual,547.00,,true,true,,,,,,,,,,,,,,,,,,,,,,,,,,,,,,,,lb,,,
hideaway-lights-hl10-hl15,,,,,,,,,HL15PC-A,,,,,,,,HL15PC-A,0.0,,0,continue,manual,547.00,,true,true,,,,,,,,,,,,,,,,,,,,,,,,,,,,,,,,lb,,,
hideaway-lights-hl10-hl15,,,,,,,,,HL15PC-AB,,,,,,,,HL15PC-AB,0.0,,0,continue,manual,614.00,,true,true,,,,,,,,,,,,,,,,,,,,,,,,,,,,,,,,lb,,,
hideaway-lights-hl10-hl15,,,,,,,,,HL15PC-AG,,,,,,,,HL15PC-AG,0.0,,0,continue,manual,614.00,,true,true,,,,,,,,,,,,,,,,,,,,,,,,,,,,,,,,lb,,,
hideaway-lights-hl10-hl15,,,,,,,,,HL15PC-AR,,,,,,,,HL15PC-AR,0.0,,0,continue,manual,614.00,,true,true,,,,,,,,,,,,,,,,,,,,,,,,,,,,,,,,lb,,,
hideaway-lights-hl10-hl15,,,,,,,,,HL15PC-AW,,,,,,,,HL15PC-AW,0.0,,0,continue,manual,614.00,,true,true,,,,,,,,,,,,,,,,,,,,,,,,,,,,,,,,lb,,,
hideaway-lights-hl10-hl15,,,,,,,,,HL15PC-AWRG,,,,,,,,HL15PC-AWRG,0.0,,0,continue,manual,614.00,,true,true,,,,,,,,,,,,,,,,,,,,,,,,,,,,,,,,lb,,,
hideaway-lights-hl10-hl15,,,,,,,,,HL15PC-B,,,,,,,,HL15PC-B,0.0,,0,continue,manual,547.00,,true,true,,,,,,,,,,,,,,,,,,,,,,,,,,,,,,,,lb,,,
hideaway-lights-hl10-hl15,,,,,,,,,HL15PC-BW,,,,,,,,HL15PC-BW,0.0,,0,continue,manual,614.00,,true,true,,,,,,,,,,,,,,,,,,,,,,,,,,,,,,,,lb,,,
hideaway-lights-hl10-hl15,,,,,,,,,HL15PC-G,,,,,,,,HL15PC-G,0.0,,0,continue,manual,547.00,,true,true,,,,,,,,,,,,,,,,,,,,,,,,,,,,,,,,lb,,,
hideaway-lights-hl10-hl15,,,,,,,,,HL15PC-R,,,,,,,,HL15PC-R,0.0,,0,continue,manual,547.00,,true,true,,,,,,,,,,,,,,,,,,,,,,,,,,,,,,,,lb,,,
hideaway-lights-hl10-hl15,,,,,,,,,HL15PC-RB,,,,,,,,HL15PC-RB,0.0,,0,continue,manual,614.00,,true,true,,,,,,,,,,,,,,,,,,,,,,,,,,,,,,,,lb,,,
hideaway-lights-hl10-hl15,,,,,,,,,HL15PC-RW,,,,,,,,HL15PC-RW,0.0,,0,continue,manual,614.00,,true,true,,,,,,,,,,,,,,,,,,,,,,,,,,,,,,,,lb,,,
hideaway-lights-hl10-hl15,,,,,,,,,HL15PC-SAG,,,,,,,,HL15PC-SAG,0.0,,0,continue,manual,547.00,,true,true,,,,,,,,,,,,,,,,,,,,,,,,,,,,,,,,lb,,,
hideaway-lights-hl10-hl15,,,,,,,,,HL15PC-SAW,,,,,,,,HL15PC-SAW,0.0,,0,continue,manual,547.00,,true,true,,,,,,,,,,,,,,,,,,,,,,,,,,,,,,,,lb,,,
hideaway-lights-hl10-hl15,,,,,,,,,HL15PC-W,,,,,,,,HL15PC-W,0.0,,0,continue,manual,547.00,,true,true,,,,,,,,,,,,,,,,,,,,,,,,,,,,,,,,lb,,,
hideaway-lights-hl10-hl15,,,,,,,,,HL15S-A,,,,,,,,HL15S-A,0.0,,0,continue,manual,596.00,,true,true,,,,,,,,,,,,,,,,,,,,,,,,,,,,,,,,lb,,,
hideaway-lights-hl10-hl15,,,,,,,,,HL15SC-A,,,,,,,,HL15SC-A,0.0,,0,continue,manual,596.00,,true,true,,,,,,,,,,,,,,,,,,,,,,,,,,,,,,,,lb,,,
hideaway-lights-hl10-hl15,,,,,,,,,HL15SC-AB,,,,,,,,HL15SC-AB,0.0,,0,continue,manual,663.00,,true,true,,,,,,,,,,,,,,,,,,,,,,,,,,,,,,,,lb,,,
hideaway-lights-hl10-hl15,,,,,,,,,HL15SC-AG,,,,,,,,HL15SC-AG,0.0,,0,continue,manual,663.00,,true,true,,,,,,,,,,,,,,,,,,,,,,,,,,,,,,,,lb,,,
hideaway-lights-hl10-hl15,,,,,,,,,HL15SC-AR,,,,,,,,HL15SC-AR,0.0,,0,continue,manual,663.00,,true,true,,,,,,,,,,,,,,,,,,,,,,,,,,,,,,,,lb,,,
hideaway-lights-hl10-hl15,,,,,,,,,HL15SC-AW,,,,,,,,HL15SC-AW,0.0,,0,continue,manual,663.00,,true,true,,,,,,,,,,,,,,,,,,,,,,,,,,,,,,,,lb,,,
hideaway-lights-hl10-hl15,,,,,,,,,HL15SC-B,,,,,,,,HL15SC-B,0.0,,0,continue,manual,596.00,,true,true,,,,,,,,,,,,,,,,,,,,,,,,,,,,,,,,lb,,,
hideaway-lights-hl10-hl15,,,,,,,,,HL15SC-BW,,,,,,,,HL15SC-BW,0.0,,0,continue,manual,663.00,,true,true,,,,,,,,,,,,,,,,,,,,,,,,,,,,,,,,lb,,,
hideaway-lights-hl10-hl15,,,,,,,,,HL15SC-G,,,,,,,,HL15SC-G,0.0,,0,continue,manual,596.00,,true,true,,,,,,,,,,,,,,,,,,,,,,,,,,,,,,,,lb,,,
hideaway-lights-hl10-hl15,,,,,,,,,HL15SC-R,,,,,,,,HL15SC-R,0.0,,0,continue,manual,596.00,,true,true,,,,,,,,,,,,,,,,,,,,,,,,,,,,,,,,lb,,,
hideaway-lights-hl10-hl15,,,,,,,,,HL15SC-RB,,,,,,,,HL15SC-RB,0.0,,0,continue,manual,663.00,,true,true,,,,,,,,,,,,,,,,,,,,,,,,,,,,,,,,lb,,,
hideaway-lights-hl10-hl15,,,,,,,,,HL15SC-RW,,,,,,,,HL15SC-RW,0.0,,0,continue,manual,663.00,,true,true,,,,,,,,,,,,,,,,,,,,,,,,,,,,,,,,lb,,,
hideaway-lights-hl10-hl15,,,,,,,,,HL15SC-SAB,,,,,,,,HL15SC-SAB,0.0,,0,continue,manual,596.00,,true,true,,,,,,,,,,,,,,,,,,,,,,,,,,,,,,,,lb,,,
hideaway-lights-hl10-hl15,,,,,,,,,HL15SC-SAG,,,,,,,,HL15SC-SAG,0.0,,0,continue,manual,596.00,,true,true,,,,,,,,,,,,,,,,,,,,,,,,,,,,,,,,lb,,,
hideaway-lights-hl10-hl15,,,,,,,,,HL15SC-SAW,,,,,,,,HL15SC-SAW,0.0,,0,continue,manual,596.00,,true,true,,,,,,,,,,,,,,,,,,,,,,,,,,,,,,,,lb,,,
hideaway-lights-hl10-hl15,,,,,,,,,HL15-SCTMT,,,,,,,,HL15-SCTMT,0.0,,0,continue,manual,144.00,,true,true,,,,,,,,,,,,,,,,,,,,,,,,,,,,,,,,lb,,,
hideaway-lights-hl10-hl15,,,,,,,,,HL15SC-W,,,,,,,,HL15SC-W,0.0,,0,continue,manual,596.00,,true,true,,,,,,,,,,,,,,,,,,,,,,,,,,,,,,,,lb,,,
hideaway-lights-hl10-hl15,,,,,,,,,HL15U-A,,,,,,,,HL15U-A,0.0,,0,continue,manual,596.00,,true,true,,,,,,,,,,,,,,,,,,,,,,,,,,,,,,,,lb,,,
hideaway-lights-hl10-hl15,,,,,,,,,HL15UC-A,,,,,,,,HL15UC-A,0.0,,0,continue,manual,596.00,,true,true,,,,,,,,,,,,,,,,,,,,,,,,,,,,,,,,lb,,,
hideaway-lights-hl10-hl15,,,,,,,,,HL15UC-AG,,,,,,,,HL15UC-AG,0.0,,0,continue,manual,663.00,,true,true,,,,,,,,,,,,,,,,,,,,,,,,,,,,,,,,lb,,,
hideaway-lights-hl10-hl15,,,,,,,,,HL15UC-AW,,,,,,,,HL15UC-AW,0.0,,0,continue,manual,663.00,,true,true,,,,,,,,,,,,,,,,,,,,,,,,,,,,,,,,lb,,,
hideaway-lights-hl10-hl15,,,,,,,,,HL15UC-SAG,,,,,,,,HL15UC-SAG,0.0,,0,continue,manual,596.00,,true,true,,,,,,,,,,,,,,,,,,,,,,,,,,,,,,,,lb,,,
hideaway-lights-hl10-hl15,,,,,,,,,HL15UC-SAW,,,,,,,,HL15UC-SAW,0.0,,0,continue,manual,596.00,,true,true,,,,,,,,,,,,,,,,,,,,,,,,,,,,,,,,lb,,,
fireray-warning-lights,FireRay Warning Lights,"<h1>Federal Signal FireRay® Warning Lights</h1><p>Federal Signal FireRay® warning lights deliver focused, high-intensity LED warning output specifically designed for fire apparatus grille and body-mounted positions. The FireRay's directional beam pattern provides powerful forward-facing warning at the approach angles critical for fire apparatus intersection clearing.</p><h2>Why departments choose FireRay Warning Lights</h2><ul>
<li>
<strong>Fire apparatus optimized</strong> → FireRay's output characteristics are tuned for the intersection approach scenario, where fire apparatus face the highest collision risk during emergency response</li>
<li>
<strong>High-intensity directional beam</strong> → concentrated forward output reaches approaching drivers at the distances required for safe intersection clearing with large, slower-to-stop apparatus</li>
<li>
<strong>NFPA 1901 compliant configurations</strong> → available in Red and Red/White configurations for NFPA-compliant fire apparatus installations</li>
<li>
<strong>Grille and body mount options</strong> → hardware for common apparatus mounting positions</li>
<li>
<strong>FSJoin compatible</strong> → integrates with the FS Convergence Network for coordinated vehicle warning system control</li>
</ul><h2>Technical Specs</h2><table><tbody>
<tr>
<td>Application</td>
<td>Fire apparatus</td>
</tr>
<tr>
<td>Certifications</td>
<td>NFPA 1901 (select configurations)</td>
</tr>
<tr>
<td>Input Voltage</td>
<td>12 VDC</td>
</tr>
<tr>
<td>Warranty</td>
<td>Federal Signal limited warranty</td>
</tr>
</tbody></table><p><em>Contact us or log into your department account to confirm available configurations and SKUs.</em></p><h2>Ordering from TFR Supply</h2><p>TFR Supply is an authorized Federal Signal dealer serving Texas law enforcement, fire, and EMS agencies. Every order ships direct to your location — no middleman, no inventory delays. Government and department accounts receive tax-exempt checkout and agency pricing. Need installation? Our sister company <a href=""https://www.tx1rs.com"">Texas First Response Services</a> provides professional upfit services across Texas. Create a department account or reach out directly to get started.</p>",Federal Signal,Vehicles & Parts > Vehicle Parts & Accessories > Motor Vehicle Parts > Motor Vehicle Lighting,Emergency Vehicle Warning Lights,"Brand_Federal Signal, Category_Emergency Vehicle Equipment, Federal Signal, FireRay Warning Lights, Use_Fleet Upfitting, Use_Law Enforcement, Use_Public Safety",true,SKU,FR4-A4HMC,,,,,,,,FR4-A4HMC,0.0,,0,continue,manual,41.00,,true,true,,,,,,https://cdn.shopify.com/s/files/1/0725/9330/9807/files/fireray-900x900-jpeg.webp?v=1781535531,1,FireRay Warning Lights product image for TFR Supply emergency vehicle upfitting,false,FireRay Warning Lights | Federal Signal,"Shop Federal Signal FireRay Warning Lights for emergency vehicle upfitting, fleet builds, law enforcement, fire, EMS, and public safety vehicle applications.",3318,,,FR4-A4HMC,new,FALSE,,,,,,"Shop Federal Signal FireRay Warning Lights for emergency vehicle upfitting, fleet builds, law enforcement, fire, EMS, and public safety vehicle applications.",FireRay Warning Lights | Federal Signal,new,FALSE,3318,,,,,lb,,,active
fireray-warning-lights,,,,,,,,,FR4C2-AG,,,,,,,,FR4C2-AG,0.0,,0,continue,manual,240.00,,true,true,,,,,,https://cdn.shopify.com/s/files/1/0725/9330/9807/files/FireRay-600x450.jpg?v=1781535534,2,FireRay Warning Lights product image for TFR Supply emergency vehicle upfitting,,,,,,,,,,,,,,,,,,,,,,,,lb,,,
fireray-warning-lights,,,,,,,,,FR4C2-AW,,,,,,,,FR4C2-AW,0.0,,0,continue,manual,240.00,,true,true,,,,,,https://cdn.shopify.com/s/files/1/0725/9330/9807/files/fireray-led-perimeter-light-FireRay-menu-png.webp?v=1781535540,3,FireRay Warning Lights product image for TFR Supply emergency vehicle upfitting,,,,,,,,,,,,,,,,,,,,,,,,lb,,,
fireray-warning-lights,,,,,,,,,FR4C2-BA,,,,,,,,FR4C2-BA,0.0,,0,continue,manual,240.00,,true,true,,,,,,https://cdn.shopify.com/s/files/1/0725/9330/9807/files/fireray-led-perimeter-light-bezels-jpg.webp?v=1781535529,4,FireRay Warning Lights product image for TFR Supply emergency vehicle upfitting,,,,,,,,,,,,,,,,,,,,,,,,lb,,,
fireray-warning-lights,,,,,,,,,FR4C2-BW,,,,,,,,FR4C2-BW,0.0,,0,continue,manual,240.00,,true,true,,,,,,https://cdn.shopify.com/s/files/1/0725/9330/9807/files/fireray-led-perimeter-light-4-upbezel.jpg?v=1781535532,5,FireRay Warning Lights product image for TFR Supply emergency vehicle upfitting,,,,,,,,,,,,,,,,,,,,,,,,lb,,,
fireray-warning-lights,,,,,,,,,FR4C2-RB,,,,,,,,FR4C2-RB,0.0,,0,continue,manual,240.00,,true,true,,,,,,https://cdn.shopify.com/s/files/1/0725/9330/9807/files/fireray-scene-lights-FR7LEDSCENE-FR9LEDSCENE-FR6LEDSCENE-men.png?v=1781535535,6,FireRay Warning Lights product image for TFR Supply emergency vehicle upfitting,,,,,,,,,,,,,,,,,,,,,,,,lb,,,
fireray-warning-lights,,,,,,,,,FR4C2-RW,,,,,,,,FR4C2-RW,0.0,,0,continue,manual,240.00,,true,true,,,,,,https://cdn.shopify.com/s/files/1/0725/9330/9807/files/FR9-A4HMC.jpg?v=1781074481,7,FireRay Warning Lights - FR9-A4HMC - Federal Signal emergency vehicle equipment,,,,,,,,,,,,,,,,,,,,,,,,lb,,,
fireray-warning-lights,,,,,,,,,FR4C-A,,,,,,,,FR4C-A,0.0,,0,continue,manual,240.00,,true,true,,,,,,https://cdn.shopify.com/s/files/1/0725/9330/9807/files/FR9R1-R.jpg?v=1781074481,8,FireRay Warning Lights - FR9R1-R - Federal Signal emergency vehicle equipment,,,,,,,,,,,,,,,,,,,,,,,,lb,,,
fireray-warning-lights,,,,,,,,,FR4C-AW,,,,,,,,FR4C-AW,0.0,,0,continue,manual,240.00,,true,true,,,,,,,,,,,,,,,,,,,,,,,,,,,,,,,,lb,,,
fireray-warning-lights,,,,,,,,,FR4C-B,,,,,,,,FR4C-B,0.0,,0,continue,manual,240.00,,true,true,,,,,,,,,,,,,,,,,,,,,,,,,,,,,,,,lb,,,
fireray-warning-lights,,,,,,,,,FR4MB,,,,,,,,FR4MB,0.0,,0,continue,manual,22.00,,true,true,,,,,,,,,,,,,,,,,,,,,,,,,,,,,,,,lb,,,
fireray-warning-lights,,,,,,,,,FR4MC,,,,,,,,FR4MC,0.0,,0,continue,manual,22.00,,true,true,,,,,,,,,,,,,,,,,,,,,,,,,,,,,,,,lb,,,
fireray-warning-lights,,,,,,,,,FR62-TBFNT,,,,,,,,FR62-TBFNT,0.0,,0,continue,manual,173.00,,true,true,,,,,,,,,,,,,,,,,,,,,,,,,,,,,,,,lb,,,
fireray-warning-lights,,,,,,,,,FR6A1-A,,,,,,,,FR6A1-A,0.0,,0,continue,manual,272.00,,true,true,,,,,,,,,,,,,,,,,,,,,,,,,,,,,,,,lb,,,
fireray-warning-lights,,,,,,,,,FR6-A4HMC,,,,,,,,FR6-A4HMC,0.0,,0,continue,manual,48.00,,true,true,,,,,,,,,,,,,,,,,,,,,,,,,,,,,,,,lb,,,
fireray-warning-lights,,,,,,,,,FR6-ARROW,,,,,,,,FR6-ARROW,0.0,,0,continue,manual,194.00,,true,true,,,,,,,,,,,,,,,,,,,,,,,,,,,,,,,,lb,,,
fireray-warning-lights,,,,,,,,,FR6B1-B,,,,,,,,FR6B1-B,0.0,,0,continue,manual,272.00,,true,true,,,,,,,,,,,,,,,,,,,,,,,,,,,,,,,,lb,,,
fireray-warning-lights,,,,,,,,,FR6-BACKUP,,,,,,,,FR6-BACKUP,0.0,,0,continue,manual,282.00,,true,true,,,,,,,,,,,,,,,,,,,,,,,,,,,,,,,,lb,,,
fireray-warning-lights,,,,,,,,,FR6-BTT,,,,,,,,FR6-BTT,0.0,,0,continue,manual,212.00,,true,true,,,,,,,,,,,,,,,,,,,,,,,,,,,,,,,,lb,,,
fireray-warning-lights,,,,,,,,,FR6C1-A,,,,,,,,FR6C1-A,0.0,,0,continue,manual,272.00,,true,true,,,,,,,,,,,,,,,,,,,,,,,,,,,,,,,,lb,,,
fireray-warning-lights,,,,,,,,,FR6C1-B,,,,,,,,FR6C1-B,0.0,,0,continue,manual,272.00,,true,true,,,,,,,,,,,,,,,,,,,,,,,,,,,,,,,,lb,,,
fireray-warning-lights,,,,,,,,,FR6C1-R,,,,,,,,FR6C1-R,0.0,,0,continue,manual,272.00,,true,true,,,,,,,,,,,,,,,,,,,,,,,,,,,,,,,,lb,,,
fireray-warning-lights,,,,,,,,,FR6C1-W,,,,,,,,FR6C1-W,0.0,,0,continue,manual,272.00,,true,true,,,,,,,,,,,,,,,,,,,,,,,,,,,,,,,,lb,,,
fireray-warning-lights,,,,,,,,,FR6C2-AG,,,,,,,,FR6C2-AG,0.0,,0,continue,manual,296.00,,true,true,,,,,,,,,,,,,,,,,,,,,,,,,,,,,,,,lb,,,
fireray-warning-lights,,,,,,,,,FR6C2-AW,,,,,,,,FR6C2-AW,0.0,,0,continue,manual,296.00,,true,true,,,,,,,,,,,,,,,,,,,,,,,,,,,,,,,,lb,,,
fireray-warning-lights,,,,,,,,,FR6C2-BA,,,,,,,,FR6C2-BA,0.0,,0,continue,manual,296.00,,true,true,,,,,,,,,,,,,,,,,,,,,,,,,,,,,,,,lb,,,
fireray-warning-lights,,,,,,,,,FR6C2-BW,,,,,,,,FR6C2-BW,0.0,,0,continue,manual,296.00,,true,true,,,,,,,,,,,,,,,,,,,,,,,,,,,,,,,,lb,,,
fireray-warning-lights,,,,,,,,,FR6C2-RA,,,,,,,,FR6C2-RA,0.0,,0,continue,manual,296.00,,true,true,,,,,,,,,,,,,,,,,,,,,,,,,,,,,,,,lb,,,
fireray-warning-lights,,,,,,,,,FR6C2-RB,,,,,,,,FR6C2-RB,0.0,,0,continue,manual,296.00,,true,true,,,,,,,,,,,,,,,,,,,,,,,,,,,,,,,,lb,,,
fireray-warning-lights,,,,,,,,,FR6C2-RW,,,,,,,,FR6C2-RW,0.0,,0,continue,manual,296.00,,true,true,,,,,,,,,,,,,,,,,,,,,,,,,,,,,,,,lb,,,
fireray-warning-lights,,,,,,,,,FR6-GRL,,,,,,,,FR6-GRL,0.0,,0,continue,manual,39.00,,true,true,,,,,,,,,,,,,,,,,,,,,,,,,,,,,,,,lb,,,
fireray-warning-lights,,,,,,,,,FR6LEDSCENE,,,,,,,,FR6LEDSCENE,0.0,,0,continue,manual,495.00,,true,true,,,,,,,,,,,,,,,,,,,,,,,,,,,,,,,,lb,,,
fireray-warning-lights,,,,,,,,,FR6MB,,,,,,,,FR6MB,0.0,,0,continue,manual,22.00,,true,true,,,,,,,,,,,,,,,,,,,,,,,,,,,,,,,,lb,,,
fireray-warning-lights,,,,,,,,,FR6MB4V,,,,,,,,FR6MB4V,0.0,,0,continue,manual,254.00,,true,true,,,,,,,,,,,,,,,,,,,,,,,,,,,,,,,,lb,,,
fireray-warning-lights,,,,,,,,,FR6MC,,,,,,,,FR6MC,0.0,,0,continue,manual,22.00,,true,true,,,,,,,,,,,,,,,,,,,,,,,,,,,,,,,,lb,,,
fireray-warning-lights,,,,,,,,,FR6MC3V,,,,,,,,FR6MC3V,0.0,,0,continue,manual,254.00,,true,true,,,,,,,,,,,,,,,,,,,,,,,,,,,,,,,,lb,,,
fireray-warning-lights,,,,,,,,,FR6MC4V,,,,,,,,FR6MC4V,0.0,,0,continue,manual,275.00,,true,true,,,,,,,,,,,,,,,,,,,,,,,,,,,,,,,,lb,,,
fireray-warning-lights,,,,,,,,,FR6MHL,,,,,,,,FR6MHL,0.0,,0,continue,manual,65.00,,true,true,,,,,,,,,,,,,,,,,,,,,,,,,,,,,,,,lb,,,
fireray-warning-lights,,,,,,,,,FR6R1-R,,,,,,,,FR6R1-R,0.0,,0,continue,manual,272.00,,true,true,,,,,,,,,,,,,,,,,,,,,,,,,,,,,,,,lb,,,
fireray-warning-lights,,,,,,,,,FR6-SPACRKT,,,,,,,,FR6-SPACRKT,0.0,,0,continue,manual,40.00,,true,true,,,,,,,,,,,,,,,,,,,,,,,,,,,,,,,,lb,,,
fireray-warning-lights,,,,,,,,,FR6-TBSD,,,,,,,,FR6-TBSD,0.0,,0,continue,manual,68.00,,true,true,,,,,,,,,,,,,,,,,,,,,,,,,,,,,,,,lb,,,
fireray-warning-lights,,,,,,,,,FR7A1-A,,,,,,,,FR7A1-A,0.0,,0,continue,manual,272.00,,true,true,,,,,,,,,,,,,,,,,,,,,,,,,,,,,,,,lb,,,
fireray-warning-lights,,,,,,,,,FR7-A4HMC,,,,,,,,FR7-A4HMC,0.0,,0,continue,manual,62.00,,true,true,,,,,,,,,,,,,,,,,,,,,,,,,,,,,,,,lb,,,
fireray-warning-lights,,,,,,,,,FR7C1-A,,,,,,,,FR7C1-A,0.0,,0,continue,manual,272.00,,true,true,,,,,,,,,,,,,,,,,,,,,,,,,,,,,,,,lb,,,
fireray-warning-lights,,,,,,,,,FR7C1-B,,,,,,,,FR7C1-B,0.0,,0,continue,manual,272.00,,true,true,,,,,,,,,,,,,,,,,,,,,,,,,,,,,,,,lb,,,
fireray-warning-lights,,,,,,,,,FR7C1-R,,,,,,,,FR7C1-R,0.0,,0,continue,manual,272.00,,true,true,,,,,,,,,,,,,,,,,,,,,,,,,,,,,,,,lb,,,
fireray-warning-lights,,,,,,,,,FR7C1-W,,,,,,,,FR7C1-W,0.0,,0,continue,manual,272.00,,true,true,,,,,,,,,,,,,,,,,,,,,,,,,,,,,,,,lb,,,
fireray-warning-lights,,,,,,,,,FR7C2-AW,,,,,,,,FR7C2-AW,0.0,,0,continue,manual,296.00,,true,true,,,,,,,,,,,,,,,,,,,,,,,,,,,,,,,,lb,,,
fireray-warning-lights,,,,,,,,,FR7C2-BA,,,,,,,,FR7C2-BA,0.0,,0,continue,manual,296.00,,true,true,,,,,,,,,,,,,,,,,,,,,,,,,,,,,,,,lb,,,
fireray-warning-lights,,,,,,,,,FR7C2-BW,,,,,,,,FR7C2-BW,0.0,,0,continue,manual,296.00,,true,true,,,,,,,,,,,,,,,,,,,,,,,,,,,,,,,,lb,,,
fireray-warning-lights,,,,,,,,,FR7C2-RB,,,,,,,,FR7C2-RB,0.0,,0,continue,manual,296.00,,true,true,,,,,,,,,,,,,,,,,,,,,,,,,,,,,,,,lb,,,
fireray-warning-lights,,,,,,,,,FR7C2-RW,,,,,,,,FR7C2-RW,0.0,,0,continue,manual,296.00,,true,true,,,,,,,,,,,,,,,,,,,,,,,,,,,,,,,,lb,,,
fireray-warning-lights,,,,,,,,,FR7LEDSCENE,,,,,,,,FR7LEDSCENE,0.0,,0,continue,manual,495.00,,true,true,,,,,,,,,,,,,,,,,,,,,,,,,,,,,,,,lb,,,
fireray-warning-lights,,,,,,,,,FR7MB,,,,,,,,FR7MB,0.0,,0,continue,manual,27.00,,true,true,,,,,,,,,,,,,,,,,,,,,,,,,,,,,,,,lb,,,
fireray-warning-lights,,,,,,,,,FR7MC,,,,,,,,FR7MC,0.0,,0,continue,manual,27.00,,true,true,,,,,,,,,,,,,,,,,,,,,,,,,,,,,,,,lb,,,
fireray-warning-lights,,,,,,,,,FR7R1-R,,,,,,,,FR7R1-R,0.0,,0,continue,manual,272.00,,true,true,,,,,,,,,,,,,,,,,,,,,,,,,,,,,,,,lb,,,
fireray-warning-lights,,,,,,,,,FR9A1-A,,,,,,,,FR9A1-A,0.0,,0,continue,manual,406.00,,true,true,,,,,,,,,,,,,,,,,,,,,,,,,,,,,,,,lb,,,
fireray-warning-lights,,,,,,,,,FR9-A4HMC,,,,,,,,FR9-A4HMC,0.0,,0,continue,manual,74.00,,true,true,,,,,,,,,,,,,,,,,,,,,,,,,,,,,,,,lb,,,
fireray-warning-lights,,,,,,,,,FR9B1-B,,,,,,,,FR9B1-B,0.0,,0,continue,manual,406.00,,true,true,,,,,,,,,,,,,,,,,,,,,,,,,,,,,,,,lb,,,
fireray-warning-lights,,,,,,,,,FR9C1-A,,,,,,,,FR9C1-A,0.0,,0,continue,manual,406.00,,true,true,,,,,,,,,,,,,,,,,,,,,,,,,,,,,,,,lb,,,
fireray-warning-lights,,,,,,,,,FR9C1-B,,,,,,,,FR9C1-B,0.0,,0,continue,manual,406.00,,true,true,,,,,,,,,,,,,,,,,,,,,,,,,,,,,,,,lb,,,
fireray-warning-lights,,,,,,,,,FR9C1-R,,,,,,,,FR9C1-R,0.0,,0,continue,manual,406.00,,true,true,,,,,,,,,,,,,,,,,,,,,,,,,,,,,,,,lb,,,
fireray-warning-lights,,,,,,,,,FR9C1-W,,,,,,,,FR9C1-W,0.0,,0,continue,manual,406.00,,true,true,,,,,,,,,,,,,,,,,,,,,,,,,,,,,,,,lb,,,
fireray-warning-lights,,,,,,,,,FR9C2-AW,,,,,,,,FR9C2-AW,0.0,,0,continue,manual,443.00,,true,true,,,,,,,,,,,,,,,,,,,,,,,,,,,,,,,,lb,,,
fireray-warning-lights,,,,,,,,,FR9C2-BW,,,,,,,,FR9C2-BW,0.0,,0,continue,manual,443.00,,true,true,,,,,,,,,,,,,,,,,,,,,,,,,,,,,,,,lb,,,
fireray-warning-lights,,,,,,,,,FR9C2-RB,,,,,,,,FR9C2-RB,0.0,,0,continue,manual,443.00,,true,true,,,,,,,,,,,,,,,,,,,,,,,,,,,,,,,,lb,,,
fireray-warning-lights,,,,,,,,,FR9C2-RW,,,,,,,,FR9C2-RW,0.0,,0,continue,manual,443.00,,true,true,,,,,,,,,,,,,,,,,,,,,,,,,,,,,,,,lb,,,
fireray-warning-lights,,,,,,,,,FR9LEDSCENE,,,,,,,,FR9LEDSCENE,0.0,,0,continue,manual,702.00,,true,true,,,,,,,,,,,,,,,,,,,,,,,,,,,,,,,,lb,,,
fireray-warning-lights,,,,,,,,,FR9MB,,,,,,,,FR9MB,0.0,,0,continue,manual,33.00,,true,true,,,,,,,,,,,,,,,,,,,,,,,,,,,,,,,,lb,,,
fireray-warning-lights,,,,,,,,,FR9MBSCENE,,,,,,,,FR9MBSCENE,0.0,,0,continue,manual,27.00,,true,true,,,,,,,,,,,,,,,,,,,,,,,,,,,,,,,,lb,,,
fireray-warning-lights,,,,,,,,,FR9MC,,,,,,,,FR9MC,0.0,,0,continue,manual,33.00,,true,true,,,,,,,,,,,,,,,,,,,,,,,,,,,,,,,,lb,,,
fireray-warning-lights,,,,,,,,,FR9MCSCENE,,,,,,,,FR9MCSCENE,0.0,,0,continue,manual,33.00,,true,true,,,,,,,,,,,,,,,,,,,,,,,,,,,,,,,,lb,,,
fireray-warning-lights,,,,,,,,,FR9R1-R,,,,,,,,FR9R1-R,0.0,,0,continue,manual,406.00,,true,true,,,,,,,,,,,,,,,,,,,,,,,,,,,,,,,,lb,,,
elsd-d-pillar-shrouds,MicroPulse® Ultra D-Pillar Lights,"<h1>Federal Signal Police/Fire MicroPulse® Ultra D-Pillar Lights</h1>
<p>Federal Signal ELSD D-Pillar Shrouds provide the mounting housing for warning lights installed at the D-pillar position on patrol SUVs — the rear quarter panel area behind the rear side windows on Ford Police Interceptor Utility, Chevrolet Tahoe PPV, and similar full-size patrol SUVs. D-pillar shrouds create a clean, professional-looking installation that integrates warning lights into the vehicle's exterior without exposed wiring or surface-mounted hardware.</p>
<h2>Why departments choose MicroPulse® Ultra D-Pillar Lights</h2>
<ul>
<li>
<strong>Clean D-pillar integration</strong> → shrouds route warning lights into the D-pillar area for a factory-integrated appearance that surface-mounted hardware cannot achieve</li>
<li>
<strong>Vehicle-specific fit</strong> → engineered for the exact contour of Ford PIU, Tahoe PPV, and other common patrol SUV D-pillar profiles</li>
<li>
<strong>Warning light compatibility</strong> → designed to accept MicroPulse and compatible Federal Signal warning light heads in the D-pillar position</li>
<li>
<strong>Wiring management</strong> → internal channels route wiring cleanly from the D-pillar position to the vehicle interior without exposed wiring or junction boxes</li>
</ul>
<h2>Technical Specs</h2>
<table>
<tbody>
<tr>
<td>Compatibility</td>
<td>Ford Police Interceptor Utility, Chevrolet Tahoe PPV (model-specific)</td>
</tr>
<tr>
<td>Warranty</td>
<td>Federal Signal limited warranty</td>
</tr>
</tbody>
</table>
<p><em>Contact us with your vehicle year and model to confirm the correct ELSD D-Pillar Shroud.</em></p>
<h2>Ordering from TFRSupply</h2>
<p>TFR Supply is an authorized Federal Signal dealer serving Texas law enforcement, fire, and EMS agencies. Every order ships direct to your location — no middleman, no inventory delays. Government and department accounts receive tax-exempt checkout and agency pricing. Need installation? Our sister company <a href=""https://www.tx1rs.com"">Texas First Response Services</a> provides professional upfit services across Texas. Create a department account or reach out directly to get started.</p>",Federal Signal,Vehicles & Parts > Vehicle Parts & Accessories > Motor Vehicle Parts > Motor Vehicle Lighting,Vehicle Parts,"Brand_Federal Signal, Category_Emergency Vehicle Equipment, ELSD D-Pillar Shrouds, Federal Signal, Use_Fleet Upfitting, Use_Law Enforcement, Use_Public Safety",false,SKU,ELSD-DUR21RBA,,,,,,,,ELSD-DUR21RBA,0.0,,0,continue,manual,2689.00,,true,true,,,,,,https://cdn.shopify.com/s/files/1/0725/9330/9807/files/MicroPulse-Ultra-D-Pillar-1_jpg-576x576_jpg.webp?v=1781383356,1,MicroPulse® Ultra product image for TFR Supply emergency vehicle upfitting,false,,"Shop Federal Signal ELSD D-Pillar Shrouds for emergency vehicle upfitting, fleet builds, law enforcement, fire, EMS, and public safety vehicle applications.",3318,,,ELSD-DUR21RBA,new,FALSE,,,,,,"Shop Federal Signal ELSD D-Pillar Shrouds for emergency vehicle upfitting, fleet builds, law enforcement, fire, EMS, and public safety vehicle applications.",,new,FALSE,3318,,,,,lb,,,draft
elsd-d-pillar-shrouds,,,,,,,,,ELSD-DUR21RBW,,,,,,,,ELSD-DUR21RBW,0.0,,0,continue,manual,2689.00,,true,true,,,,,,https://cdn.shopify.com/s/files/1/0725/9330/9807/files/MicroPulse-Ultra-D-Pillar-2-576x576_jpg.webp?v=1781383356,2,MicroPulse® Ultra product image for TFR Supply emergency vehicle upfitting,,,,,,,,,,,,,,,,,,,,,,,,lb,,,
elsd-d-pillar-shrouds,,,,,,,,,ELSD-FPIU20RBA,,,,,,,,ELSD-FPIU20RBA,0.0,,0,continue,manual,2689.00,,true,true,,,,,,https://cdn.shopify.com/s/files/1/0725/9330/9807/files/MicroPulse-Ultra-D-Pillar-3_jpg-576x576_jpg.webp?v=1781383356,3,MicroPulse® Ultra product image for TFR Supply emergency vehicle upfitting,,,,,,,,,,,,,,,,,,,,,,,,lb,,,
elsd-d-pillar-shrouds,,,,,,,,,ELSD-FPIU20RBW,,,,,,,,ELSD-FPIU20RBW,0.0,,0,continue,manual,2689.00,,true,true,,,,,,https://cdn.shopify.com/s/files/1/0725/9330/9807/files/MicroPulse-Ultra-D-Pillar-4-576x576_jpg.webp?v=1781383356,4,MicroPulse® Ultra product image for TFR Supply emergency vehicle upfitting,,,,,,,,,,,,,,,,,,,,,,,,lb,,,
elsd-d-pillar-shrouds,,,,,,,,,ELSD-FRD21RBA,,,,,,,,ELSD-FRD21RBA,0.0,,0,continue,manual,2689.00,,true,true,,,,,,,,,,,,,,,,,,,,,,,,,,,,,,,,lb,,,
elsd-d-pillar-shrouds,,,,,,,,,ELSD-FRD21RBW,,,,,,,,ELSD-FRD21RBW,0.0,,0,continue,manual,2689.00,,true,true,,,,,,,,,,,,,,,,,,,,,,,,,,,,,,,,lb,,,
elsd-d-pillar-shrouds,,,,,,,,,ELSD-TAH21RBA,,,,,,,,ELSD-TAH21RBA,0.0,,0,continue,manual,2689.00,,true,true,,,,,,,,,,,,,,,,,,,,,,,,,,,,,,,,lb,,,
elsd-d-pillar-shrouds,,,,,,,,,ELSD-TAH21RBW,,,,,,,,ELSD-TAH21RBW,0.0,,0,continue,manual,2689.00,,true,true,,,,,,,,,,,,,,,,,,,,,,,,,,,,,,,,lb,,,
configured-light-bars,Configured Light Bars,"<h1>Federal Signal Configured Light Bars</h1><p>Federal Signal pre-configured and custom-configured lightbars provide department-specific lightbar solutions that arrive ready to install — no field configuration required. Configured bars are built to exact color, flash pattern, and wiring specifications, ensuring every unit in a fleet deployment is identical and compliant from day one.</p><h2>Why departments choose Configured Light Bars</h2><ul>
<li>
<strong>Fleet-ready out of the box</strong> → configured bars arrive with exact color combinations, pre-set flash patterns, and wiring specifications that match your department's standard — no field programming required</li>
<li>
<strong>Eliminate configuration errors</strong> → factory configuration removes the risk of individual vehicles being set up differently, ensuring uniform warning presentation across the entire fleet</li>
<li>
<strong>Complex multi-color configurations</strong> → departments requiring specific Red/Blue/White combinations, NFPA-compliant fire builds, or multi-jurisdiction configurations can specify exact requirements at order</li>
<li>
<strong>Reduced installation time</strong> → field installers connect wiring and mount the bar — configuration work is already done, cutting vehicle build time on high-volume fleet orders</li>
<li>
<strong>Available across the Federal Signal lightbar lineup</strong> → configured options available for Vision SLR, Navigator, Allegiant Max, Valor, Integrity, and Reliant S2 platforms</li>
</ul><h2>Technical Specs</h2><table><tbody>
<tr>
<td>Available Families</td>
<td>Vision SLR, Navigator, Allegiant Max, Valor, Integrity, Reliant S2</td>
</tr>
<tr>
<td>Warranty</td>
<td>Federal Signal standard warranty</td>
</tr>
</tbody></table><p><em>Contact us or log into your department account to discuss your configuration requirements and confirm availability and lead time.</em></p><h2>Ordering from TFR Supply</h2><p>TFR Supply is an authorized Federal Signal dealer serving Texas law enforcement, fire, and EMS agencies. Every order ships direct to your location — no middleman, no inventory delays. Government and department accounts receive tax-exempt checkout and agency pricing. Need installation? Our sister company <a href=""https://www.tx1rs.com"">Texas First Response Services</a> provides professional upfit services across Texas. Create a department account or reach out directly to get started.</p>",Federal Signal,Vehicles & Parts > Vehicle Parts & Accessories > Motor Vehicle Parts > Motor Vehicle Lighting,Emergency Vehicle Light Bars,"Brand_Federal Signal, Category_Emergency Vehicle Equipment, Configured Light Bars, Federal Signal, Product_Light Bar, Use_Fleet Upfitting, Use_Law Enforcement, Use_Public Safety",true,SKU,CNSMJ2X4R-AMBR1,,,,,,,,CNSMJ2X4R-AMBR1,0.0,,0,continue,manual,1239.00,,true,true,,,,,,https://cdn.shopify.com/s/files/1/0725/9330/9807/files/CNSM-TAH21.jpg?v=1781074481,1,Configured Light Bars - CNSM-TAH21 - Federal Signal emergency vehicle equipment,false,Configured Light Bars | Federal Signal,"Shop Federal Signal Configured Light Bars for emergency vehicle upfitting, fleet builds, law enforcement, fire, EMS, and public safety vehicle applications.",3318,,,CNSMJ2X4R-AMBR1,new,FALSE,,,,,,"Shop Federal Signal Configured Light Bars for emergency vehicle upfitting, fleet builds, law enforcement, fire, EMS, and public safety vehicle applications.",Configured Light Bars | Federal Signal,new,FALSE,3318,,,,,lb,,,active
configured-light-bars,,,,,,,,,CNSMJ2X4R-AMBR2,,,,,,,,CNSMJ2X4R-AMBR2,0.0,,0,continue,manual,1389.00,,true,true,,,,,,https://cdn.shopify.com/s/files/1/0725/9330/9807/files/CNSM-UM.jpg?v=1781074481,2,Configured Light Bars - CNSM-UM - Federal Signal emergency vehicle equipment,,,,,,,,,,,,,,,,,,,,,,,,lb,,,
configured-light-bars,,,,,,,,,CNSMJ2X4R-AMBR3,,,,,,,,CNSMJ2X4R-AMBR3,0.0,,0,continue,manual,1699.00,,true,true,,,,,,,,,,,,,,,,,,,,,,,,,,,,,,,,lb,,,
configured-light-bars,,,,,,,,,CNSMJ2X4R-AMBR4,,,,,,,,CNSMJ2X4R-AMBR4,0.0,,0,continue,manual,1599.00,,true,true,,,,,,,,,,,,,,,,,,,,,,,,,,,,,,,,lb,,,
configured-light-bars,,,,,,,,,CNSMJ2X4R-AMBR5,,,,,,,,CNSMJ2X4R-AMBR5,0.0,,0,continue,manual,1749.00,,true,true,,,,,,,,,,,,,,,,,,,,,,,,,,,,,,,,lb,,,
configured-light-bars,,,,,,,,,CNSMJ2X4R-AMBR7,,,,,,,,CNSMJ2X4R-AMBR7,0.0,,0,continue,manual,2059.00,,true,true,,,,,,,,,,,,,,,,,,,,,,,,,,,,,,,,lb,,,
configured-light-bars,,,,,,,,,CNSMJ2X4R-P3C,,,,,,,,CNSMJ2X4R-P3C,0.0,,0,continue,manual,1798.00,,true,true,,,,,,,,,,,,,,,,,,,,,,,,,,,,,,,,lb,,,
configured-light-bars,,,,,,,,,CNSMJ4F-P3C,,,,,,,,CNSMJ4F-P3C,0.0,,0,continue,manual,1003.00,,true,true,,,,,,,,,,,,,,,,,,,,,,,,,,,,,,,,lb,,,
configured-light-bars,,,,,,,,,CNSMJ8R-AMBR1,,,,,,,,CNSMJ8R-AMBR1,0.0,,0,continue,manual,1239.00,,true,true,,,,,,,,,,,,,,,,,,,,,,,,,,,,,,,,lb,,,
configured-light-bars,,,,,,,,,CNSMJ8R-AMBR2,,,,,,,,CNSMJ8R-AMBR2,0.0,,0,continue,manual,1389.00,,true,true,,,,,,,,,,,,,,,,,,,,,,,,,,,,,,,,lb,,,
configured-light-bars,,,,,,,,,CNSMJ8R-AMBR3,,,,,,,,CNSMJ8R-AMBR3,0.0,,0,continue,manual,1699.00,,true,true,,,,,,,,,,,,,,,,,,,,,,,,,,,,,,,,lb,,,
configured-light-bars,,,,,,,,,CNSMJ8R-AMBR4,,,,,,,,CNSMJ8R-AMBR4,0.0,,0,continue,manual,1599.00,,true,true,,,,,,,,,,,,,,,,,,,,,,,,,,,,,,,,lb,,,
configured-light-bars,,,,,,,,,CNSMJ8R-AMBR5,,,,,,,,CNSMJ8R-AMBR5,0.0,,0,continue,manual,1749.00,,true,true,,,,,,,,,,,,,,,,,,,,,,,,,,,,,,,,lb,,,
configured-light-bars,,,,,,,,,CNSMJ8R-AMBR7,,,,,,,,CNSMJ8R-AMBR7,0.0,,0,continue,manual,2059.00,,true,true,,,,,,,,,,,,,,,,,,,,,,,,,,,,,,,,lb,,,
configured-light-bars,,,,,,,,,CNSMJ8R-F1C,,,,,,,,CNSMJ8R-F1C,0.0,,0,continue,manual,1577.00,,true,true,,,,,,,,,,,,,,,,,,,,,,,,,,,,,,,,lb,,,
configured-light-bars,,,,,,,,,CNSMJ8R-P1C,,,,,,,,CNSMJ8R-P1C,0.0,,0,continue,manual,1577.00,,true,true,,,,,,,,,,,,,,,,,,,,,,,,,,,,,,,,lb,,,
configured-light-bars,,,,,,,,,CNSMJ8R-P2C,,,,,,,,CNSMJ8R-P2C,0.0,,0,continue,manual,1577.00,,true,true,,,,,,,,,,,,,,,,,,,,,,,,,,,,,,,,lb,,,
configured-light-bars,,,,,,,,,CNSMJ8R-P3C,,,,,,,,CNSMJ8R-P3C,0.0,,0,continue,manual,1798.00,,true,true,,,,,,,,,,,,,,,,,,,,,,,,,,,,,,,,lb,,,
configured-light-bars,,,,,,,,,CNSM-TAH21,,,,,,,,CNSM-TAH21,0.0,,0,continue,manual,68.00,,true,true,,,,,,,,,,,,,,,,,,,,,,,,,,,,,,,,lb,,,
configured-light-bars,,,,,,,,,CNSM-UM,,,,,,,,CNSM-UM,0.0,,0,continue,manual,73.00,,true,true,,,,,,,,,,,,,,,,,,,,,,,,,,,,,,,,lb,,,
configured-light-bars,,,,,,,,,SIFMJD-MUST24-P3,,,,,,,,SIFMJD-MUST24-P3,0.0,,0,continue,manual,1136.00,,true,true,,,,,,,,,,,,,,,,,,,,,,,,,,,,,,,,lb,,,
configured-light-bars,,,,,,,,,SIFMJH-DUR18-P3,,,,,,,,SIFMJH-DUR18-P3,0.0,,0,continue,manual,2028.00,,true,true,,,,,,,,,,,,,,,,,,,,,,,,,,,,,,,,lb,,,
configured-light-bars,,,,,,,,,SIFMJH-DUR18-PF1,,,,,,,,SIFMJH-DUR18-PF1,0.0,,0,continue,manual,2028.00,,true,true,,,,,,,,,,,,,,,,,,,,,,,,,,,,,,,,lb,,,
configured-light-bars,,,,,,,,,SIFMJH-DUR18-PF2,,,,,,,,SIFMJH-DUR18-PF2,0.0,,0,continue,manual,2028.00,,true,true,,,,,,,,,,,,,,,,,,,,,,,,,,,,,,,,lb,,,
configured-light-bars,,,,,,,,,SIFMJH-EXPD25-P3,,,,,,,,SIFMJH-EXPD25-P3,0.0,,0,continue,manual,2028.00,,true,true,,,,,,,,,,,,,,,,,,,,,,,,,,,,,,,,lb,,,
configured-light-bars,,,,,,,,,SIFMJH-FPIU20-P3,,,,,,,,SIFMJH-FPIU20-P3,0.0,,0,continue,manual,2028.00,,true,true,,,,,,,,,,,,,,,,,,,,,,,,,,,,,,,,lb,,,
configured-light-bars,,,,,,,,,SIFMJH-FPIU20-PF1,,,,,,,,SIFMJH-FPIU20-PF1,0.0,,0,continue,manual,2028.00,,true,true,,,,,,,,,,,,,,,,,,,,,,,,,,,,,,,,lb,,,
configured-light-bars,,,,,,,,,SIFMJH-FPIU20-PF2,,,,,,,,SIFMJH-FPIU20-PF2,0.0,,0,continue,manual,2028.00,,true,true,,,,,,,,,,,,,,,,,,,,,,,,,,,,,,,,lb,,,
configured-light-bars,,,,,,,,,SIFMJH-JGC25-P3,,,,,,,,SIFMJH-JGC25-P3,0.0,,0,continue,manual,2028.00,,true,true,,,,,,,,,,,,,,,,,,,,,,,,,,,,,,,,lb,,,
configured-light-bars,,,,,,,,,SIFMJH-MME21-P3,,,,,,,,SIFMJH-MME21-P3,0.0,,0,continue,manual,2028.00,,true,true,,,,,,,,,,,,,,,,,,,,,,,,,,,,,,,,lb,,,
configured-light-bars,,,,,,,,,SIFMJH-TA15-P3,,,,,,,,SIFMJH-TA15-P3,0.0,,0,continue,manual,2028.00,,true,true,,,,,,,,,,,,,,,,,,,,,,,,,,,,,,,,lb,,,
configured-light-bars,,,,,,,,,SIFMJH-TAH21-P3,,,,,,,,SIFMJH-TAH21-P3,0.0,,0,continue,manual,2028.00,,true,true,,,,,,,,,,,,,,,,,,,,,,,,,,,,,,,,lb,,,
configured-light-bars,,,,,,,,,SIFMJH-TAH21-PF1,,,,,,,,SIFMJH-TAH21-PF1,0.0,,0,continue,manual,2028.00,,true,true,,,,,,,,,,,,,,,,,,,,,,,,,,,,,,,,lb,,,
configured-light-bars,,,,,,,,,SIFMJH-TAH21-PF2,,,,,,,,SIFMJH-TAH21-PF2,0.0,,0,continue,manual,2028.00,,true,true,,,,,,,,,,,,,,,,,,,,,,,,,,,,,,,,lb,,,
configured-light-bars,,,,,,,,,SIFMJP-CMRY22-P3,,,,,,,,SIFMJP-CMRY22-P3,0.0,,0,continue,manual,1136.00,,true,true,,,,,,,,,,,,,,,,,,,,,,,,,,,,,,,,lb,,,
configured-light-bars,,,,,,,,,SIFMJP-ESC20-P3,,,,,,,,SIFMJP-ESC20-P3,0.0,,0,continue,manual,1136.00,,true,true,,,,,,,,,,,,,,,,,,,,,,,,,,,,,,,,lb,,,
configured-light-bars,,,,,,,,,SIFMJR-AMBR2FF6,,,,,,,,SIFMJR-AMBR2FF6,0.0,,0,continue,manual,2726.00,,true,true,,,,,,,,,,,,,,,,,,,,,,,,,,,,,,,,lb,,,
configured-light-bars,,,,,,,,,SIFMJR-AMBR2FFM,,,,,,,,SIFMJR-AMBR2FFM,0.0,,0,continue,manual,2416.00,,true,true,,,,,,,,,,,,,,,,,,,,,,,,,,,,,,,,lb,,,
configured-light-bars,,,,,,,,,SIFMJR-AMBR2FFP,,,,,,,,SIFMJR-AMBR2FFP,0.0,,0,continue,manual,2266.00,,true,true,,,,,,,,,,,,,,,,,,,,,,,,,,,,,,,,lb,,,
configured-light-bars,,,,,,,,,SIFMJR-CAM16-P3,,,,,,,,SIFMJR-CAM16-P3,0.0,,0,continue,manual,2028.00,,true,true,,,,,,,,,,,,,,,,,,,,,,,,,,,,,,,,lb,,,
configured-light-bars,,,,,,,,,SIFMJR-CHGR17-P3,,,,,,,,SIFMJR-CHGR17-P3,0.0,,0,continue,manual,2028.00,,true,true,,,,,,,,,,,,,,,,,,,,,,,,,,,,,,,,lb,,,
configured-light-bars,,,,,,,,,SIFMJR-CHGR17-PF1,,,,,,,,SIFMJR-CHGR17-PF1,0.0,,0,continue,manual,2028.00,,true,true,,,,,,,,,,,,,,,,,,,,,,,,,,,,,,,,lb,,,
configured-light-bars,,,,,,,,,SIFMJR-CHGR17-PF2,,,,,,,,SIFMJR-CHGR17-PF2,0.0,,0,continue,manual,2028.00,,true,true,,,,,,,,,,,,,,,,,,,,,,,,,,,,,,,,lb,,,
configured-light-bars,,,,,,,,,SIFMJR-FD15-P3,,,,,,,,SIFMJR-FD15-P3,0.0,,0,continue,manual,2028.00,,true,true,,,,,,,,,,,,,,,,,,,,,,,,,,,,,,,,lb,,,
configured-light-bars,,,,,,,,,SIFMJR-FD15-PF1,,,,,,,,SIFMJR-FD15-PF1,0.0,,0,continue,manual,2028.00,,true,true,,,,,,,,,,,,,,,,,,,,,,,,,,,,,,,,lb,,,
configured-light-bars,,,,,,,,,SIFMJR-FD15-PF2,,,,,,,,SIFMJR-FD15-PF2,0.0,,0,continue,manual,2028.00,,true,true,,,,,,,,,,,,,,,,,,,,,,,,,,,,,,,,lb,,,
configured-light-bars,,,,,,,,,SIFMJR-MUST19-P3,,,,,,,,SIFMJR-MUST19-P3,0.0,,0,continue,manual,2028.00,,true,true,,,,,,,,,,,,,,,,,,,,,,,,,,,,,,,,lb,,,
configured-light-bars,,,,,,,,,SIFMJS-AMBR2CS6,,,,,,,,SIFMJS-AMBR2CS6,0.0,,0,continue,manual,2726.00,,true,true,,,,,,,,,,,,,,,,,,,,,,,,,,,,,,,,lb,,,
configured-light-bars,,,,,,,,,SIFMJS-AMBR2CSM,,,,,,,,SIFMJS-AMBR2CSM,0.0,,0,continue,manual,2416.00,,true,true,,,,,,,,,,,,,,,,,,,,,,,,,,,,,,,,lb,,,
configured-light-bars,,,,,,,,,SIFMJS-AMBR2CSP,,,,,,,,SIFMJS-AMBR2CSP,0.0,,0,continue,manual,2266.00,,true,true,,,,,,,,,,,,,,,,,,,,,,,,,,,,,,,,lb,,,
configured-light-bars,,,,,,,,,SIFMJS-AMBR2FF6,,,,,,,,SIFMJS-AMBR2FF6,0.0,,0,continue,manual,2726.00,,true,true,,,,,,,,,,,,,,,,,,,,,,,,,,,,,,,,lb,,,
configured-light-bars,,,,,,,,,SIFMJS-AMBR2FFM,,,,,,,,SIFMJS-AMBR2FFM,0.0,,0,continue,manual,2416.00,,true,true,,,,,,,,,,,,,,,,,,,,,,,,,,,,,,,,lb,,,
configured-light-bars,,,,,,,,,SIFMJS-AMBR2FFP,,,,,,,,SIFMJS-AMBR2FFP,0.0,,0,continue,manual,2266.00,,true,true,,,,,,,,,,,,,,,,,,,,,,,,,,,,,,,,lb,,,
configured-light-bars,,,,,,,,,SIFMJS-AMBR2UM6,,,,,,,,SIFMJS-AMBR2UM6,0.0,,0,continue,manual,2726.00,,true,true,,,,,,,,,,,,,,,,,,,,,,,,,,,,,,,,lb,,,
configured-light-bars,,,,,,,,,SIFMJS-AMBR2UMM,,,,,,,,SIFMJS-AMBR2UMM,0.0,,0,continue,manual,2416.00,,true,true,,,,,,,,,,,,,,,,,,,,,,,,,,,,,,,,lb,,,
configured-light-bars,,,,,,,,,SIFMJS-AMBR2UMP,,,,,,,,SIFMJS-AMBR2UMP,0.0,,0,continue,manual,2266.00,,true,true,,,,,,,,,,,,,,,,,,,,,,,,,,,,,,,,lb,,,
configured-light-bars,,,,,,,,,SIFMJS-CAM16-P3,,,,,,,,SIFMJS-CAM16-P3,0.0,,0,continue,manual,2028.00,,true,true,,,,,,,,,,,,,,,,,,,,,,,,,,,,,,,,lb,,,
configured-light-bars,,,,,,,,,SIFMJS-CHGR16-P3,,,,,,,,SIFMJS-CHGR16-P3,0.0,,0,continue,manual,2028.00,,true,true,,,,,,,,,,,,,,,,,,,,,,,,,,,,,,,,lb,,,
configured-light-bars,,,,,,,,,SIFMJS-CMD17-P3,,,,,,,,SIFMJS-CMD17-P3,0.0,,0,continue,manual,2028.00,,true,true,,,,,,,,,,,,,,,,,,,,,,,,,,,,,,,,lb,,,
configured-light-bars,,,,,,,,,SIFMJS-CMRY22-P3,,,,,,,,SIFMJS-CMRY22-P3,0.0,,0,continue,manual,2028.00,,true,true,,,,,,,,,,,,,,,,,,,,,,,,,,,,,,,,lb,,,
configured-light-bars,,,,,,,,,SIFMJS-DUR16-P3,,,,,,,,SIFMJS-DUR16-P3,0.0,,0,continue,manual,2028.00,,true,true,,,,,,,,,,,,,,,,,,,,,,,,,,,,,,,,lb,,,
configured-light-bars,,,,,,,,,SIFMJS-ESC20-P3,,,,,,,,SIFMJS-ESC20-P3,0.0,,0,continue,manual,2028.00,,true,true,,,,,,,,,,,,,,,,,,,,,,,,,,,,,,,,lb,,,
configured-light-bars,,,,,,,,,SIFMJS-EXPD18-P3,,,,,,,,SIFMJS-EXPD18-P3,0.0,,0,continue,manual,2028.00,,true,true,,,,,,,,,,,,,,,,,,,,,,,,,,,,,,,,lb,,,
configured-light-bars,,,,,,,,,SIFMJS-EXPR18-P3,,,,,,,,SIFMJS-EXPR18-P3,0.0,,0,continue,manual,2028.00,,true,true,,,,,,,,,,,,,,,,,,,,,,,,,,,,,,,,lb,,,
configured-light-bars,,,,,,,,,SIFMJS-FD15-P3,,,,,,,,SIFMJS-FD15-P3,0.0,,0,continue,manual,2028.00,,true,true,,,,,,,,,,,,,,,,,,,,,,,,,,,,,,,,lb,,,
configured-light-bars,,,,,,,,,SIFMJS-FPIU25-P3,,,,,,,,SIFMJS-FPIU25-P3,0.0,,0,continue,manual,2028.00,,true,true,,,,,,,,,,,,,,,,,,,,,,,,,,,,,,,,lb,,,
configured-light-bars,,,,,,,,,SIFMJS-JGC25-P3,,,,,,,,SIFMJS-JGC25-P3,0.0,,0,continue,manual,2028.00,,true,true,,,,,,,,,,,,,,,,,,,,,,,,,,,,,,,,lb,,,
configured-light-bars,,,,,,,,,SIFMJS-MAL16-P3,,,,,,,,SIFMJS-MAL16-P3,0.0,,0,continue,manual,2028.00,,true,true,,,,,,,,,,,,,,,,,,,,,,,,,,,,,,,,lb,,,
configured-light-bars,,,,,,,,,SIFMJS-MME21-P3,,,,,,,,SIFMJS-MME21-P3,0.0,,0,continue,manual,2028.00,,true,true,,,,,,,,,,,,,,,,,,,,,,,,,,,,,,,,lb,,,
configured-light-bars,,,,,,,,,SIFMJS-MUST19-P3,,,,,,,,SIFMJS-MUST19-P3,0.0,,0,continue,manual,2028.00,,true,true,,,,,,,,,,,,,,,,,,,,,,,,,,,,,,,,lb,,,
configured-light-bars,,,,,,,,,SIFMJS-SIL19-P3,,,,,,,,SIFMJS-SIL19-P3,0.0,,0,continue,manual,2028.00,,true,true,,,,,,,,,,,,,,,,,,,,,,,,,,,,,,,,lb,,,
configured-light-bars,,,,,,,,,SIFMJS-SIL25-P3,,,,,,,,SIFMJS-SIL25-P3,0.0,,0,continue,manual,2028.00,,true,true,,,,,,,,,,,,,,,,,,,,,,,,,,,,,,,,lb,,,
configured-light-bars,,,,,,,,,SIFMJS-TA15-P3,,,,,,,,SIFMJS-TA15-P3,0.0,,0,continue,manual,2028.00,,true,true,,,,,,,,,,,,,,,,,,,,,,,,,,,,,,,,lb,,,
configured-light-bars,,,,,,,,,SIFMJS-TAH21-P3,,,,,,,,SIFMJS-TAH21-P3,0.0,,0,continue,manual,2028.00,,true,true,,,,,,,,,,,,,,,,,,,,,,,,,,,,,,,,lb,,,
configured-light-bars,,,,,,,,,SIFMJS-UNIV-P3,,,,,,,,SIFMJS-UNIV-P3,0.0,,0,continue,manual,2028.00,,true,true,,,,,,,,,,,,,,,,,,,,,,,,,,,,,,,,lb,,,
configured-light-bars,,,,,,,,,SIFMJUR-MUST24-P3,,,,,,,,SIFMJUR-MUST24-P3,0.0,,0,continue,manual,2028.00,,true,true,,,,,,,,,,,,,,,,,,,,,,,,,,,,,,,,lb,,,
configured-light-bars,,,,,,,,,SIFMS-AMBR2FF,,,,,,,,SIFMS-AMBR2FF,0.0,,0,continue,manual,2158.00,,true,true,,,,,,,,,,,,,,,,,,,,,,,,,,,,,,,,lb,,,
configured-light-bars,,,,,,,,,SIFZJS-AMBR2CS6,,,,,,,,SIFZJS-AMBR2CS6,0.0,,0,continue,manual,2726.00,,true,true,,,,,,,,,,,,,,,,,,,,,,,,,,,,,,,,lb,,,
configured-light-bars,,,,,,,,,SIFZJS-AMBR2CSM,,,,,,,,SIFZJS-AMBR2CSM,0.0,,0,continue,manual,2416.00,,true,true,,,,,,,,,,,,,,,,,,,,,,,,,,,,,,,,lb,,,
configured-light-bars,,,,,,,,,SIFZJS-AMBR2FF6,,,,,,,,SIFZJS-AMBR2FF6,0.0,,0,continue,manual,2726.00,,true,true,,,,,,,,,,,,,,,,,,,,,,,,,,,,,,,,lb,,,
configured-light-bars,,,,,,,,,SIFZJS-AMBR2FFM,,,,,,,,SIFZJS-AMBR2FFM,0.0,,0,continue,manual,2416.00,,true,true,,,,,,,,,,,,,,,,,,,,,,,,,,,,,,,,lb,,,
configured-light-bars,,,,,,,,,SIFZJS-AMBR2FFP,,,,,,,,SIFZJS-AMBR2FFP,0.0,,0,continue,manual,2266.00,,true,true,,,,,,,,,,,,,,,,,,,,,,,,,,,,,,,,lb,,,
configured-light-bars,,,,,,,,,SIFZJS-AMBR2R56,,,,,,,,SIFZJS-AMBR2R56,0.0,,0,continue,manual,2726.00,,true,true,,,,,,,,,,,,,,,,,,,,,,,,,,,,,,,,lb,,,
configured-light-bars,,,,,,,,,SIFZJS-AMBR2R5M,,,,,,,,SIFZJS-AMBR2R5M,0.0,,0,continue,manual,2416.00,,true,true,,,,,,,,,,,,,,,,,,,,,,,,,,,,,,,,lb,,,
configured-light-bars,,,,,,,,,SIFZJS-AMBR2R5P,,,,,,,,SIFZJS-AMBR2R5P,0.0,,0,continue,manual,2266.00,,true,true,,,,,,,,,,,,,,,,,,,,,,,,,,,,,,,,lb,,,
configured-light-bars,,,,,,,,,SIFZJS-AMBR2UM6,,,,,,,,SIFZJS-AMBR2UM6,0.0,,0,continue,manual,2726.00,,true,true,,,,,,,,,,,,,,,,,,,,,,,,,,,,,,,,lb,,,
configured-light-bars,,,,,,,,,SIFZJS-AMBR2UMM,,,,,,,,SIFZJS-AMBR2UMM,0.0,,0,continue,manual,2416.00,,true,true,,,,,,,,,,,,,,,,,,,,,,,,,,,,,,,,lb,,,
configured-light-bars,,,,,,,,,SIFZJS-AMBR2UMP,,,,,,,,SIFZJS-AMBR2UMP,0.0,,0,continue,manual,2266.00,,true,true,,,,,,,,,,,,,,,,,,,,,,,,,,,,,,,,lb,,,
configured-light-bars,,,,,,,,,SIFZJS-CHGR16-P3,,,,,,,,SIFZJS-CHGR16-P3,0.0,,0,continue,manual,2028.00,,true,true,,,,,,,,,,,,,,,,,,,,,,,,,,,,,,,,lb,,,
configured-light-bars,,,,,,,,,SIFZJS-FD15-P3,,,,,,,,SIFZJS-FD15-P3,0.0,,0,continue,manual,2028.00,,true,true,,,,,,,,,,,,,,,,,,,,,,,,,,,,,,,,lb,,,
configured-light-bars,,,,,,,,,SIFZJS-FPIU20-P3,,,,,,,,SIFZJS-FPIU20-P3,0.0,,0,continue,manual,2028.00,,true,true,,,,,,,,,,,,,,,,,,,,,,,,,,,,,,,,lb,,,
configured-light-bars,,,,,,,,,SIFZJS-TA15-P3,,,,,,,,SIFZJS-TA15-P3,0.0,,0,continue,manual,2028.00,,true,true,,,,,,,,,,,,,,,,,,,,,,,,,,,,,,,,lb,,,
configured-light-bars,,,,,,,,,SIFZJS-TAH21-P3,,,,,,,,SIFZJS-TAH21-P3,0.0,,0,continue,manual,2028.00,,true,true,,,,,,,,,,,,,,,,,,,,,,,,,,,,,,,,lb,,,
cameras-monitors,Cameras & Monitors,"<h1>Federal Signal Cameras &amp; Monitors</h1><p>Federal Signal cameras and monitors provide the in-vehicle video recording and display capability that law enforcement, fire, and EMS agencies require for officer safety, documentation, and situational awareness. Engineered to the same standards as Federal Signal's warning equipment, these systems are purpose-built for the harsh environment of active emergency vehicle service.</p><h2>Why departments choose Federal Signal Cameras &amp; Monitors</h2><ul>
<li>
<strong>Purpose-built for emergency vehicle environments</strong> → camera and monitor systems designed for the vibration, temperature extremes, and power fluctuation characteristic of emergency vehicle electrical systems</li>
<li>
<strong>Integration with existing Federal Signal equipment</strong> → camera systems compatible with Federal Signal siren and light controllers for synchronized recording activation with warning system operation</li>
<li>
<strong>High-resolution capture</strong> → clear video documentation for incident reports, training review, and accountability purposes</li>
<li>
<strong>Durable housing</strong> → camera housings rated for external vehicle mounting with weather sealing and impact resistance</li>
</ul><h2>Technical Specs</h2><table><tbody>
<tr>
<td>Input Voltage</td>
<td>12 VDC</td>
</tr>
<tr>
<td>Warranty</td>
<td>Federal Signal limited warranty</td>
</tr>
</tbody></table><p><em>Contact us or log into your department account to confirm available camera and monitor configurations.</em></p><h2>Ordering from TFR Supply</h2><p>TFR Supply is an authorized Federal Signal dealer serving Texas law enforcement, fire, and EMS agencies. Every order ships direct to your location — no middleman, no inventory delays. Government and department accounts receive tax-exempt checkout and agency pricing. Need installation? Our sister company <a href=""https://www.tx1rs.com"">Texas First Response Services</a> provides professional upfit services across Texas. Create a department account or reach out directly to get started.</p>",Federal Signal,Vehicles & Parts > Vehicle Parts & Accessories > Motor Vehicle Parts > Motor Vehicle Lighting,Vehicle Parts,"Brand_Federal Signal, Cameras & Monitors, Category_Emergency Vehicle Equipment, Federal Signal, Use_Fleet Upfitting, Use_Law Enforcement, Use_Public Safety",true,SKU,CAMADP-AHD-2-SB,,,,,,,,CAMADP-AHD-2-SB,0.0,,0,continue,manual,56.00,,true,true,,,,,,https://cdn.shopify.com/s/files/1/0725/9330/9807/files/reverse-camera-systems-Camset1-menu.png?v=1781535534,1,Cameras & Monitors product image for TFR Supply emergency vehicle upfitting,false,Cameras & Monitors | Federal Signal,"Shop Federal Signal Cameras & Monitors for emergency vehicle upfitting, fleet builds, law enforcement, fire, EMS, and public safety vehicle applications.",3318,,,CAMADP-AHD-2-SB,new,FALSE,,,,,,"Shop Federal Signal Cameras & Monitors for emergency vehicle upfitting, fleet builds, law enforcement, fire, EMS, and public safety vehicle applications.",Cameras & Monitors | Federal Signal,new,FALSE,3318,,,,,lb,,,active
cameras-monitors,,,,,,,,,CAMADP-AHD-4,,,,,,,,CAMADP-AHD-4,0.0,,0,continue,manual,56.00,,true,true,,,,,,https://cdn.shopify.com/s/files/1/0725/9330/9807/files/CAMSET56-AHD-NTSC2-SB.jpg?v=1781074482,2,Cameras & Monitors - CAMSET56-AHD-NTSC2-SB - Federal Signal emergency vehicle equipment,,,,,,,,,,,,,,,,,,,,,,,,lb,,,
cameras-monitors,,,,,,,,,CAMADP-EXT,,,,,,,,CAMADP-EXT,0.0,,0,continue,manual,21.00,,true,true,,,,,,,,,,,,,,,,,,,,,,,,,,,,,,,,lb,,,
cameras-monitors,,,,,,,,,CAMADP-RCA-OUT,,,,,,,,CAMADP-RCA-OUT,0.0,,0,continue,manual,33.00,,true,true,,,,,,,,,,,,,,,,,,,,,,,,,,,,,,,,lb,,,
cameras-monitors,,,,,,,,,CAMAHD-BALLNTSC,,,,,,,,CAMAHD-BALLNTSC,0.0,,0,continue,manual,450.00,,true,true,,,,,,,,,,,,,,,,,,,,,,,,,,,,,,,,lb,,,
cameras-monitors,,,,,,,,,CAMAHD-REARNTSC,,,,,,,,CAMAHD-REARNTSC,0.0,,0,continue,manual,450.00,,true,true,,,,,,,,,,,,,,,,,,,,,,,,,,,,,,,,lb,,,
cameras-monitors,,,,,,,,,CAMAHD-SIDENTSC,,,,,,,,CAMAHD-SIDENTSC,0.0,,0,continue,manual,450.00,,true,true,,,,,,,,,,,,,,,,,,,,,,,,,,,,,,,,lb,,,
cameras-monitors,,,,,,,,,CAMBRK-HD,,,,,,,,CAMBRK-HD,0.0,,0,continue,manual,73.00,,true,true,,,,,,,,,,,,,,,,,,,,,,,,,,,,,,,,lb,,,
cameras-monitors,,,,,,,,,CAMCABLE-10,,,,,,,,CAMCABLE-10,0.0,,0,continue,manual,64.00,,true,true,,,,,,,,,,,,,,,,,,,,,,,,,,,,,,,,lb,,,
cameras-monitors,,,,,,,,,CAMCABLE-15,,,,,,,,CAMCABLE-15,0.0,,0,continue,manual,73.00,,true,true,,,,,,,,,,,,,,,,,,,,,,,,,,,,,,,,lb,,,
cameras-monitors,,,,,,,,,CAMCABLE-20,,,,,,,,CAMCABLE-20,0.0,,0,continue,manual,94.00,,true,true,,,,,,,,,,,,,,,,,,,,,,,,,,,,,,,,lb,,,
cameras-monitors,,,,,,,,,CAMCABLE-40,,,,,,,,CAMCABLE-40,0.0,,0,continue,manual,259.00,,true,true,,,,,,,,,,,,,,,,,,,,,,,,,,,,,,,,lb,,,
cameras-monitors,,,,,,,,,CAMCABLE-5,,,,,,,,CAMCABLE-5,0.0,,0,continue,manual,50.00,,true,true,,,,,,,,,,,,,,,,,,,,,,,,,,,,,,,,lb,,,
cameras-monitors,,,,,,,,,CAMCABLE-TRK2,,,,,,,,CAMCABLE-TRK2,0.0,,0,continue,manual,225.00,,true,true,,,,,,,,,,,,,,,,,,,,,,,,,,,,,,,,lb,,,
cameras-monitors,,,,,,,,,CAMLCD-AHD-56-SB,,,,,,,,CAMLCD-AHD-56-SB,0.0,,0,continue,manual,950.00,,true,true,,,,,,,,,,,,,,,,,,,,,,,,,,,,,,,,lb,,,
cameras-monitors,,,,,,,,,CAMLCD-AHD-70,,,,,,,,CAMLCD-AHD-70,0.0,,0,continue,manual,1138.00,,true,true,,,,,,,,,,,,,,,,,,,,,,,,,,,,,,,,lb,,,
cameras-monitors,,,,,,,,,CAMLCD-BRACKET,,,,,,,,CAMLCD-BRACKET,0.0,,0,continue,manual,49.00,,true,true,,,,,,,,,,,,,,,,,,,,,,,,,,,,,,,,lb,,,
cameras-monitors,,,,,,,,,CAMSET56-AHD-NTSC2-SB,,,,,,,,CAMSET56-AHD-NTSC2-SB,0.0,,0,continue,manual,1655.00,,true,true,,,,,,,,,,,,,,,,,,,,,,,,,,,,,,,,lb,,,
cameras-monitors,,,,,,,,,CAMSET70-AHD-NTSC4,,,,,,,,CAMSET70-AHD-NTSC4,0.0,,0,continue,manual,1969.00,,true,true,,,,,,,,,,,,,,,,,,,,,,,,,,,,,,,,lb,,,
cameras-monitors,,,,,,,,,OBDCABLE20-4,,,,,,,,OBDCABLE20-4,0.0,,0,continue,manual,249.00,,true,true,,,,,,,,,,,,,,,,,,,,,,,,,,,,,,,,lb,,,
cameras-monitors,,,,,,,,,OBDCABLE20-5,,,,,,,,OBDCABLE20-5,0.0,,0,continue,manual,249.00,,true,true,,,,,,,,,,,,,,,,,,,,,,,,,,,,,,,,lb,,,
cameras-monitors,,,,,,,,,OBDCABLE20-6,,,,,,,,OBDCABLE20-6,0.0,,0,continue,manual,249.00,,true,true,,,,,,,,,,,,,,,,,,,,,,,,,,,,,,,,lb,,,
cameras-monitors,,,,,,,,,OBDCABLE20-GMCAN,,,,,,,,OBDCABLE20-GMCAN,0.0,,0,continue,manual,249.00,,true,true,,,,,,,,,,,,,,,,,,,,,,,,,,,,,,,,lb,,,
cameras-monitors,,,,,,,,,OBDCABLE20-HD1,,,,,,,,OBDCABLE20-HD1,0.0,,0,continue,manual,249.00,,true,true,,,,,,,,,,,,,,,,,,,,,,,,,,,,,,,,lb,,,
cameras-monitors,,,,,,,,,OBDCABLE25-1,,,,,,,,OBDCABLE25-1,0.0,,0,continue,manual,249.00,,true,true,,,,,,,,,,,,,,,,,,,,,,,,,,,,,,,,lb,,,
cameras-monitors,,,,,,,,,OBDCABLE25-2,,,,,,,,OBDCABLE25-2,0.0,,0,continue,manual,249.00,,true,true,,,,,,,,,,,,,,,,,,,,,,,,,,,,,,,,lb,,,
cameras-monitors,,,,,,,,,OBDCABLE25-3,,,,,,,,OBDCABLE25-3,0.0,,0,continue,manual,514.00,,true,true,,,,,,,,,,,,,,,,,,,,,,,,,,,,,,,,lb,,,
cameras-monitors,,,,,,,,,OBDCABLE25-DGCAN,,,,,,,,OBDCABLE25-DGCAN,0.0,,0,continue,manual,249.00,,true,true,,,,,,,,,,,,,,,,,,,,,,,,,,,,,,,,lb,,,
cameras-monitors,,,,,,,,,OBDCABLE4-5,,,,,,,,OBDCABLE4-5,0.0,,0,continue,manual,249.00,,true,true,,,,,,,,,,,,,,,,,,,,,,,,,,,,,,,,lb,,,
cameras-monitors,,,,,,,,,OBDCABLE6-1,,,,,,,,OBDCABLE6-1,0.0,,0,continue,manual,249.00,,true,true,,,,,,,,,,,,,,,,,,,,,,,,,,,,,,,,lb,,,
cameras-monitors,,,,,,,,,OBDCABLE6-2,,,,,,,,OBDCABLE6-2,0.0,,0,continue,manual,249.00,,true,true,,,,,,,,,,,,,,,,,,,,,,,,,,,,,,,,lb,,,
cameras-monitors,,,,,,,,,OBDCABLE6-DGCAN,,,,,,,,OBDCABLE6-DGCAN,0.0,,0,continue,manual,249.00,,true,true,,,,,,,,,,,,,,,,,,,,,,,,,,,,,,,,lb,,,
cameras-monitors,,,,,,,,,OBDCABLE8-4,,,,,,,,OBDCABLE8-4,0.0,,0,continue,manual,249.00,,true,true,,,,,,,,,,,,,,,,,,,,,,,,,,,,,,,,lb,,,
cameras-monitors,,,,,,,,,OBDCABLE8-6,,,,,,,,OBDCABLE8-6,0.0,,0,continue,manual,249.00,,true,true,,,,,,,,,,,,,,,,,,,,,,,,,,,,,,,,lb,,,
cameras-monitors,,,,,,,,,OBDCABLE8-GMCAN,,,,,,,,OBDCABLE8-GMCAN,0.0,,0,continue,manual,249.00,,true,true,,,,,,,,,,,,,,,,,,,,,,,,,,,,,,,,lb,,,
cables-wiring,Cables & Wiring,"<h1>Federal Signal Cables &amp; Wiring</h1><p>Federal Signal genuine wiring harnesses, connection cables, and electrical components for emergency vehicle warning systems — the connections that tie sirens, controllers, lightbars, and perimeter lights into a unified, reliable system. Using genuine Federal Signal wiring components ensures compatibility, proper signal integrity, and warranty coverage across your installed equipment.</p><h2>Why departments and installers choose Federal Signal Wiring</h2><ul>
<li>
<strong>Genuine OEM wiring</strong> → harnesses and cables manufactured to Federal Signal's specifications for proper fit, correct conductor gauge, and compatible connector types</li>
<li>
<strong>Convergence Network cables</strong> → RJ45 and proprietary connector cables for FS Convergence Network connections between lightbars, controllers, and warning lights</li>
<li>
<strong>Vehicle harness kits</strong> → complete pre-terminated harness assemblies for common patrol vehicle platforms reduce installation time and wiring errors on fleet builds</li>
<li>
<strong>Replacement cables</strong> → individual replacement cables for damaged or worn connections, allowing component-level repair without full system replacement</li>
</ul><h2>Technical Specs</h2><table><tbody>
<tr>
<td>Compatibility</td>
<td>Federal Signal warning and siren systems</td>
</tr>
<tr>
<td>Warranty</td>
<td>Federal Signal limited warranty</td>
</tr>
</tbody></table><p><em>Contact us with your equipment models and vehicle platform to confirm the correct wiring harness or cable.</em></p><h2>Ordering from TFR Supply</h2><p>TFR Supply is an authorized Federal Signal dealer serving Texas law enforcement, fire, and EMS agencies. Every order ships direct to your location — no middleman, no inventory delays. Government and department accounts receive tax-exempt checkout and agency pricing. Need installation? Our sister company <a href=""https://www.tx1rs.com"">Texas First Response Services</a> provides professional upfit services across Texas. Create a department account or reach out directly to get started.</p>",Federal Signal,Vehicles & Parts > Vehicle Parts & Accessories > Motor Vehicle Parts > Motor Vehicle Lighting,Vehicle Parts,"Brand_Federal Signal, Cables & Wiring, Category_Emergency Vehicle Equipment, Federal Signal, Use_Fleet Upfitting, Use_Law Enforcement, Use_Public Safety",false,SKU,PFSPLTR-4,,,,,,,,PFSPLTR-4,0.0,,0,continue,manual,67.00,,true,true,,,,,,https://cdn.shopify.com/s/files/1/0725/9330/9807/files/PFSPLTR-4_ef301ea6-92fa-4c55-aa7f-cbc77cdabe31.jpg?v=1781074501,1,Cables & Wiring - PFSPLTR-4 - Federal Signal emergency vehicle equipment,false,Cables & Wiring | Federal Signal,"Shop Federal Signal Cables & Wiring for emergency vehicle upfitting, fleet builds, law enforcement, fire, EMS, and public safety vehicle applications.",3318,,,PFSPLTR-4,new,FALSE,,,,,,"Shop Federal Signal Cables & Wiring for emergency vehicle upfitting, fleet builds, law enforcement, fire, EMS, and public safety vehicle applications.",Cables & Wiring | Federal Signal,new,FALSE,3318,,,,,lb,,,draft
cables-wiring,,,,,,,,,WPCABLE-15,,,,,,,,WPCABLE-15,0.0,,0,continue,manual,75.00,,true,true,,,,,,https://cdn.shopify.com/s/files/1/0725/9330/9807/files/WPCONKIT-200.jpg?v=1781074501,2,Cables & Wiring - WPCONKIT-200 - Federal Signal emergency vehicle equipment,,,,,,,,,,,,,,,,,,,,,,,,lb,,,
cables-wiring,,,,,,,,,WPCABLE2-25,,,,,,,,WPCABLE2-25,0.0,,0,continue,manual,260.00,,true,true,,,,,,,,,,,,,,,,,,,,,,,,,,,,,,,,lb,,,
cables-wiring,,,,,,,,,WPCABLE-30,,,,,,,,WPCABLE-30,0.0,,0,continue,manual,125.00,,true,true,,,,,,,,,,,,,,,,,,,,,,,,,,,,,,,,lb,,,
cables-wiring,,,,,,,,,WPCABLE4-25,,,,,,,,WPCABLE4-25,0.0,,0,continue,manual,450.00,,true,true,,,,,,,,,,,,,,,,,,,,,,,,,,,,,,,,lb,,,
cables-wiring,,,,,,,,,WPCABLE-8,,,,,,,,WPCABLE-8,0.0,,0,continue,manual,50.00,,true,true,,,,,,,,,,,,,,,,,,,,,,,,,,,,,,,,lb,,,
cables-wiring,,,,,,,,,WPCONKIT-20,,,,,,,,WPCONKIT-20,0.0,,0,continue,manual,80.00,,true,true,,,,,,,,,,,,,,,,,,,,,,,,,,,,,,,,lb,,,
cables-wiring,,,,,,,,,WPCONKIT-200,,,,,,,,WPCONKIT-200,0.0,,0,continue,manual,475.00,,true,true,,,,,,,,,,,,,,,,,,,,,,,,,,,,,,,,lb,,,
backup-alarms,Backup Alarms,"<h1>Federal Signal Backup Alarms</h1><p>Federal Signal backup alarms provide the audible reversing warning required for emergency vehicles, utility trucks, and apparatus operating in areas with personnel on foot — a critical safety component for fire apparatus, EMS units, and work trucks where blind spots and scene congestion create reversing hazards.</p><h2>Why departments and fleets choose Federal Signal Backup Alarms</h2><ul>
<li>
<strong>Automatic activation</strong> → activates immediately when the vehicle engages reverse, requiring no operator input and ensuring consistent warning on every reversing maneuver</li>
<li>
<strong>High-output tone</strong> → penetrating alarm tone audible above ambient scene noise including running engines, generators, and crowd activity</li>
<li>
<strong>NFPA and OSHA compliant</strong> → backup alarm output meets applicable NFPA and occupational safety requirements for emergency vehicles and heavy equipment</li>
<li>
<strong>Durable construction</strong> → weather-sealed housing rated for external mounting on apparatus and work trucks across all operational environments</li>
</ul><h2>Technical Specs</h2><table><tbody>
<tr>
<td>Activation</td>
<td>Automatic on reverse gear</td>
</tr>
<tr>
<td>Input Voltage</td>
<td>12/24 VDC</td>
</tr>
<tr>
<td>Warranty</td>
<td>Federal Signal limited warranty</td>
</tr>
</tbody></table><p><em>Contact us or log into your department account to confirm the right backup alarm model for your application.</em></p><h2>Ordering from TFR Supply</h2><p>TFR Supply is an authorized Federal Signal dealer serving Texas law enforcement, fire, and EMS agencies. Every order ships direct to your location — no middleman, no inventory delays. Government and department accounts receive tax-exempt checkout and agency pricing. Need installation? Our sister company <a href=""https://www.tx1rs.com"">Texas First Response Services</a> provides professional upfit services across Texas. Create a department account or reach out directly to get started.</p>",Federal Signal,Vehicles & Parts > Vehicle Parts & Accessories > Motor Vehicle Parts > Motor Vehicle Lighting,Vehicle Parts,"Backup Alarms, Brand_Federal Signal, Category_Emergency Vehicle Equipment, Federal Signal, Use_Fleet Upfitting, Use_Law Enforcement, Use_Public Safety",true,SKU,210238-S-MP6,,,,,,,,210238-S-MP6,0.0,,0,continue,manual,313.00,,true,true,,,,,,https://cdn.shopify.com/s/files/1/0725/9330/9807/files/evacuator-back-up-alarms-210330SSG-210331SSG-210333SSG-menu.png?v=1781535535,1,Backup Alarms product image for TFR Supply emergency vehicle upfitting,false,Backup Alarms | Federal Signal,"Shop Federal Signal Backup Alarms for emergency vehicle upfitting, fleet builds, law enforcement, fire, EMS, and public safety vehicle applications.",3318,,,210238-S-MP6,new,FALSE,,,,,,"Shop Federal Signal Backup Alarms for emergency vehicle upfitting, fleet builds, law enforcement, fire, EMS, and public safety vehicle applications.",Backup Alarms | Federal Signal,new,FALSE,3318,,,,,lb,,,active
backup-alarms,,,,,,,,,210238-S-MP8,,,,,,,,210238-S-MP8,0.0,,0,continue,manual,417.00,,true,true,,,,,,https://cdn.shopify.com/s/files/1/0725/9330/9807/files/PSS-2012-Series-Back-up-Alarms_1_1140x925_2012backupalarm-99.jpg?v=1781535536,2,Backup Alarms product image for TFR Supply emergency vehicle upfitting,,,,,,,,,,,,,,,,,,,,,,,,lb,,,
backup-alarms,,,,,,,,,210238-W,,,,,,,,210238-W,0.0,,0,continue,manual,56.00,,true,true,,,,,,https://cdn.shopify.com/s/files/1/0725/9330/9807/files/evacuationplus-backup-alarm.avif?v=1781381182,3,Backup Alarms product image for TFR Supply emergency vehicle upfitting,,,,,,,,,,,,,,,,,,,,,,,,lb,,,
backup-alarms,,,,,,,,,210239-S,,,,,,,,210239-S,0.0,,0,continue,manual,56.00,,true,true,,,,,,,,,,,,,,,,,,,,,,,,,,,,,,,,lb,,,
backup-alarms,,,,,,,,,210239-S-MP12,,,,,,,,210239-S-MP12,0.0,,0,continue,manual,625.00,,true,true,,,,,,,,,,,,,,,,,,,,,,,,,,,,,,,,lb,,,
backup-alarms,,,,,,,,,210239-W,,,,,,,,210239-W,0.0,,0,continue,manual,56.00,,true,true,,,,,,,,,,,,,,,,,,,,,,,,,,,,,,,,lb,,,
backup-alarms,,,,,,,,,210240-S,,,,,,,,210240-S,0.0,,0,continue,manual,56.00,,true,true,,,,,,,,,,,,,,,,,,,,,,,,,,,,,,,,lb,,,
backup-alarms,,,,,,,,,210240-W,,,,,,,,210240-W,0.0,,0,continue,manual,56.00,,true,true,,,,,,,,,,,,,,,,,,,,,,,,,,,,,,,,lb,,,
backup-alarms,,,,,,,,,210240-W-MP12,,,,,,,,210240-W-MP12,0.0,,0,continue,manual,625.00,,true,true,,,,,,,,,,,,,,,,,,,,,,,,,,,,,,,,lb,,,
backup-alarms,,,,,,,,,210240-W-MP8,,,,,,,,210240-W-MP8,0.0,,0,continue,manual,417.00,,true,true,,,,,,,,,,,,,,,,,,,,,,,,,,,,,,,,lb,,,
backup-alarms,,,,,,,,,210330SSG,,,,,,,,210330SSG,0.0,,0,continue,manual,177.00,,true,true,,,,,,,,,,,,,,,,,,,,,,,,,,,,,,,,lb,,,
backup-alarms,,,,,,,,,210330SSG-MP8,,,,,,,,210330SSG-MP8,0.0,,0,continue,manual,1334.00,,true,true,,,,,,,,,,,,,,,,,,,,,,,,,,,,,,,,lb,,,
backup-alarms,,,,,,,,,210331SSG,,,,,,,,210331SSG,0.0,,0,continue,manual,177.00,,true,true,,,,,,,,,,,,,,,,,,,,,,,,,,,,,,,,lb,,,
backup-alarms,,,,,,,,,210331SSG-NB,,,,,,,,210331SSG-NB,0.0,,0,continue,manual,177.00,,true,true,,,,,,,,,,,,,,,,,,,,,,,,,,,,,,,,lb,,,
backup-alarms,,,,,,,,,210333SSG,,,,,,,,210333SSG,0.0,,0,continue,manual,177.00,,true,true,,,,,,,,,,,,,,,,,,,,,,,,,,,,,,,,lb,,,
backup-alarms,,,,,,,,,210335SSG,,,,,,,,210335SSG,0.0,,0,continue,manual,177.00,,true,true,,,,,,,,,,,,,,,,,,,,,,,,,,,,,,,,lb,,,
backup-alarms,,,,,,,,,210343SSG,,,,,,,,210343SSG,0.0,,0,continue,manual,177.00,,true,true,,,,,,,,,,,,,,,,,,,,,,,,,,,,,,,,lb,,,
vehicle-warning-accessories-hardware,Vehicle Warning Accessories & Hardware,"<h1>Federal Signal Vehicle Warning Accessories &amp; Hardware</h1><p>Federal Signal's broad line of vehicle warning accessories and hardware covers the installation and operational components that support a complete emergency vehicle warning system — from mounting hardware and brackets to replacement components and installation accessories for law enforcement, fire, EMS, and work truck platforms.</p><h2>Why departments source accessories from TFR Supply</h2><ul>
<li>
<strong>Genuine Federal Signal components</strong> → OEM accessories designed to work with Federal Signal warning equipment without the fitment and compatibility issues that come with aftermarket alternatives</li>
<li>
<strong>Authorized dealer sourcing</strong> → TFR Supply's authorized Federal Signal dealer status ensures genuine parts with Federal Signal warranty coverage</li>
<li>
<strong>Direct ship to your location</strong> → orders ship directly to the department or installer without routing through additional distributors</li>
<li>
<strong>Complete accessory catalog</strong> → TFR Supply carries the full Federal Signal accessory lineup, from common mounting hardware to specialty installation components</li>
</ul><h2>Technical Specs</h2><table><tbody>
<tr>
<td>Compatibility</td>
<td>Federal Signal warning system families</td>
</tr>
<tr>
<td>Warranty</td>
<td>Federal Signal limited warranty</td>
</tr>
</tbody></table><p><em>Contact us or log into your department account to locate a specific accessory or confirm availability.</em></p><h2>Ordering from TFR Supply</h2><p>TFR Supply is an authorized Federal Signal dealer serving Texas law enforcement, fire, and EMS agencies. Every order ships direct to your location — no middleman, no inventory delays. Government and department accounts receive tax-exempt checkout and agency pricing. Need installation? Our sister company <a href=""https://www.tx1rs.com"">Texas First Response Services</a> provides professional upfit services across Texas. Create a department account or reach out directly to get started.</p>",Federal Signal,Vehicles & Parts > Vehicle Parts & Accessories > Motor Vehicle Parts > Motor Vehicle Lighting,Vehicle Lighting Accessories,"Accessories, Brand_Federal Signal, Category_Emergency Vehicle Equipment, Category_Hardware, Federal Signal, Hardware, Law Enforcement, Product_Accessory, Use_Fleet Upfitting, Use_Law Enforcement, Use_Public Safety, Work Truck",false,Component,L-Bracket Kit (Firebolt),,,,,,,,'210539,0.0,,0,continue,manual,53.00,,true,true,,,,,,https://cdn.shopify.com/s/files/1/0725/9330/9807/files/SPLCABLE-1.jpg?v=1781074502,1,Vehicle Warning Accessories & Hardware - SPLCABLE-1 - Federal Signal emergency vehicle equipment,false,Vehicle Warning Accessories & Hardware | Federal Signal,"Shop Federal Signal Vehicle Warning Accessories & Hardware for emergency vehicle upfitting, fleet builds, law enforcement, fire, EMS, and public safety vehicle applications.",3318,,,'210539,new,FALSE,,,,,,"Shop Federal Signal Vehicle Warning Accessories & Hardware for emergency vehicle upfitting, fleet builds, law enforcement, fire, EMS, and public safety vehicle applications.",Vehicle Warning Accessories & Hardware | Federal Signal,new,FALSE,3318,,,,,lb,,,draft
vehicle-warning-accessories-hardware,,,,,,,,,Magnetic Mount Kit (Firebolts),,,,,,,,'210728,0.0,,0,continue,manual,48.00,,true,true,,,,,,,,,,,,,,,,,,,,,,,,,,,,,,,,lb,,,
vehicle-warning-accessories-hardware,,,,,,,,,Flasher DOT 30 Amp,,,,,,,,'605010,0.0,,0,continue,manual,368.00,,true,true,,,,,,,,,,,,,,,,,,,,,,,,,,,,,,,,lb,,,
vehicle-warning-accessories-hardware,,,,,,,,,2-Channel External Relay,,,,,,,,'605012,0.0,,0,continue,manual,281.00,,true,true,,,,,,,,,,,,,,,,,,,,,,,,,,,,,,,,lb,,,
vehicle-warning-accessories-hardware,,,,,,,,,Replacement Rocker Switch,,,,,,,,'671512,0.0,,0,continue,manual,48.00,,true,true,,,,,,,,,,,,,,,,,,,,,,,,,,,,,,,,lb,,,
vehicle-warning-accessories-hardware,,,,,,,,,Switch (One Directional),,,,,,,,210299SSG,0.0,,0,continue,manual,39.00,,true,true,,,,,,,,,,,,,,,,,,,,,,,,,,,,,,,,lb,,,
vehicle-warning-accessories-hardware,,,,,,,,,Switch (2-Position Toggle Black),,,,,,,,210620SSG,0.0,,0,continue,manual,21.00,,true,true,,,,,,,,,,,,,,,,,,,,,,,,,,,,,,,,lb,,,
vehicle-warning-accessories-hardware,,,,,,,,,Panel Toggle 1-Hole,,,,,,,,210624SSG,0.0,,0,continue,manual,16.00,,true,true,,,,,,,,,,,,,,,,,,,,,,,,,,,,,,,,lb,,,
vehicle-warning-accessories-hardware,,,,,,,,,Blank Plate QL43,,,,,,,,4300SS-PLATE,0.0,,0,continue,manual,65.00,,true,true,,,,,,,,,,,,,,,,,,,,,,,,,,,,,,,,lb,,,
vehicle-warning-accessories-hardware,,,,,,,,,DOT Cable Dual Color 30-ft,,,,,,,,605010-30-D-SB,0.0,,0,continue,manual,107.00,,true,true,,,,,,,,,,,,,,,,,,,,,,,,,,,,,,,,lb,,,
vehicle-warning-accessories-hardware,,,,,,,,,DOT Cable Single Color 30-ft,,,,,,,,605010-30-SB,0.0,,0,continue,manual,80.00,,true,true,,,,,,,,,,,,,,,,,,,,,,,,,,,,,,,,lb,,,
vehicle-warning-accessories-hardware,,,,,,,,,DOT Cable Dual Color 60-ft,,,,,,,,605010-60-D-SB,0.0,,0,continue,manual,150.00,,true,true,,,,,,,,,,,,,,,,,,,,,,,,,,,,,,,,lb,,,
vehicle-warning-accessories-hardware,,,,,,,,,DOT Cable Single Color 60-ft,,,,,,,,605010-60-SB,0.0,,0,continue,manual,109.00,,true,true,,,,,,,,,,,,,,,,,,,,,,,,,,,,,,,,lb,,,
vehicle-warning-accessories-hardware,,,,,,,,,Quad Box Cable Single Color,,,,,,,,605015-30,0.0,,0,continue,manual,251.00,,true,true,,,,,,,,,,,,,,,,,,,,,,,,,,,,,,,,lb,,,
vehicle-warning-accessories-hardware,,,,,,,,,Quad Box Cable Dual Color,,,,,,,,605015-30-D,0.0,,0,continue,manual,266.00,,true,true,,,,,,,,,,,,,,,,,,,,,,,,,,,,,,,,lb,,,
vehicle-warning-accessories-hardware,,,,,,,,,Deutsch Two-Pin Kit,,,,,,,,605200D,0.0,,0,continue,manual,27.00,,true,true,,,,,,,,,,,,,,,,,,,,,,,,,,,,,,,,lb,,,
vehicle-warning-accessories-hardware,,,,,,,,,Indicator Lamp (Flashing),,,,,,,,607121-04SB,0.0,,0,continue,manual,47.00,,true,true,,,,,,,,,,,,,,,,,,,,,,,,,,,,,,,,lb,,,
vehicle-warning-accessories-hardware,,,,,,,,,Intercom 12VDC Primary,,,,,,,,AD-26C-1-2-4-HD,0.0,,0,continue,manual,2032.00,,true,true,,,,,,,,,,,,,,,,,,,,,,,,,,,,,,,,lb,,,
vehicle-warning-accessories-hardware,,,,,,,,,CHMSL Drill-Free Bracket F-150 18-in,,,,,,,,CHMSL18-FRD23,0.0,,0,continue,manual,376.00,,true,true,,,,,,,,,,,,,,,,,,,,,,,,,,,,,,,,lb,,,
vehicle-warning-accessories-hardware,,,,,,,,,CHMSL Drill-Free Bracket F-150 30-in,,,,,,,,CHMSL30-FRD23,0.0,,0,continue,manual,458.00,,true,true,,,,,,,,,,,,,,,,,,,,,,,,,,,,,,,,lb,,,
vehicle-warning-accessories-hardware,,,,,,,,,HL10 Wing Light Kit 10-ft Cable,,,,,,,,HL10-HDKIT,0.0,,0,continue,manual,121.00,,true,true,,,,,,,,,,,,,,,,,,,,,,,,,,,,,,,,lb,,,
vehicle-warning-accessories-hardware,,,,,,,,,HL15 Wing Light Kit 10-ft Cable,,,,,,,,HL15-HDKIT,0.0,,0,continue,manual,125.00,,true,true,,,,,,,,,,,,,,,,,,,,,,,,,,,,,,,,lb,,,
vehicle-warning-accessories-hardware,,,,,,,,,ICSPL24WL Adapter Mount Kit,,,,,,,,ICSPL24WL-ADAPTKT,0.0,,0,continue,manual,45.00,,true,true,,,,,,,,,,,,,,,,,,,,,,,,,,,,,,,,lb,,,
vehicle-warning-accessories-hardware,,,,,,,,,24-in Light Bar w/ Tow Winch Bracket,,,,,,,,ICSPL24-WL-SB,0.0,,0,continue,manual,289.00,,true,true,,,,,,,,,,,,,,,,,,,,,,,,,,,,,,,,lb,,,
vehicle-warning-accessories-hardware,,,,,,,,,Light Bar w/ Tow Winch Bracket,,,,,,,,ICSPL24-WL-SC,0.0,,0,continue,manual,289.00,,true,true,,,,,,,,,,,,,,,,,,,,,,,,,,,,,,,,lb,,,
vehicle-warning-accessories-hardware,,,,,,,,,ICSPL24WL Spacer Kit 3-in,,,,,,,,ICSPL24WL-SPACRKT,0.0,,0,continue,manual,111.00,,true,true,,,,,,,,,,,,,,,,,,,,,,,,,,,,,,,,lb,,,
vehicle-warning-accessories-hardware,,,,,,,,,84-in MPS SignalMaster 8 Amber Heads,,,,,,,,MPSUSM84-DOT,0.0,,0,continue,manual,2384.00,,true,true,,,,,,,,,,,,,,,,,,,,,,,,,,,,,,,,lb,,,
vehicle-warning-accessories-hardware,,,,,,,,,Parts Kit 84-in MPSUSM,,,,,,,,MPSUSM84-KIT,0.0,,0,continue,manual,487.00,,true,true,,,,,,,,,,,,,,,,,,,,,,,,,,,,,,,,lb,,,
vehicle-warning-accessories-hardware,,,,,,,,,ICSSPL Adapter (Boss MSC09417),,,,,,,,SPLCABLE-1,0.0,,0,continue,manual,198.00,,true,true,,,,,,,,,,,,,,,,,,,,,,,,,,,,,,,,lb,,,
vehicle-warning-accessories-hardware,,,,,,,,,ICSSPL Adapter (B/SD 16160250),,,,,,,,SPLCABLE-2,0.0,,0,continue,manual,198.00,,true,true,,,,,,,,,,,,,,,,,,,,,,,,,,,,,,,,lb,,,
vehicle-warning-accessories-hardware,,,,,,,,,ICSSPL Adapter (F/W 28212),,,,,,,,SPLCABLE-3,0.0,,0,continue,manual,198.00,,true,true,,,,,,,,,,,,,,,,,,,,,,,,,,,,,,,,lb,,,
vehicle-warning-accessories-hardware,,,,,,,,,ICSSPL Adapter (Trcklite 80859),,,,,,,,SPLCABLE-4,0.0,,0,continue,manual,473.00,,true,true,,,,,,,,,,,,,,,,,,,,,,,,,,,,,,,,lb,,,
spire-accessories-hardware,Spire® Accessories & Hardware,"<h1>Federal Signal Spire® Accessories &amp; Hardware</h1><p>Mounting hardware, replacement components, and accessories for the Federal Signal Spire® 100, 200, and 220 LED beacon families — bracket kits, pipe mounts, magnet mounts, suction mounts, branch guards, and replacement bases that expand the deployment options and protect the service life of your Spire beacon investment.</p><h2>Why departments and fleets choose Spire Accessories</h2><ul>
<li>
<strong>Multiple mounting solutions</strong> → permanent pipe mount, suction cup, and magnet mount options allow a single Spire beacon model to be deployed across vehicle types with different mounting requirements</li>
<li>
<strong>Stainless steel branch guards</strong> → protect Spire beacons from branches, overhead obstructions, and impact damage on apparatus and work trucks operating in wooded and construction environments</li>
<li>
<strong>Replacement bases and domes</strong> → serviceable components allow damaged parts to be replaced without full beacon replacement, extending useful service life</li>
<li>
<strong>Beacon mounting bars</strong> → cross-bar and rail systems for multi-beacon installations on apparatus rooftops and truck beds</li>
</ul><h2>Technical Specs</h2><table><tbody>
<tr>
<td>Compatibility</td>
<td>Spire® 100, 200, 220 LED beacon series</td>
</tr>
<tr>
<td>Warranty</td>
<td>Federal Signal limited warranty</td>
</tr>
</tbody></table><p><em>Contact us or log into your department account to confirm the right accessories for your Spire beacon model and mounting application.</em></p><h2>Ordering from TFR Supply</h2><p>TFR Supply is an authorized Federal Signal dealer serving Texas law enforcement, fire, and EMS agencies. Every order ships direct to your location — no middleman, no inventory delays. Government and department accounts receive tax-exempt checkout and agency pricing. Need installation? Our sister company <a href=""https://www.tx1rs.com"">Texas First Response Services</a> provides professional upfit services across Texas. Create a department account or reach out directly to get started.</p>",Federal Signal,Vehicles & Parts > Vehicle Parts & Accessories > Motor Vehicle Parts > Motor Vehicle Lighting,Vehicle Lighting Accessories,"Application_Work Truck, Brand_Federal Signal, Category_Emergency Vehicle Equipment, Category_Hardware, Federal Signal, Hardware, Product_Accessory, Spire, Use_Fleet Upfitting, Use_Law Enforcement, Use_Public Safety, Work Truck",false,Component,Branch Guard (Short),,,,,,,,200B-SHORT,0.0,,0,continue,manual,95.00,,true,true,,,,,,,,,false,Spire® Accessories & Hardware | Texas First Response Supply,"Shop professional-grade Spire® Accessories & Hardware at Texas First Response Supply. Heavy-duty construction, OEM compatibility, and fast shipping. Order today!",3318,,,200B-SHORT,new,FALSE,,,,,,"Shop professional-grade Spire® Accessories & Hardware at Texas First Response Supply. Heavy-duty construction, OEM compatibility, and fast shipping. Order today!",Spire® Accessories & Hardware | Texas First Response Supply,new,FALSE,3318,,,,,lb,,,draft
spire-accessories-hardware,,,,,,,,,Branch Guard (Tall),,,,,,,,200B-TALL,0.0,,0,continue,manual,95.00,,true,true,,,,,,,,,,,,,,,,,,,,,,,,,,,,,,,,lb,,,
spire-accessories-hardware,,,,,,,,,Dust Cover (Short),,,,,,,,200DC-SHORT,0.0,,0,continue,manual,45.00,,true,true,,,,,,,,,,,,,,,,,,,,,,,,,,,,,,,,lb,,,
spire-accessories-hardware,,,,,,,,,Dust Cover (Tall),,,,,,,,200DC-TALL,0.0,,0,continue,manual,45.00,,true,true,,,,,,,,,,,,,,,,,,,,,,,,,,,,,,,,lb,,,
spire-accessories-hardware,,,,,,,,,Spire Accessory,,,,,,,,200767-95,0.0,,0,continue,manual,56.00,,true,true,,,,,,,,,,,,,,,,,,,,,,,,,,,,,,,,lb,,,
spire-accessories-hardware,,,,,,,,,Poly Flange Mount Kit (10-Pack),,,,,,,,200POLY-MP10,0.0,,0,continue,manual,312.00,,true,true,,,,,,,,,,,,,,,,,,,,,,,,,,,,,,,,lb,,,
spire-accessories-hardware,,,,,,,,,Replacement Dome (Poly),,,,,,,,205582-95,0.0,,0,continue,manual,27.00,,true,true,,,,,,,,,,,,,,,,,,,,,,,,,,,,,,,,lb,,,
spire-accessories-hardware,,,,,,,,,Spire 100 Tall Rubber Mount (Amber),,,,,,,,100TR-A,0.0,,0,continue,manual,218.00,,true,true,,,,,,,,,,,,,,,,,,,,,,,,,,,,,,,,lb,,,
spire-accessories-hardware,,,,,,,,,Spire 100 Tall Rubber Mount (Blue),,,,,,,,100TR-B,0.0,,0,continue,manual,218.00,,true,true,,,,,,,,,,,,,,,,,,,,,,,,,,,,,,,,lb,,,
spire-accessories-hardware,,,,,,,,,Spire 100 Tall Rubber Mount (Green),,,,,,,,100TR-G,0.0,,0,continue,manual,218.00,,true,true,,,,,,,,,,,,,,,,,,,,,,,,,,,,,,,,lb,,,
spire-accessories-hardware,,,,,,,,,Spire 100 Tall Rubber Mount (Red),,,,,,,,100TR-R,0.0,,0,continue,manual,218.00,,true,true,,,,,,,,,,,,,,,,,,,,,,,,,,,,,,,,lb,,,
spire-accessories-hardware,,,,,,,,,Spire 100 Tall Rubber Mount (White),,,,,,,,100TR-W,0.0,,0,continue,manual,218.00,,true,true,,,,,,,,,,,,,,,,,,,,,,,,,,,,,,,,lb,,,
spire-200-plus-short-led-beacon,Spire® 200 Plus Short LED Beacon,"<h1>Federal Signal Spire® 200 Plus — Short LED Beacon</h1><p>The Spire® 200 Plus Short delivers the enhanced dual-color capability of the Spire 200 platform in the 4.7-inch low-profile housing — combining Federal Signal's advanced beacon optical performance with a compact form factor for vehicles where height clearance, aerodynamics, or mounting position require a shorter beacon profile.</p><h2>Why fleets choose the Spire 200 Plus Short</h2><ul>
<li>
<strong>Low-profile 4.7"" housing</strong> → full Spire 200 dual-color capability in the shorter dome for clearance-sensitive mounting positions</li>
<li>
<strong>Dual-color LED configurations</strong> → Amber/White, Red/White, Blue/Amber, and other combinations — one beacon covers multiple operational requirements</li>
<li>25 flash patterns via Power Select™</li>
<li>
<strong>360-degree output</strong> → Federal Signal's patented optical design maintains full all-around warning performance in the short dome</li>
<li>IP69K rated, SAE J845 Class 1 certified</li>
<li>Multiple mounting options</li>
</ul><h2>Technical Specs</h2><table><tbody>
<tr>
<td>Height</td>
<td>4.7 in (short dome)</td>
</tr>
<tr>
<td>Flash Patterns</td>
<td>25</td>
</tr>
<tr>
<td>Colors</td>
<td>Single and dual-color</td>
</tr>
<tr>
<td>Input Voltage</td>
<td>12 VDC</td>
</tr>
<tr>
<td>Certifications</td>
<td>SAE J845 Class 1, IP69K</td>
</tr>
<tr>
<td>Warranty</td>
<td>Federal Signal standard warranty</td>
</tr>
</tbody></table><p><em>Contact us or log into your department account to confirm color and mounting configuration.</em></p><h2>Ordering from TFR Supply</h2><p>TFR Supply is an authorized Federal Signal dealer serving Texas law enforcement, fire, and EMS agencies. Every order ships direct to your location — no middleman, no inventory delays. Government and department accounts receive tax-exempt checkout and agency pricing. Need installation? Our sister company <a href=""https://www.tx1rs.com"">Texas First Response Services</a> provides professional upfit services across Texas. Create a department account or reach out directly to get started.</p>",Federal Signal,Vehicles & Parts > Vehicle Parts & Accessories > Motor Vehicle Parts > Motor Vehicle Lighting,Emergency Vehicle Warning Lights,"Application_Fire EMS, Application_Work Truck, Beacon, Brand_Federal Signal, Category_Beacon, Category_Emergency Vehicle Equipment, Federal Signal, Fire EMS, Law Enforcement, Spire, Use_Fleet Upfitting, Use_Law Enforcement, Use_Public Safety, Work Truck",false,Mounting,1-inch Pipe,,Color,Amber,,,,,200SC-A,0.0,,0,continue,manual,290.00,,true,true,,,,,,,,,false,Spire® 200 Plus Short LED Beacon | Texas First Response Supply,"Shop professional-grade Spire® 200 Plus Short LED Beacon at Texas First Response Supply. Heavy-duty construction, OEM compatibility, and fast shipping. Order today!",3318,,,200SC-A,new,FALSE,,,,,,"Shop professional-grade Spire® 200 Plus Short LED Beacon at Texas First Response Supply. Heavy-duty construction, OEM compatibility, and fast shipping. Order today!",Spire® 200 Plus Short LED Beacon | Texas First Response Supply,new,FALSE,3318,,,,,lb,,,draft
spire-200-plus-short-led-beacon,,,,,,,,,1-inch Pipe,,,Blue,,,,,200SC-B,0.0,,0,continue,manual,290.00,,true,true,,,,,,,,,,,,,,,,,,,,,,,,,,,,,,,,lb,,,
spire-200-plus-short-led-beacon,,,,,,,,,1-inch Pipe,,,Green,,,,,200SC-G,0.0,,0,continue,manual,290.00,,true,true,,,,,,,,,,,,,,,,,,,,,,,,,,,,,,,,lb,,,
spire-200-plus-short-led-beacon,,,,,,,,,1-inch Pipe,,,Red,,,,,200SC-R,0.0,,0,continue,manual,290.00,,true,true,,,,,,,,,,,,,,,,,,,,,,,,,,,,,,,,lb,,,
spire-200-plus-short-led-beacon,,,,,,,,,1-inch Pipe,,,White,,,,,200SC-W,0.0,,0,continue,manual,290.00,,true,true,,,,,,,,,,,,,,,,,,,,,,,,,,,,,,,,lb,,,
spire-200-plus-short-led-beacon,,,,,,,,,Die-cast Flange,,,Amber,,,,,200SD-A,0.0,,0,continue,manual,318.00,,true,true,,,,,,,,,,,,,,,,,,,,,,,,,,,,,,,,lb,,,
spire-200-plus-short-led-beacon,,,,,,,,,Die-cast Flange,,,Blue,,,,,200SD-B,0.0,,0,continue,manual,318.00,,true,true,,,,,,,,,,,,,,,,,,,,,,,,,,,,,,,,lb,,,
spire-200-plus-short-led-beacon,,,,,,,,,Die-cast Flange,,,Green,,,,,200SD-G,0.0,,0,continue,manual,318.00,,true,true,,,,,,,,,,,,,,,,,,,,,,,,,,,,,,,,lb,,,
spire-200-plus-short-led-beacon,,,,,,,,,Die-cast Flange,,,Red,,,,,200SD-R,0.0,,0,continue,manual,318.00,,true,true,,,,,,,,,,,,,,,,,,,,,,,,,,,,,,,,lb,,,
spire-200-plus-short-led-beacon,,,,,,,,,Die-cast Flange,,,White,,,,,200SD-W,0.0,,0,continue,manual,318.00,,true,true,,,,,,,,,,,,,,,,,,,,,,,,,,,,,,,,lb,,,
spire-200-plus-short-led-beacon,,,,,,,,,Die-cast Flange (Clear Dome),,,Amber,,,,,200SDDC-A,0.0,,0,continue,manual,361.00,,true,true,,,,,,,,,,,,,,,,,,,,,,,,,,,,,,,,lb,,,
spire-200-plus-short-led-beacon,,,,,,,,,Die-cast Flange (U),,,Amber,,,,,200SDU-A,0.0,,0,continue,manual,394.00,,true,true,,,,,,,,,,,,,,,,,,,,,,,,,,,,,,,,lb,,,
spire-200-plus-short-led-beacon,,,,,,,,,Magnetic Mount,,,Amber,,,,,200SM-A,0.0,,0,continue,manual,318.00,,true,true,,,,,,,,,,,,,,,,,,,,,,,,,,,,,,,,lb,,,
spire-200-plus-short-led-beacon,,,,,,,,,Magnetic Mount,,,Blue,,,,,200SM-B,0.0,,0,continue,manual,318.00,,true,true,,,,,,,,,,,,,,,,,,,,,,,,,,,,,,,,lb,,,
spire-200-plus-short-led-beacon,,,,,,,,,Magnetic Mount,,,Green,,,,,200SM-G,0.0,,0,continue,manual,318.00,,true,true,,,,,,,,,,,,,,,,,,,,,,,,,,,,,,,,lb,,,
spire-200-plus-short-led-beacon,,,,,,,,,Magnetic Mount,,,Red,,,,,200SM-R,0.0,,0,continue,manual,318.00,,true,true,,,,,,,,,,,,,,,,,,,,,,,,,,,,,,,,lb,,,
spire-200-plus-short-led-beacon,,,,,,,,,Magnetic Mount,,,White,,,,,200SM-W,0.0,,0,continue,manual,318.00,,true,true,,,,,,,,,,,,,,,,,,,,,,,,,,,,,,,,lb,,,
spire-200-plus-short-led-beacon,,,,,,,,,Polycarbonate Flange,,,Amber,,,,,200SP-A,0.0,,0,continue,manual,301.00,,true,true,,,,,,,,,,,,,,,,,,,,,,,,,,,,,,,,lb,,,
spire-200-plus-short-led-beacon,,,,,,,,,Polycarbonate Flange,,,Blue,,,,,200SP-B,0.0,,0,continue,manual,301.00,,true,true,,,,,,,,,,,,,,,,,,,,,,,,,,,,,,,,lb,,,
spire-200-plus-short-led-beacon,,,,,,,,,Polycarbonate Flange,,,Green,,,,,200SP-G,0.0,,0,continue,manual,301.00,,true,true,,,,,,,,,,,,,,,,,,,,,,,,,,,,,,,,lb,,,
spire-200-plus-short-led-beacon,,,,,,,,,Polycarbonate Flange,,,Red,,,,,200SP-R,0.0,,0,continue,manual,301.00,,true,true,,,,,,,,,,,,,,,,,,,,,,,,,,,,,,,,lb,,,
spire-200-plus-short-led-beacon,,,,,,,,,Polycarbonate Flange,,,White,,,,,200SP-W,0.0,,0,continue,manual,301.00,,true,true,,,,,,,,,,,,,,,,,,,,,,,,,,,,,,,,lb,,,
spire-200-plus-short-led-beacon,,,,,,,,,Mag/Suction Mount,,,Amber,,,,,200SS-A,0.0,,0,continue,manual,334.00,,true,true,,,,,,,,,,,,,,,,,,,,,,,,,,,,,,,,lb,,,
spire-200-plus-short-led-beacon,,,,,,,,,Mag/Suction Mount,,,Blue,,,,,200SS-B,0.0,,0,continue,manual,334.00,,true,true,,,,,,,,,,,,,,,,,,,,,,,,,,,,,,,,lb,,,
spire-200-plus-short-led-beacon,,,,,,,,,Mag/Suction Mount,,,Green,,,,,200SS-G,0.0,,0,continue,manual,334.00,,true,true,,,,,,,,,,,,,,,,,,,,,,,,,,,,,,,,lb,,,
spire-200-plus-short-led-beacon,,,,,,,,,Mag/Suction Mount,,,Red,,,,,200SS-R,0.0,,0,continue,manual,334.00,,true,true,,,,,,,,,,,,,,,,,,,,,,,,,,,,,,,,lb,,,
spire-200-plus-short-led-beacon,,,,,,,,,Mag/Suction Mount,,,White,,,,,200SS-W,0.0,,0,continue,manual,334.00,,true,true,,,,,,,,,,,,,,,,,,,,,,,,,,,,,,,,lb,,,
spire-100-standard-tall-led-beacon,Spire® 100 Standard Tall LED Beacon,"<h1>Federal Signal Spire® 100 — Standard Tall LED Beacon</h1><p>The Spire® 100 Standard Tall LED beacon delivers 360-degree warning light through Federal Signal's patented optical design in a full-height 6.2-inch housing — the right choice when maximum height and light output take priority over profile on work trucks, tow trucks, utility vehicles, and construction equipment.</p><h2>Why fleets choose the Spire 100 Standard Tall</h2><ul>
<li>
<strong>6.2"" tall housing</strong> → maximum beacon height in the Spire 100 family delivers the highest mounting position and greatest 360-degree visibility on truck beds, rails, and rooftops</li>
<li>
<strong>25 flash patterns</strong> → operator-selectable patterns via Federal Signal's patented Power Select™ feature without tools or programming software</li>
<li>
<strong>Single-color configurations</strong> → Amber, Blue, Red, Green, and White — select the color that meets your jurisdictional and operational requirements</li>
<li>
<strong>SAE J845 Class 1 certified</strong> → Amber, Blue, Red, and White models meet Class 1 warning standards</li>
<li>
<strong>IP69K rated</strong> → withstands direct rain, pressure wash-down, and dust ingress for full-lifecycle outdoor mounting</li>
<li>
<strong>Stainless steel branch guards available</strong> → optional protection from branches and overhead obstructions</li>
<li>
<strong>Multiple mounting options</strong> → permanent pipe mount, suction cup, and magnet mount configurations</li>
</ul><h2>Technical Specs</h2><table><tbody>
<tr>
<td>Height</td>
<td>6.2 in (tall dome)</td>
</tr>
<tr>
<td>Base Diameter</td>
<td>5.2 in</td>
</tr>
<tr>
<td>Flash Patterns</td>
<td>25</td>
</tr>
<tr>
<td>Colors</td>
<td>Amber, Blue, Green, Red, White</td>
</tr>
<tr>
<td>Input Voltage</td>
<td>12 VDC</td>
</tr>
<tr>
<td>Certifications</td>
<td>SAE J845 Class 1 (Amber/Blue/Red/White), IP69K</td>
</tr>
<tr>
<td>Warranty</td>
<td>Federal Signal standard warranty</td>
</tr>
</tbody></table><p><em>Contact us or log into your department account to confirm color and mounting configuration.</em></p><h2>Ordering from TFR Supply</h2><p>TFR Supply is an authorized Federal Signal dealer serving Texas law enforcement, fire, and EMS agencies. Every order ships direct to your location — no middleman, no inventory delays. Government and department accounts receive tax-exempt checkout and agency pricing. Need installation? Our sister company <a href=""https://www.tx1rs.com"">Texas First Response Services</a> provides professional upfit services across Texas. Create a department account or reach out directly to get started.</p>",Federal Signal,Vehicles & Parts > Vehicle Parts & Accessories > Motor Vehicle Parts > Motor Vehicle Lighting,Emergency Vehicle Warning Lights,"Application_Fire EMS, Application_Work Truck, Beacon, Brand_Federal Signal, Category_Beacon, Category_Emergency Vehicle Equipment, Federal Signal, Fire EMS, Law Enforcement, Spire, Use_Fleet Upfitting, Use_Law Enforcement, Use_Public Safety, Work Truck",false,Mounting,1-inch Pipe,,Color,Amber,,,,,100TC-A,0.0,,0,continue,manual,173.00,,true,true,,,,,,,,,false,Spire® 100 Standard Tall LED Beacon | Texas First Response Supply,"Shop professional-grade Spire® 100 Standard Tall LED Beacon at Texas First Response Supply. Heavy-duty construction, OEM compatibility, and fast shipping. Order today!",3318,,,100TC-A,new,FALSE,,,,,,"Shop professional-grade Spire® 100 Standard Tall LED Beacon at Texas First Response Supply. Heavy-duty construction, OEM compatibility, and fast shipping. Order today!",Spire® 100 Standard Tall LED Beacon | Texas First Response Supply,new,FALSE,3318,,,,,lb,,,draft
spire-100-standard-tall-led-beacon,,,,,,,,,1-inch Pipe,,,Blue,,,,,100TC-B,0.0,,0,continue,manual,173.00,,true,true,,,,,,,,,,,,,,,,,,,,,,,,,,,,,,,,lb,,,
spire-100-standard-tall-led-beacon,,,,,,,,,1-inch Pipe,,,Green,,,,,100TC-G,0.0,,0,continue,manual,173.00,,true,true,,,,,,,,,,,,,,,,,,,,,,,,,,,,,,,,lb,,,
spire-100-standard-tall-led-beacon,,,,,,,,,1-inch Pipe,,,Red,,,,,100TC-R,0.0,,0,continue,manual,173.00,,true,true,,,,,,,,,,,,,,,,,,,,,,,,,,,,,,,,lb,,,
spire-100-standard-tall-led-beacon,,,,,,,,,1-inch Pipe,,,White,,,,,100TC-W,0.0,,0,continue,manual,173.00,,true,true,,,,,,,,,,,,,,,,,,,,,,,,,,,,,,,,lb,,,
spire-100-standard-tall-led-beacon,,,,,,,,,Die-cast Flange,,,Amber,,,,,100TD-A,0.0,,0,continue,manual,203.00,,true,true,,,,,,,,,,,,,,,,,,,,,,,,,,,,,,,,lb,,,
spire-100-standard-tall-led-beacon,,,,,,,,,Die-cast Flange,,,Blue,,,,,100TD-B,0.0,,0,continue,manual,203.00,,true,true,,,,,,,,,,,,,,,,,,,,,,,,,,,,,,,,lb,,,
spire-100-standard-tall-led-beacon,,,,,,,,,Die-cast Flange,,,Green,,,,,100TD-G,0.0,,0,continue,manual,203.00,,true,true,,,,,,,,,,,,,,,,,,,,,,,,,,,,,,,,lb,,,
spire-100-standard-tall-led-beacon,,,,,,,,,Die-cast Flange,,,Red,,,,,100TD-R,0.0,,0,continue,manual,203.00,,true,true,,,,,,,,,,,,,,,,,,,,,,,,,,,,,,,,lb,,,
spire-100-standard-tall-led-beacon,,,,,,,,,Die-cast Flange,,,White,,,,,100TD-W,0.0,,0,continue,manual,203.00,,true,true,,,,,,,,,,,,,,,,,,,,,,,,,,,,,,,,lb,,,
spire-100-standard-tall-led-beacon,,,,,,,,,Die-cast Flange (Clear Dome),,,Amber,,,,,100TDDC-A,0.0,,0,continue,manual,246.00,,true,true,,,,,,,,,,,,,,,,,,,,,,,,,,,,,,,,lb,,,
spire-100-standard-tall-led-beacon,,,,,,,,,Magnetic Mount,,,Amber,,,,,100TM-A,0.0,,0,continue,manual,203.00,,true,true,,,,,,,,,,,,,,,,,,,,,,,,,,,,,,,,lb,,,
spire-100-standard-tall-led-beacon,,,,,,,,,Magnetic Mount,,,Blue,,,,,100TM-B,0.0,,0,continue,manual,203.00,,true,true,,,,,,,,,,,,,,,,,,,,,,,,,,,,,,,,lb,,,
spire-100-standard-tall-led-beacon,,,,,,,,,Magnetic Mount,,,Green,,,,,100TM-G,0.0,,0,continue,manual,203.00,,true,true,,,,,,,,,,,,,,,,,,,,,,,,,,,,,,,,lb,,,
spire-100-standard-tall-led-beacon,,,,,,,,,Magnetic Mount,,,Red,,,,,100TM-R,0.0,,0,continue,manual,203.00,,true,true,,,,,,,,,,,,,,,,,,,,,,,,,,,,,,,,lb,,,
spire-100-standard-tall-led-beacon,,,,,,,,,Magnetic Mount,,,White,,,,,100TM-W,0.0,,0,continue,manual,203.00,,true,true,,,,,,,,,,,,,,,,,,,,,,,,,,,,,,,,lb,,,
spire-100-standard-tall-led-beacon,,,,,,,,,Polycarbonate Flange,,,Amber,,,,,100TP-A,0.0,,0,continue,manual,190.00,,true,true,,,,,,,,,,,,,,,,,,,,,,,,,,,,,,,,lb,,,
spire-100-standard-tall-led-beacon,,,,,,,,,Polycarbonate Flange,,,Blue,,,,,100TP-B,0.0,,0,continue,manual,190.00,,true,true,,,,,,,,,,,,,,,,,,,,,,,,,,,,,,,,lb,,,
spire-100-standard-tall-led-beacon,,,,,,,,,Polycarbonate Flange,,,Green,,,,,100TP-G,0.0,,0,continue,manual,190.00,,true,true,,,,,,,,,,,,,,,,,,,,,,,,,,,,,,,,lb,,,
spire-100-standard-tall-led-beacon,,,,,,,,,Polycarbonate Flange,,,Red,,,,,100TP-R,0.0,,0,continue,manual,190.00,,true,true,,,,,,,,,,,,,,,,,,,,,,,,,,,,,,,,lb,,,
spire-100-standard-tall-led-beacon,,,,,,,,,Polycarbonate Flange,,,White,,,,,100TP-W,0.0,,0,continue,manual,190.00,,true,true,,,,,,,,,,,,,,,,,,,,,,,,,,,,,,,,lb,,,
spire-100-standard-tall-led-beacon,,,,,,,,,Mag/Suction Mount,,,Amber,,,,,100TS-A,0.0,,0,continue,manual,218.00,,true,true,,,,,,,,,,,,,,,,,,,,,,,,,,,,,,,,lb,,,
spire-100-standard-tall-led-beacon,,,,,,,,,Mag/Suction Mount,,,Blue,,,,,100TS-B,0.0,,0,continue,manual,218.00,,true,true,,,,,,,,,,,,,,,,,,,,,,,,,,,,,,,,lb,,,
spire-100-standard-tall-led-beacon,,,,,,,,,Mag/Suction Mount,,,Green,,,,,100TS-G,0.0,,0,continue,manual,218.00,,true,true,,,,,,,,,,,,,,,,,,,,,,,,,,,,,,,,lb,,,
spire-100-standard-tall-led-beacon,,,,,,,,,Mag/Suction Mount,,,Red,,,,,100TS-R,0.0,,0,continue,manual,218.00,,true,true,,,,,,,,,,,,,,,,,,,,,,,,,,,,,,,,lb,,,
spire-100-standard-tall-led-beacon,,,,,,,,,Mag/Suction Mount,,,White,,,,,100TS-W,0.0,,0,continue,manual,218.00,,true,true,,,,,,,,,,,,,,,,,,,,,,,,,,,,,,,,lb,,,
spire-100-standard-tall-led-beacon,,,,,,,,,Rubber Mount,,,Amber,,,,,100SR-A,0.0,,0,continue,manual,218.00,,true,true,,,,,,,,,,,,,,,,,,,,,,,,,,,,,,,,lb,,,
spire-100-standard-tall-led-beacon,,,,,,,,,Rubber Mount,,,Blue,,,,,100SR-B,0.0,,0,continue,manual,218.00,,true,true,,,,,,,,,,,,,,,,,,,,,,,,,,,,,,,,lb,,,
spire-100-standard-tall-led-beacon,,,,,,,,,Rubber Mount,,,Green,,,,,100SR-G,0.0,,0,continue,manual,218.00,,true,true,,,,,,,,,,,,,,,,,,,,,,,,,,,,,,,,lb,,,
spire-100-standard-tall-led-beacon,,,,,,,,,Rubber Mount,,,Red,,,,,100SR-R,0.0,,0,continue,manual,218.00,,true,true,,,,,,,,,,,,,,,,,,,,,,,,,,,,,,,,lb,,,
spire-100-standard-tall-led-beacon,,,,,,,,,Rubber Mount,,,White,,,,,100SR-W,0.0,,0,continue,manual,218.00,,true,true,,,,,,,,,,,,,,,,,,,,,,,,,,,,,,,,lb,,,
beacon-mounting-bars,Beacon Mounting Bars,"<h1>Federal Signal Beacon Mounting Bars</h1><p>Federal Signal beacon mounting bars provide the structural rail and cross-bar systems for multi-beacon installations on work truck beds, utility truck bodies, and emergency apparatus rooftops — giving fleets the ability to mount multiple Spire or QuadraFlare beacons in a unified, professional installation that maximizes 360-degree warning coverage from a single mounting structure.</p><h2>Why fleets choose Beacon Mounting Bars</h2><ul>
<li>
<strong>Multi-beacon support</strong> → mounting bars support two or more beacons in a single unified structure, eliminating the need for individual mounting bases at each position</li>
<li>
<strong>Work truck and apparatus applications</strong> → designed for the flat or slightly curved roofline of utility trucks, service bodies, and apparatus where single-post mounts don't provide adequate coverage</li>
<li>
<strong>Steel construction</strong> → heavy-gauge steel rated for the structural loads of multiple beacons at highway speeds and over rough terrain</li>
<li>
<strong>Corrosion-resistant finish</strong> → powder-coated or galvanized finish for long-term durability in outdoor mounting environments</li>
<li>
<strong>Compatible with Spire and QuadraFlare beacons</strong> → mounting points sized for Federal Signal beacon bases across the major beacon product families</li>
</ul><h2>Technical Specs</h2><table><tbody>
<tr>
<td>Compatible With</td>
<td>Spire® 100, 200, 220 series and QuadraFlare® beacons</td>
</tr>
<tr>
<td>Warranty</td>
<td>Federal Signal limited warranty</td>
</tr>
</tbody></table><p><em>Contact us or log into your department account to confirm the right mounting bar for your beacon count and vehicle platform.</em></p><h2>Ordering from TFR Supply</h2><p>TFR Supply is an authorized Federal Signal dealer serving Texas law enforcement, fire, and EMS agencies. Every order ships direct to your location — no middleman, no inventory delays. Government and department accounts receive tax-exempt checkout and agency pricing. Need installation? Our sister company <a href=""https://www.tx1rs.com"">Texas First Response Services</a> provides professional upfit services across Texas. Create a department account or reach out directly to get started.</p>",Federal Signal,Vehicles & Parts > Vehicle Parts & Accessories > Motor Vehicle Parts > Motor Vehicle Lighting,Vehicle Lighting Accessories,"Application_Work Truck, Beacon Mount, Brand_Federal Signal, Category_Emergency Vehicle Equipment, Category_Hardware, Federal Signal, Hardware, Product_Mounting Kit, Use_Fleet Upfitting, Use_Law Enforcement, Use_Public Safety, Work Truck",false,Length,46-inch,,,,,,,,210960-46,0.0,,0,continue,manual,228.00,,true,true,,,,,,,,,false,Beacon Mounting Bars | Texas First Response Supply,"Shop professional-grade Beacon Mounting Bars at Texas First Response Supply. Heavy-duty construction, OEM compatibility, and fast shipping. Order today!",3318,,,210960-46,new,FALSE,,,,,,"Shop professional-grade Beacon Mounting Bars at Texas First Response Supply. Heavy-duty construction, OEM compatibility, and fast shipping. Order today!",Beacon Mounting Bars | Texas First Response Supply,new,FALSE,3318,,,,,lb,,,draft
beacon-mounting-bars,,,,,,,,,54-inch,,,,,,,,210960-54,0.0,,0,continue,manual,250.00,,true,true,,,,,,,,,,,,,,,,,,,,,,,,,,,,,,,,lb,,,
beacon-mounting-bars,,,,,,,,,65-inch,,,,,,,,210960-65,0.0,,0,continue,manual,294.00,,true,true,,,,,,,,,,,,,,,,,,,,,,,,,,,,,,,,lb,,,
beacon-mounting-bars,,,,,,,,,Mounting Plate,,,,,,,,210961SSG,0.0,,0,continue,manual,92.00,,true,true,,,,,,,,,,,,,,,,,,,,,,,,,,,,,,,,lb,,,
beacon-mounting-bars,,,,,,,,,Endcap Kit,,,,,,,,210962SSG,0.0,,0,continue,manual,45.00,,true,true,,,,,,,,,,,,,,,,,,,,,,,,,,,,,,,,lb,,,
beacon-mounting-bars,,,,,,,,,3/4-inch Pipe/Flush Bottom,,,,,,,,210924SSG,0.0,,0,continue,manual,81.00,,true,true,,,,,,,,,,,,,,,,,,,,,,,,,,,,,,,,lb,,,
spire-220-plus-tall-led-beacon,Spire® 220 Plus Tall LED Beacon,"<h1>Federal Signal Spire® 220 Plus — Tall LED Beacon</h1><p>The Spire® 220 Plus Tall is Federal Signal's highest-output beacon in the Spire family — delivering enhanced LED intensity and advanced multi-color configurations in the 6.2-inch tall housing for the most demanding warning applications on heavy apparatus, tow trucks, and high-priority utility vehicles.</p><h2>Why fleets choose the Spire 220 Plus Tall</h2><ul>
<li>
<strong>Highest output in the Spire family</strong> → enhanced LED intensity beyond the Spire 200 series for maximum 360-degree warning at the distances required by heavy apparatus and high-speed highway operations</li>
<li>
<strong>Advanced multi-color configurations</strong> → expanded color combination options covering the most demanding multi-agency and multi-function fleet requirements</li>
<li>
<strong>6.2"" tall housing</strong> → maximum beacon height for greatest visibility</li>
<li>25 flash patterns via Power Select™</li>
<li>
<strong>IP69K rated</strong> → pressure wash-down rated for apparatus and work truck environments</li>
<li>SAE J845 Class 1 certified</li>
<li>Stainless steel branch guards available</li>
</ul><h2>Technical Specs</h2><table><tbody>
<tr>
<td>Height</td>
<td>6.2 in (tall dome)</td>
</tr>
<tr>
<td>Flash Patterns</td>
<td>25</td>
</tr>
<tr>
<td>Colors</td>
<td>Single, dual, and multi-color</td>
</tr>
<tr>
<td>Input Voltage</td>
<td>12 VDC</td>
</tr>
<tr>
<td>Certifications</td>
<td>SAE J845 Class 1, IP69K</td>
</tr>
<tr>
<td>Warranty</td>
<td>Federal Signal standard warranty</td>
</tr>
</tbody></table><p><em>Contact us or log into your department account to confirm color and mounting configuration.</em></p><h2>Ordering from TFR Supply</h2><p>TFR Supply is an authorized Federal Signal dealer serving Texas law enforcement, fire, and EMS agencies. Every order ships direct to your location — no middleman, no inventory delays. Government and department accounts receive tax-exempt checkout and agency pricing. Need installation? Our sister company <a href=""https://www.tx1rs.com"">Texas First Response Services</a> provides professional upfit services across Texas. Create a department account or reach out directly to get started.</p>",Federal Signal,Vehicles & Parts > Vehicle Parts & Accessories > Motor Vehicle Parts > Motor Vehicle Lighting,Emergency Vehicle Warning Lights,"Application_Fire EMS, Application_Work Truck, Beacon, Brand_Federal Signal, Category_Beacon, Category_Emergency Vehicle Equipment, Federal Signal, Fire EMS, Law Enforcement, Spire, Use_Fleet Upfitting, Use_Law Enforcement, Use_Public Safety, Work Truck",false,Mounting,1-inch Pipe,,Color,Amber/Blue,,,,,220TC-AB,0.0,,0,continue,manual,312.00,,true,true,,,,,,https://cdn.shopify.com/s/files/1/0725/9330/9807/files/220TS-AW.jpg?v=1781074481,1,Spire® 220 Plus Tall LED Beacon - 220TS-AW - Federal Signal emergency vehicle equipment,false,Spire® 220 Plus Tall LED Beacon | Texas First Response Supply,"Shop professional-grade Spire® 220 Plus Tall LED Beacon at Texas First Response Supply. Heavy-duty construction, OEM compatibility, and fast shipping. Order today!",3318,,,220TC-AB,new,FALSE,,,,,,"Shop professional-grade Spire® 220 Plus Tall LED Beacon at Texas First Response Supply. Heavy-duty construction, OEM compatibility, and fast shipping. Order today!",Spire® 220 Plus Tall LED Beacon | Texas First Response Supply,new,FALSE,3318,,,,,lb,,,draft
spire-220-plus-tall-led-beacon,,,,,,,,,1-inch Pipe,,,Amber/Green,,,,,220TC-AG,0.0,,0,continue,manual,312.00,,true,true,,,,,,,,,,,,,,,,,,,,,,,,,,,,,,,,lb,,,
spire-220-plus-tall-led-beacon,,,,,,,,,1-inch Pipe,,,Amber/Red,,,,,220TC-AR,0.0,,0,continue,manual,312.00,,true,true,,,,,,,,,,,,,,,,,,,,,,,,,,,,,,,,lb,,,
spire-220-plus-tall-led-beacon,,,,,,,,,1-inch Pipe,,,Amber/White,,,,,220TC-AW,0.0,,0,continue,manual,312.00,,true,true,,,,,,,,,,,,,,,,,,,,,,,,,,,,,,,,lb,,,
spire-220-plus-tall-led-beacon,,,,,,,,,Die-cast Flange,,,Amber/Blue,,,,,220TD-AB,0.0,,0,continue,manual,340.00,,true,true,,,,,,,,,,,,,,,,,,,,,,,,,,,,,,,,lb,,,
spire-220-plus-tall-led-beacon,,,,,,,,,Die-cast Flange,,,Amber/Green,,,,,220TD-AG,0.0,,0,continue,manual,340.00,,true,true,,,,,,,,,,,,,,,,,,,,,,,,,,,,,,,,lb,,,
spire-220-plus-tall-led-beacon,,,,,,,,,Die-cast Flange,,,Amber/Red,,,,,220TD-AR,0.0,,0,continue,manual,340.00,,true,true,,,,,,,,,,,,,,,,,,,,,,,,,,,,,,,,lb,,,
spire-220-plus-tall-led-beacon,,,,,,,,,Die-cast Flange,,,Amber/White,,,,,220TD-AW,0.0,,0,continue,manual,340.00,,true,true,,,,,,,,,,,,,,,,,,,,,,,,,,,,,,,,lb,,,
spire-220-plus-tall-led-beacon,,,,,,,,,Magnetic Mount,,,Amber/Blue,,,,,220TM-AB,0.0,,0,continue,manual,340.00,,true,true,,,,,,,,,,,,,,,,,,,,,,,,,,,,,,,,lb,,,
spire-220-plus-tall-led-beacon,,,,,,,,,Magnetic Mount,,,Amber/Green,,,,,220TM-AG,0.0,,0,continue,manual,340.00,,true,true,,,,,,,,,,,,,,,,,,,,,,,,,,,,,,,,lb,,,
spire-220-plus-tall-led-beacon,,,,,,,,,Magnetic Mount,,,Amber/Red,,,,,220TM-AR,0.0,,0,continue,manual,340.00,,true,true,,,,,,,,,,,,,,,,,,,,,,,,,,,,,,,,lb,,,
spire-220-plus-tall-led-beacon,,,,,,,,,Magnetic Mount,,,Amber/White,,,,,220TM-AW,0.0,,0,continue,manual,340.00,,true,true,,,,,,,,,,,,,,,,,,,,,,,,,,,,,,,,lb,,,
spire-220-plus-tall-led-beacon,,,,,,,,,Polycarbonate Flange,,,Amber/Blue,,,,,220TP-AB,0.0,,0,continue,manual,328.00,,true,true,,,,,,,,,,,,,,,,,,,,,,,,,,,,,,,,lb,,,
spire-220-plus-tall-led-beacon,,,,,,,,,Polycarbonate Flange,,,Amber/Green,,,,,220TP-AG,0.0,,0,continue,manual,328.00,,true,true,,,,,,,,,,,,,,,,,,,,,,,,,,,,,,,,lb,,,
spire-220-plus-tall-led-beacon,,,,,,,,,Polycarbonate Flange,,,Amber/Red,,,,,220TP-AR,0.0,,0,continue,manual,328.00,,true,true,,,,,,,,,,,,,,,,,,,,,,,,,,,,,,,,lb,,,
spire-220-plus-tall-led-beacon,,,,,,,,,Polycarbonate Flange,,,Amber/White,,,,,220TP-AW,0.0,,0,continue,manual,328.00,,true,true,,,,,,,,,,,,,,,,,,,,,,,,,,,,,,,,lb,,,
spire-220-plus-tall-led-beacon,,,,,,,,,Mag/Suction Mount,,,Amber/Blue,,,,,220TS-AB,0.0,,0,continue,manual,355.00,,true,true,,,,,,,,,,,,,,,,,,,,,,,,,,,,,,,,lb,,,
spire-220-plus-tall-led-beacon,,,,,,,,,Mag/Suction Mount,,,Amber/Green,,,,,220TS-AG,0.0,,0,continue,manual,355.00,,true,true,,,,,,,,,,,,,,,,,,,,,,,,,,,,,,,,lb,,,
spire-220-plus-tall-led-beacon,,,,,,,,,Mag/Suction Mount,,,Amber/Red,,,,,220TS-AR,0.0,,0,continue,manual,355.00,,true,true,,,,,,,,,,,,,,,,,,,,,,,,,,,,,,,,lb,,,
spire-220-plus-tall-led-beacon,,,,,,,,,Mag/Suction Mount,,,Amber/White,,,,,220TS-AW,0.0,,0,continue,manual,355.00,,true,true,,,,,,,,,,,,,,,,,,,,,,,,,,,,,,,,lb,,,
spire-220-plus-short-led-beacon,Spire® 220 Plus Short LED Beacon,"<h1>Federal Signal Spire® 220 Plus — Short LED Beacon</h1><p>The Spire® 220 Plus Short delivers the top-tier performance of the Spire 220 Plus platform in the compact 4.7-inch housing — maximum Spire output capability in a low-profile beacon for vehicles where height matters but warning performance cannot be compromised.</p><h2>Why fleets choose the Spire 220 Plus Short</h2><ul>
<li>
<strong>Top-tier Spire output in a short housing</strong> → the full performance capability of the Spire 220 Plus in the lowest-profile Spire dome configuration</li>
<li>
<strong>Advanced multi-color configurations</strong> → expanded color options for multi-agency and specialized fleet deployments</li>
<li>
<strong>4.7"" low-profile housing</strong> → clearance-friendly for vehicle types where the tall dome creates operational or aesthetic issues</li>
<li>25 flash patterns via Power Select™</li>
<li>IP69K rated, SAE J845 Class 1 certified</li>
</ul><h2>Technical Specs</h2><table><tbody>
<tr>
<td>Height</td>
<td>4.7 in (short dome)</td>
</tr>
<tr>
<td>Flash Patterns</td>
<td>25</td>
</tr>
<tr>
<td>Colors</td>
<td>Single, dual, and multi-color</td>
</tr>
<tr>
<td>Input Voltage</td>
<td>12 VDC</td>
</tr>
<tr>
<td>Certifications</td>
<td>SAE J845 Class 1, IP69K</td>
</tr>
<tr>
<td>Warranty</td>
<td>Federal Signal standard warranty</td>
</tr>
</tbody></table><p><em>Contact us or log into your department account to confirm color and mounting configuration.</em></p><h2>Ordering from TFR Supply</h2><p>TFR Supply is an authorized Federal Signal dealer serving Texas law enforcement, fire, and EMS agencies. Every order ships direct to your location — no middleman, no inventory delays. Government and department accounts receive tax-exempt checkout and agency pricing. Need installation? Our sister company <a href=""https://www.tx1rs.com"">Texas First Response Services</a> provides professional upfit services across Texas. Create a department account or reach out directly to get started.</p>",Federal Signal,Vehicles & Parts > Vehicle Parts & Accessories > Motor Vehicle Parts > Motor Vehicle Lighting,Emergency Vehicle Warning Lights,"Application_Fire EMS, Application_Work Truck, Beacon, Brand_Federal Signal, Category_Beacon, Category_Emergency Vehicle Equipment, Federal Signal, Fire EMS, Law Enforcement, Spire, Use_Fleet Upfitting, Use_Law Enforcement, Use_Public Safety, Work Truck",false,Mounting,1-inch Pipe,,Color,Amber/Blue,,,,,220SC-AB,0.0,,0,continue,manual,312.00,,true,true,,,,,,,,,false,Spire® 220 Plus Short LED Beacon | Texas First Response Supply,"Shop professional-grade Spire® 220 Plus Short LED Beacon at Texas First Response Supply. Heavy-duty construction, OEM compatibility, and fast shipping. Order today!",3318,,,220SC-AB,new,FALSE,,,,,,"Shop professional-grade Spire® 220 Plus Short LED Beacon at Texas First Response Supply. Heavy-duty construction, OEM compatibility, and fast shipping. Order today!",Spire® 220 Plus Short LED Beacon | Texas First Response Supply,new,FALSE,3318,,,,,lb,,,draft
spire-220-plus-short-led-beacon,,,,,,,,,1-inch Pipe,,,Amber/Green,,,,,220SC-AG,0.0,,0,continue,manual,312.00,,true,true,,,,,,,,,,,,,,,,,,,,,,,,,,,,,,,,lb,,,
spire-220-plus-short-led-beacon,,,,,,,,,1-inch Pipe,,,Amber/Red,,,,,220SC-AR,0.0,,0,continue,manual,312.00,,true,true,,,,,,,,,,,,,,,,,,,,,,,,,,,,,,,,lb,,,
spire-220-plus-short-led-beacon,,,,,,,,,1-inch Pipe,,,Amber/White,,,,,220SC-AW,0.0,,0,continue,manual,312.00,,true,true,,,,,,,,,,,,,,,,,,,,,,,,,,,,,,,,lb,,,
spire-220-plus-short-led-beacon,,,,,,,,,Die-cast Flange,,,Amber/Blue,,,,,220SD-AB,0.0,,0,continue,manual,340.00,,true,true,,,,,,,,,,,,,,,,,,,,,,,,,,,,,,,,lb,,,
spire-220-plus-short-led-beacon,,,,,,,,,Die-cast Flange,,,Amber/Green,,,,,220SD-AG,0.0,,0,continue,manual,340.00,,true,true,,,,,,,,,,,,,,,,,,,,,,,,,,,,,,,,lb,,,
spire-220-plus-short-led-beacon,,,,,,,,,Die-cast Flange,,,Amber/Red,,,,,220SD-AR,0.0,,0,continue,manual,340.00,,true,true,,,,,,,,,,,,,,,,,,,,,,,,,,,,,,,,lb,,,
spire-220-plus-short-led-beacon,,,,,,,,,Die-cast Flange,,,Amber/White,,,,,220SD-AW,0.0,,0,continue,manual,340.00,,true,true,,,,,,,,,,,,,,,,,,,,,,,,,,,,,,,,lb,,,
spire-220-plus-short-led-beacon,,,,,,,,,Magnetic Mount,,,Amber/Blue,,,,,220SM-AB,0.0,,0,continue,manual,340.00,,true,true,,,,,,,,,,,,,,,,,,,,,,,,,,,,,,,,lb,,,
spire-220-plus-short-led-beacon,,,,,,,,,Magnetic Mount,,,Amber/Green,,,,,220SM-AG,0.0,,0,continue,manual,340.00,,true,true,,,,,,,,,,,,,,,,,,,,,,,,,,,,,,,,lb,,,
spire-220-plus-short-led-beacon,,,,,,,,,Magnetic Mount,,,Amber/Red,,,,,220SM-AR,0.0,,0,continue,manual,340.00,,true,true,,,,,,,,,,,,,,,,,,,,,,,,,,,,,,,,lb,,,
spire-220-plus-short-led-beacon,,,,,,,,,Magnetic Mount,,,Amber/White,,,,,220SM-AW,0.0,,0,continue,manual,340.00,,true,true,,,,,,,,,,,,,,,,,,,,,,,,,,,,,,,,lb,,,
spire-220-plus-short-led-beacon,,,,,,,,,Polycarbonate Flange,,,Amber/Blue,,,,,220SP-AB,0.0,,0,continue,manual,328.00,,true,true,,,,,,,,,,,,,,,,,,,,,,,,,,,,,,,,lb,,,
spire-220-plus-short-led-beacon,,,,,,,,,Polycarbonate Flange,,,Amber/Green,,,,,220SP-AG,0.0,,0,continue,manual,328.00,,true,true,,,,,,,,,,,,,,,,,,,,,,,,,,,,,,,,lb,,,
spire-220-plus-short-led-beacon,,,,,,,,,Polycarbonate Flange,,,Amber/Red,,,,,220SP-AR,0.0,,0,continue,manual,328.00,,true,true,,,,,,,,,,,,,,,,,,,,,,,,,,,,,,,,lb,,,
spire-220-plus-short-led-beacon,,,,,,,,,Polycarbonate Flange,,,Amber/White,,,,,220SP-AW,0.0,,0,continue,manual,328.00,,true,true,,,,,,,,,,,,,,,,,,,,,,,,,,,,,,,,lb,,,
spire-220-plus-short-led-beacon,,,,,,,,,Mag/Suction Mount,,,Amber/Blue,,,,,220SS-AB,0.0,,0,continue,manual,355.00,,true,true,,,,,,,,,,,,,,,,,,,,,,,,,,,,,,,,lb,,,
spire-220-plus-short-led-beacon,,,,,,,,,Mag/Suction Mount,,,Amber/Green,,,,,220SS-AG,0.0,,0,continue,manual,355.00,,true,true,,,,,,,,,,,,,,,,,,,,,,,,,,,,,,,,lb,,,
spire-220-plus-short-led-beacon,,,,,,,,,Mag/Suction Mount,,,Amber/Red,,,,,220SS-AR,0.0,,0,continue,manual,355.00,,true,true,,,,,,,,,,,,,,,,,,,,,,,,,,,,,,,,lb,,,
spire-220-plus-short-led-beacon,,,,,,,,,Mag/Suction Mount,,,Amber/White,,,,,220SS-AW,0.0,,0,continue,manual,355.00,,true,true,,,,,,,,,,,,,,,,,,,,,,,,,,,,,,,,lb,,,
spire-200-standard-tall-led-beacon,Spire® 200 Standard Tall LED Beacon,"<h1>Federal Signal Spire® 200 — Standard Tall LED Beacon</h1><p>The Spire® 200 Standard Tall is the advanced-capability tier of the Federal Signal beacon family — adding dual-color LED configurations and enhanced optical performance to the Spire 100's proven platform in the full-height 6.2-inch housing. Dual-color models covering Amber/White, Red/White, and other combinations make the Spire 200 Tall the most versatile single-beacon warning solution for mixed-application fleet deployments.</p><h2>Why fleets choose the Spire 200 Standard Tall</h2><ul>
<li>
<strong>Dual-color LED capability</strong> → Spire 200 adds two-color LED configurations — Amber/White, Red/White, Blue/Amber, and other combinations cover multiple operational functions from a single beacon</li>
<li>
<strong>6.2"" tall housing</strong> → maximum beacon height for greatest 360-degree visibility on truck beds, rails, and rooftops</li>
<li>
<strong>25 flash patterns</strong> → Power Select™ operator selection without tools or software</li>
<li>
<strong>Enhanced optical performance</strong> → Spire 200 optical design provides additional lighting capabilities above the Spire 100</li>
<li>
<strong>IP69K rated</strong> → rated for pressure wash-down, rain, and dust ingress</li>
<li>SAE J845 Class 1 certified</li>
<li>Stainless steel branch guards available</li>
<li>
<strong>Multiple mounting options</strong> → permanent pipe mount, suction cup, and magnet mount</li>
</ul><h2>Technical Specs</h2><table><tbody>
<tr>
<td>Height</td>
<td>6.2 in (tall dome)</td>
</tr>
<tr>
<td>Base Diameter</td>
<td>5.2 in</td>
</tr>
<tr>
<td>Flash Patterns</td>
<td>25</td>
</tr>
<tr>
<td>Colors</td>
<td>Single and dual-color including Amber, Blue, Red, White</td>
</tr>
<tr>
<td>Input Voltage</td>
<td>12 VDC</td>
</tr>
<tr>
<td>Certifications</td>
<td>SAE J845 Class 1, IP69K</td>
</tr>
<tr>
<td>Warranty</td>
<td>Federal Signal standard warranty</td>
</tr>
</tbody></table><p><em>Contact us or log into your department account to confirm color configuration and mounting option.</em></p><h2>Ordering from TFR Supply</h2><p>TFR Supply is an authorized Federal Signal dealer serving Texas law enforcement, fire, and EMS agencies. Every order ships direct to your location — no middleman, no inventory delays. Government and department accounts receive tax-exempt checkout and agency pricing. Need installation? Our sister company <a href=""https://www.tx1rs.com"">Texas First Response Services</a> provides professional upfit services across Texas. Create a department account or reach out directly to get started.</p>",Federal Signal,Vehicles & Parts > Vehicle Parts & Accessories > Motor Vehicle Parts > Motor Vehicle Lighting,Emergency Vehicle Warning Lights,"Application_Fire EMS, Application_Work Truck, Beacon, Brand_Federal Signal, Category_Beacon, Category_Emergency Vehicle Equipment, Federal Signal, Fire EMS, Law Enforcement, Spire, Use_Fleet Upfitting, Use_Law Enforcement, Use_Public Safety, Work Truck",false,Mounting,1-inch Pipe,,Color,Amber,,,,,200TC-A,0.0,,0,continue,manual,290.00,,true,true,,,,,,,,,false,Spire® 200 Standard Tall LED Beacon | Texas First Response Supply,"Shop professional-grade Spire® 200 Standard Tall LED Beacon at Texas First Response Supply. Heavy-duty construction, OEM compatibility, and fast shipping. Order today!",3318,,,200TC-A,new,FALSE,,,,,,"Shop professional-grade Spire® 200 Standard Tall LED Beacon at Texas First Response Supply. Heavy-duty construction, OEM compatibility, and fast shipping. Order today!",Spire® 200 Standard Tall LED Beacon | Texas First Response Supply,new,FALSE,3318,,,,,lb,,,draft
spire-200-standard-tall-led-beacon,,,,,,,,,1-inch Pipe,,,Blue,,,,,200TC-B,0.0,,0,continue,manual,290.00,,true,true,,,,,,,,,,,,,,,,,,,,,,,,,,,,,,,,lb,,,
spire-200-standard-tall-led-beacon,,,,,,,,,1-inch Pipe,,,Green,,,,,200TC-G,0.0,,0,continue,manual,290.00,,true,true,,,,,,,,,,,,,,,,,,,,,,,,,,,,,,,,lb,,,
spire-200-standard-tall-led-beacon,,,,,,,,,1-inch Pipe,,,Red,,,,,200TC-R,0.0,,0,continue,manual,290.00,,true,true,,,,,,,,,,,,,,,,,,,,,,,,,,,,,,,,lb,,,
spire-200-standard-tall-led-beacon,,,,,,,,,1-inch Pipe,,,White,,,,,200TC-W,0.0,,0,continue,manual,290.00,,true,true,,,,,,,,,,,,,,,,,,,,,,,,,,,,,,,,lb,,,
spire-200-standard-tall-led-beacon,,,,,,,,,Die-cast Flange,,,Amber,,,,,200TD-A,0.0,,0,continue,manual,318.00,,true,true,,,,,,,,,,,,,,,,,,,,,,,,,,,,,,,,lb,,,
spire-200-standard-tall-led-beacon,,,,,,,,,Die-cast Flange,,,Blue,,,,,200TD-B,0.0,,0,continue,manual,318.00,,true,true,,,,,,,,,,,,,,,,,,,,,,,,,,,,,,,,lb,,,
spire-200-standard-tall-led-beacon,,,,,,,,,Die-cast Flange,,,Green,,,,,200TD-G,0.0,,0,continue,manual,318.00,,true,true,,,,,,,,,,,,,,,,,,,,,,,,,,,,,,,,lb,,,
spire-200-standard-tall-led-beacon,,,,,,,,,Die-cast Flange,,,Red,,,,,200TD-R,0.0,,0,continue,manual,318.00,,true,true,,,,,,,,,,,,,,,,,,,,,,,,,,,,,,,,lb,,,
spire-200-standard-tall-led-beacon,,,,,,,,,Die-cast Flange,,,White,,,,,200TD-W,0.0,,0,continue,manual,318.00,,true,true,,,,,,,,,,,,,,,,,,,,,,,,,,,,,,,,lb,,,
spire-200-standard-tall-led-beacon,,,,,,,,,Die-cast Flange (Clear Dome),,,Amber,,,,,200TDDC-A,0.0,,0,continue,manual,361.00,,true,true,,,,,,,,,,,,,,,,,,,,,,,,,,,,,,,,lb,,,
spire-200-standard-tall-led-beacon,,,,,,,,,Magnetic Mount,,,Amber,,,,,200TM-A,0.0,,0,continue,manual,318.00,,true,true,,,,,,,,,,,,,,,,,,,,,,,,,,,,,,,,lb,,,
spire-200-standard-tall-led-beacon,,,,,,,,,Magnetic Mount,,,Blue,,,,,200TM-B,0.0,,0,continue,manual,318.00,,true,true,,,,,,,,,,,,,,,,,,,,,,,,,,,,,,,,lb,,,
spire-200-standard-tall-led-beacon,,,,,,,,,Magnetic Mount,,,Green,,,,,200TM-G,0.0,,0,continue,manual,318.00,,true,true,,,,,,,,,,,,,,,,,,,,,,,,,,,,,,,,lb,,,
spire-200-standard-tall-led-beacon,,,,,,,,,Magnetic Mount,,,Red,,,,,200TM-R,0.0,,0,continue,manual,318.00,,true,true,,,,,,,,,,,,,,,,,,,,,,,,,,,,,,,,lb,,,
spire-200-standard-tall-led-beacon,,,,,,,,,Magnetic Mount,,,White,,,,,200TM-W,0.0,,0,continue,manual,318.00,,true,true,,,,,,,,,,,,,,,,,,,,,,,,,,,,,,,,lb,,,
spire-200-standard-tall-led-beacon,,,,,,,,,Polycarbonate Flange,,,Amber,,,,,200TP-A,0.0,,0,continue,manual,301.00,,true,true,,,,,,,,,,,,,,,,,,,,,,,,,,,,,,,,lb,,,
spire-200-standard-tall-led-beacon,,,,,,,,,Polycarbonate Flange,,,Blue,,,,,200TP-B,0.0,,0,continue,manual,301.00,,true,true,,,,,,,,,,,,,,,,,,,,,,,,,,,,,,,,lb,,,
spire-200-standard-tall-led-beacon,,,,,,,,,Polycarbonate Flange,,,Green,,,,,200TP-G,0.0,,0,continue,manual,301.00,,true,true,,,,,,,,,,,,,,,,,,,,,,,,,,,,,,,,lb,,,
spire-200-standard-tall-led-beacon,,,,,,,,,Polycarbonate Flange,,,Red,,,,,200TP-R,0.0,,0,continue,manual,301.00,,true,true,,,,,,,,,,,,,,,,,,,,,,,,,,,,,,,,lb,,,
spire-200-standard-tall-led-beacon,,,,,,,,,Polycarbonate Flange,,,White,,,,,200TP-W,0.0,,0,continue,manual,301.00,,true,true,,,,,,,,,,,,,,,,,,,,,,,,,,,,,,,,lb,,,
spire-200-standard-tall-led-beacon,,,,,,,,,Mag/Suction Mount,,,Amber,,,,,200TS-A,0.0,,0,continue,manual,334.00,,true,true,,,,,,,,,,,,,,,,,,,,,,,,,,,,,,,,lb,,,
spire-200-standard-tall-led-beacon,,,,,,,,,Mag/Suction Mount,,,Blue,,,,,200TS-B,0.0,,0,continue,manual,334.00,,true,true,,,,,,,,,,,,,,,,,,,,,,,,,,,,,,,,lb,,,
spire-200-standard-tall-led-beacon,,,,,,,,,Mag/Suction Mount,,,Green,,,,,200TS-G,0.0,,0,continue,manual,334.00,,true,true,,,,,,,,,,,,,,,,,,,,,,,,,,,,,,,,lb,,,
spire-200-standard-tall-led-beacon,,,,,,,,,Mag/Suction Mount,,,Red,,,,,200TS-R,0.0,,0,continue,manual,334.00,,true,true,,,,,,,,,,,,,,,,,,,,,,,,,,,,,,,,lb,,,
spire-200-standard-tall-led-beacon,,,,,,,,,Mag/Suction Mount,,,White,,,,,200TS-W,0.0,,0,continue,manual,334.00,,true,true,,,,,,,,,,,,,,,,,,,,,,,,,,,,,,,,lb,,,
spire-100-standard-short-led-beacon,Spire® 100 Standard Short LED Beacon,"<h1>Federal Signal Spire® 100 — Standard Short LED Beacon</h1><p>The Spire® 100 Standard Short LED beacon delivers the same patented 360-degree optical output and 25-pattern Power Select™ feature as the tall model in a 4.7-inch low-profile housing — the choice for vehicles where vertical clearance, aerodynamic profile, or aesthetic preferences make the tall dome impractical.</p><h2>Why fleets choose the Spire 100 Standard Short</h2><ul>
<li>
<strong>4.7"" low-profile housing</strong> → reduces clearance requirements and aerodynamic drag compared to the tall model — the right choice for vehicles operating in low-clearance environments</li>
<li>
<strong>Full 360-degree output</strong> → Federal Signal's patented optical design delivers the same all-around warning performance as the tall model regardless of dome height</li>
<li>
<strong>25 flash patterns</strong> → Power Select™ operator-selectable patterns without tools or programming software</li>
<li>
<strong>Single-color configurations</strong> → Amber, Blue, Red, Green, and White</li>
<li>SAE J845 Class 1 certified, IP69K rated</li>
<li>
<strong>Multiple mounting options</strong> → permanent pipe mount, suction cup, and magnet mount</li>
</ul><h2>Technical Specs</h2><table><tbody>
<tr>
<td>Height</td>
<td>4.7 in (short dome)</td>
</tr>
<tr>
<td>Base Diameter</td>
<td>5.2 in</td>
</tr>
<tr>
<td>Flash Patterns</td>
<td>25</td>
</tr>
<tr>
<td>Colors</td>
<td>Amber, Blue, Green, Red, White</td>
</tr>
<tr>
<td>Input Voltage</td>
<td>12 VDC</td>
</tr>
<tr>
<td>Certifications</td>
<td>SAE J845 Class 1 (Amber/Blue/Red/White), IP69K</td>
</tr>
<tr>
<td>Warranty</td>
<td>Federal Signal standard warranty</td>
</tr>
</tbody></table><p><em>Contact us or log into your department account to confirm color and mounting configuration.</em></p><h2>Ordering from TFR Supply</h2><p>TFR Supply is an authorized Federal Signal dealer serving Texas law enforcement, fire, and EMS agencies. Every order ships direct to your location — no middleman, no inventory delays. Government and department accounts receive tax-exempt checkout and agency pricing. Need installation? Our sister company <a href=""https://www.tx1rs.com"">Texas First Response Services</a> provides professional upfit services across Texas. Create a department account or reach out directly to get started.</p>",Federal Signal,Vehicles & Parts > Vehicle Parts & Accessories > Motor Vehicle Parts > Motor Vehicle Lighting,Emergency Vehicle Warning Lights,"Application_Fire EMS, Application_Work Truck, Beacon, Brand_Federal Signal, Category_Beacon, Category_Emergency Vehicle Equipment, Federal Signal, Fire EMS, Law Enforcement, Spire, Use_Fleet Upfitting, Use_Law Enforcement, Use_Public Safety, Work Truck",false,Mounting,1-inch Pipe,,Color,Amber,,,,,100SC-A,0.0,,0,continue,manual,173.00,,true,true,,,,,,,,,false,Spire® 100 Standard Short LED Beacon | Texas First Response Supply,"Shop professional-grade Spire® 100 Standard Short LED Beacon at Texas First Response Supply. Heavy-duty construction, OEM compatibility, and fast shipping. Order today!",3318,,,100SC-A,new,FALSE,,,,,,"Shop professional-grade Spire® 100 Standard Short LED Beacon at Texas First Response Supply. Heavy-duty construction, OEM compatibility, and fast shipping. Order today!",Spire® 100 Standard Short LED Beacon | Texas First Response Supply,new,FALSE,3318,,,,,lb,,,draft
spire-100-standard-short-led-beacon,,,,,,,,,1-inch Pipe,,,Blue,,,,,100SC-B,0.0,,0,continue,manual,173.00,,true,true,,,,,,,,,,,,,,,,,,,,,,,,,,,,,,,,lb,,,
spire-100-standard-short-led-beacon,,,,,,,,,1-inch Pipe,,,Green,,,,,100SC-G,0.0,,0,continue,manual,173.00,,true,true,,,,,,,,,,,,,,,,,,,,,,,,,,,,,,,,lb,,,
spire-100-standard-short-led-beacon,,,,,,,,,1-inch Pipe,,,Red,,,,,100SC-R,0.0,,0,continue,manual,173.00,,true,true,,,,,,,,,,,,,,,,,,,,,,,,,,,,,,,,lb,,,
spire-100-standard-short-led-beacon,,,,,,,,,1-inch Pipe,,,White,,,,,100SC-W,0.0,,0,continue,manual,173.00,,true,true,,,,,,,,,,,,,,,,,,,,,,,,,,,,,,,,lb,,,
spire-100-standard-short-led-beacon,,,,,,,,,Die-cast Flange,,,Amber,,,,,100SD-A,0.0,,0,continue,manual,203.00,,true,true,,,,,,,,,,,,,,,,,,,,,,,,,,,,,,,,lb,,,
spire-100-standard-short-led-beacon,,,,,,,,,Die-cast Flange,,,Blue,,,,,100SD-B,0.0,,0,continue,manual,203.00,,true,true,,,,,,,,,,,,,,,,,,,,,,,,,,,,,,,,lb,,,
spire-100-standard-short-led-beacon,,,,,,,,,Die-cast Flange,,,Green,,,,,100SD-G,0.0,,0,continue,manual,203.00,,true,true,,,,,,,,,,,,,,,,,,,,,,,,,,,,,,,,lb,,,
spire-100-standard-short-led-beacon,,,,,,,,,Die-cast Flange,,,Red,,,,,100SD-R,0.0,,0,continue,manual,203.00,,true,true,,,,,,,,,,,,,,,,,,,,,,,,,,,,,,,,lb,,,
spire-100-standard-short-led-beacon,,,,,,,,,Die-cast Flange,,,White,,,,,100SD-W,0.0,,0,continue,manual,203.00,,true,true,,,,,,,,,,,,,,,,,,,,,,,,,,,,,,,,lb,,,
spire-100-standard-short-led-beacon,,,,,,,,,Die-cast Flange (Clear Dome),,,Amber,,,,,100SDDC-A,0.0,,0,continue,manual,246.00,,true,true,,,,,,,,,,,,,,,,,,,,,,,,,,,,,,,,lb,,,
spire-100-standard-short-led-beacon,,,,,,,,,Die-cast Flange (U),,,Amber,,,,,100SDU-A,0.0,,0,continue,manual,285.00,,true,true,,,,,,,,,,,,,,,,,,,,,,,,,,,,,,,,lb,,,
spire-100-standard-short-led-beacon,,,,,,,,,Magnetic Mount,,,Amber,,,,,100SM-A,0.0,,0,continue,manual,203.00,,true,true,,,,,,,,,,,,,,,,,,,,,,,,,,,,,,,,lb,,,
spire-100-standard-short-led-beacon,,,,,,,,,Magnetic Mount,,,Blue,,,,,100SM-B,0.0,,0,continue,manual,203.00,,true,true,,,,,,,,,,,,,,,,,,,,,,,,,,,,,,,,lb,,,
spire-100-standard-short-led-beacon,,,,,,,,,Magnetic Mount,,,Green,,,,,100SM-G,0.0,,0,continue,manual,203.00,,true,true,,,,,,,,,,,,,,,,,,,,,,,,,,,,,,,,lb,,,
spire-100-standard-short-led-beacon,,,,,,,,,Magnetic Mount,,,Red,,,,,100SM-R,0.0,,0,continue,manual,203.00,,true,true,,,,,,,,,,,,,,,,,,,,,,,,,,,,,,,,lb,,,
spire-100-standard-short-led-beacon,,,,,,,,,Magnetic Mount,,,White,,,,,100SM-W,0.0,,0,continue,manual,203.00,,true,true,,,,,,,,,,,,,,,,,,,,,,,,,,,,,,,,lb,,,
spire-100-standard-short-led-beacon,,,,,,,,,Polycarbonate Flange,,,Amber,,,,,100SP-A,0.0,,0,continue,manual,190.00,,true,true,,,,,,,,,,,,,,,,,,,,,,,,,,,,,,,,lb,,,
spire-100-standard-short-led-beacon,,,,,,,,,Polycarbonate Flange,,,Blue,,,,,100SP-B,0.0,,0,continue,manual,190.00,,true,true,,,,,,,,,,,,,,,,,,,,,,,,,,,,,,,,lb,,,
spire-100-standard-short-led-beacon,,,,,,,,,Polycarbonate Flange,,,Green,,,,,100SP-G,0.0,,0,continue,manual,190.00,,true,true,,,,,,,,,,,,,,,,,,,,,,,,,,,,,,,,lb,,,
spire-100-standard-short-led-beacon,,,,,,,,,Polycarbonate Flange,,,Red,,,,,100SP-R,0.0,,0,continue,manual,190.00,,true,true,,,,,,,,,,,,,,,,,,,,,,,,,,,,,,,,lb,,,
spire-100-standard-short-led-beacon,,,,,,,,,Polycarbonate Flange,,,White,,,,,100SP-W,0.0,,0,continue,manual,190.00,,true,true,,,,,,,,,,,,,,,,,,,,,,,,,,,,,,,,lb,,,
spire-100-standard-short-led-beacon,,,,,,,,,Mag/Suction Mount,,,Amber,,,,,100SS-A,0.0,,0,continue,manual,218.00,,true,true,,,,,,,,,,,,,,,,,,,,,,,,,,,,,,,,lb,,,
spire-100-standard-short-led-beacon,,,,,,,,,Mag/Suction Mount,,,Blue,,,,,100SS-B,0.0,,0,continue,manual,218.00,,true,true,,,,,,,,,,,,,,,,,,,,,,,,,,,,,,,,lb,,,
spire-100-standard-short-led-beacon,,,,,,,,,Mag/Suction Mount,,,Green,,,,,100SS-G,0.0,,0,continue,manual,218.00,,true,true,,,,,,,,,,,,,,,,,,,,,,,,,,,,,,,,lb,,,
spire-100-standard-short-led-beacon,,,,,,,,,Mag/Suction Mount,,,Red,,,,,100SS-R,0.0,,0,continue,manual,218.00,,true,true,,,,,,,,,,,,,,,,,,,,,,,,,,,,,,,,lb,,,
spire-100-standard-short-led-beacon,,,,,,,,,Mag/Suction Mount,,,White,,,,,100SS-W,0.0,,0,continue,manual,218.00,,true,true,,,,,,,,,,,,,,,,,,,,,,,,,,,,,,,,lb,,,
duraforce-accessories-hardware,DuraForce™ Accessories & Hardware,"<h1>Federal Signal DuraForce™ Accessories &amp; Hardware</h1><p>Genuine accessories and hardware for the Federal Signal DFC Series DuraForce push bumper — wire covers, speaker mounting hardware, MicroPulse light channel components, and installation accessories that complete a professional push bumper build on Ford Police Interceptor Utility, Chevrolet Tahoe PPV, and other common patrol platforms.</p><h2>Why departments choose DuraForce Accessories</h2><ul>
<li>
<strong>Wire covers for clean installation</strong> → vehicle-specific wire covers for Ford PIU and Chevrolet Tahoe hide wiring runs from the push bumper to the vehicle interior for a factory-quality appearance</li>
<li>
<strong>Speaker mounting hardware</strong> → DFC center bar accepts dual siren speakers with dedicated mounting hardware for clean, serviceable speaker installation without fabrication</li>
<li>
<strong>MicroPulse light channel components</strong> → solid, two-light, and four-light top channel options for MPS6U lights on the push bumper top bar</li>
<li>
<strong>OEM fit and finish</strong> → accessories engineered to work with DFC Series push bumper geometry, maintaining the structural integrity and appearance of the original installation</li>
</ul><h2>Technical Specs</h2><table><tbody>
<tr>
<td>Compatibility</td>
<td>DFC Series DuraForce push bumpers</td>
</tr>
<tr>
<td>Warranty</td>
<td>Federal Signal limited warranty</td>
</tr>
</tbody></table><p><em>Contact us with your vehicle platform and push bumper configuration to confirm the right accessories.</em></p><h2>Ordering from TFR Supply</h2><p>TFR Supply is an authorized Federal Signal dealer serving Texas law enforcement, fire, and EMS agencies. Every order ships direct to your location — no middleman, no inventory delays. Government and department accounts receive tax-exempt checkout and agency pricing. Need installation? Our sister company <a href=""https://www.tx1rs.com"">Texas First Response Services</a> provides professional upfit services across Texas. Create a department account or reach out directly to get started.</p>",Federal Signal,Vehicles & Parts > Vehicle Parts & Accessories > Motor Vehicle Parts > Motor Vehicle Lighting,Vehicle Lighting Accessories,"Application_Law Enforcement, Brand_Federal Signal, Category_Emergency Vehicle Equipment, Category_Push Bumper, DuraForce, Federal Signal, Hardware, Law Enforcement, Product_Accessory, Use_Fleet Upfitting, Use_Law Enforcement, Use_Public Safety",false,Component,Siren Bracket,,Variant,AS124,,,,,DFC-SB-750501,0.0,,0,continue,manual,39.00,,true,true,,,,,,https://cdn.shopify.com/s/files/1/0725/9330/9807/files/dfc-series-window-guard-DFC-WG-FPIU25-ON_-409480-web-mega-me.webp?v=1781535533,1,DuraForce™ Push Bumpers product image for TFR Supply emergency vehicle upfitting,false,DuraForce™ Accessories & Hardware | Texas First Response Supply,"Shop professional-grade DuraForce™ Accessories & Hardware at Texas First Response Supply. Heavy-duty construction, OEM compatibility, and fast shipping. Order today!",3318,,,DFC-SB-750501,new,FALSE,,,,,,"Shop professional-grade DuraForce™ Accessories & Hardware at Texas First Response Supply. Heavy-duty construction, OEM compatibility, and fast shipping. Order today!",DuraForce™ Accessories & Hardware | Texas First Response Supply,new,FALSE,3318,,,,,lb,,,draft
duraforce-accessories-hardware,,,,,,,,,Siren Bracket,,,ES100C,,,,,DFC-SB-ES100C,0.0,,0,continue,manual,39.00,,true,true,,,,,,https://cdn.shopify.com/s/files/1/0725/9330/9807/files/DFC-Series-Push-Bumper-TC4L-Kit_0-576x576_jpg.webp?v=1781381181,2,DuraForce™ Push Bumpers product image for TFR Supply emergency vehicle upfitting,,,,,,,,,,,,,,,,,,,,,,,,lb,,,
duraforce-accessories-hardware,,,,,,,,,Service Kit,,,Push Bumper/Lower Guard,,,,,DFC-SRVKIT1,0.0,,0,continue,manual,68.00,,true,true,,,,,,https://cdn.shopify.com/s/files/1/0725/9330/9807/files/DFC-Series-Push-Bumper-Top-Channels-576x576_jpg.webp?v=1781381181,3,DuraForce™ Push Bumpers product image for TFR Supply emergency vehicle upfitting,,,,,,,,,,,,,,,,,,,,,,,,lb,,,
duraforce-accessories-hardware,,,,,,,,,Service Kit,,,2025+ Rubber,,,,,DFC-SRVKIT-1,0.0,,0,continue,manual,68.00,,true,true,,,,,,https://cdn.shopify.com/s/files/1/0725/9330/9807/files/DFC-576x467.webp?v=1781381181,4,DuraForce™ Push Bumpers product image for TFR Supply emergency vehicle upfitting,,,,,,,,,,,,,,,,,,,,,,,,lb,,,
duraforce-accessories-hardware,,,,,,,,,Top Channel Cover (Pre-2025),,,2 Light,,,,,DFC-TC2L,0.0,,0,continue,manual,59.00,,true,true,,,,,,https://cdn.shopify.com/s/files/1/0725/9330/9807/files/Federal-Signal-DFC-Push-Bumper-glamor2-576x576_jpg.webp?v=1781381181,5,DuraForce™ Push Bumpers product image for TFR Supply emergency vehicle upfitting,,,,,,,,,,,,,,,,,,,,,,,,lb,,,
duraforce-accessories-hardware,,,,,,,,,Top Channel Cover (Pre-2025),,,2 Light -1,,,,,DFC-TC2L-1,0.0,,0,continue,manual,59.00,,true,true,,,,,,,,,,,,,,,,,,,,,,,,,,,,,,,,lb,,,
duraforce-accessories-hardware,,,,,,,,,Top Channel Cover (Pre-2025),,,2 Light -2,,,,,DFC-TC2L-2,0.0,,0,continue,manual,59.00,,true,true,,,,,,,,,,,,,,,,,,,,,,,,,,,,,,,,lb,,,
duraforce-accessories-hardware,,,,,,,,,Top Channel Cover (Pre-2025),,,4 Light,,,,,DFC-TC4L,0.0,,0,continue,manual,59.00,,true,true,,,,,,,,,,,,,,,,,,,,,,,,,,,,,,,,lb,,,
duraforce-accessories-hardware,,,,,,,,,Top Channel Cover (Pre-2025),,,4 Light -1,,,,,DFC-TC4L-1,0.0,,0,continue,manual,59.00,,true,true,,,,,,,,,,,,,,,,,,,,,,,,,,,,,,,,lb,,,
duraforce-accessories-hardware,,,,,,,,,Top Channel Cover (Pre-2025),,,4 Light -2,,,,,DFC-TC4L-2,0.0,,0,continue,manual,59.00,,true,true,,,,,,,,,,,,,,,,,,,,,,,,,,,,,,,,lb,,,
duraforce-accessories-hardware,,,,,,,,,Top Channel Cover (Pre-2025),,,Plain (0 Light),,,,,DFC-TCP,0.0,,0,continue,manual,59.00,,true,true,,,,,,,,,,,,,,,,,,,,,,,,,,,,,,,,lb,,,
duraforce-accessories-hardware,,,,,,,,,Top Channel Cover (Pre-2025),,,Plain (0 Light) -1,,,,,DFC-TCP-1,0.0,,0,continue,manual,59.00,,true,true,,,,,,,,,,,,,,,,,,,,,,,,,,,,,,,,lb,,,
duraforce-accessories-hardware,,,,,,,,,Top Channel Cover (Pre-2025),,,Plain (0 Light) -2,,,,,DFC-TCP-2,0.0,,0,continue,manual,59.00,,true,true,,,,,,,,,,,,,,,,,,,,,,,,,,,,,,,,lb,,,
duraforce-accessories-hardware,,,,,,,,,Top Channel Cover (2025+),,,2 Light,,,,,DFC-TC-2L,0.0,,0,continue,manual,59.00,,true,true,,,,,,,,,,,,,,,,,,,,,,,,,,,,,,,,lb,,,
duraforce-accessories-hardware,,,,,,,,,Top Channel Cover (2025+),,,2 Light -1,,,,,DFC-TC-2L-1,0.0,,0,continue,manual,59.00,,true,true,,,,,,,,,,,,,,,,,,,,,,,,,,,,,,,,lb,,,
duraforce-accessories-hardware,,,,,,,,,Top Channel Cover (2025+),,,4 Light,,,,,DFC-TC-4L,0.0,,0,continue,manual,59.00,,true,true,,,,,,,,,,,,,,,,,,,,,,,,,,,,,,,,lb,,,
duraforce-accessories-hardware,,,,,,,,,Top Channel Cover (2025+),,,4 Light -1,,,,,DFC-TC-4L-1,0.0,,0,continue,manual,59.00,,true,true,,,,,,,,,,,,,,,,,,,,,,,,,,,,,,,,lb,,,
duraforce-accessories-hardware,,,,,,,,,Top Channel Cover (2025+),,,Plain (0 Light),,,,,DFC-TC-P,0.0,,0,continue,manual,59.00,,true,true,,,,,,,,,,,,,,,,,,,,,,,,,,,,,,,,lb,,,
duraforce-accessories-hardware,,,,,,,,,Top Channel Cover (2025+),,,Plain (0 Light) -1,,,,,DFC-TC-P1,0.0,,0,continue,manual,59.00,,true,true,,,,,,,,,,,,,,,,,,,,,,,,,,,,,,,,lb,,,
duraforce-accessories-hardware,,,,,,,,,Wire Cover,,,Dodge Durango 2021-2024,,,,,DFC-WC-DUR21,0.0,,0,continue,manual,72.00,,true,true,,,,,,,,,,,,,,,,,,,,,,,,,,,,,,,,lb,,,
duraforce-accessories-hardware,,,,,,,,,Wire Cover,,,Dodge Durango 2025+,,,,,DFC-WC-DUR25,0.0,,0,continue,manual,72.00,,true,true,,,,,,,,,,,,,,,,,,,,,,,,,,,,,,,,lb,,,
duraforce-accessories-hardware,,,,,,,,,Wire Cover,,,Ford FPIU 2020-2024,,,,,DFC-WC-FPIU20,0.0,,0,continue,manual,72.00,,true,true,,,,,,,,,,,,,,,,,,,,,,,,,,,,,,,,lb,,,
duraforce-accessories-hardware,,,,,,,,,Wire Cover,,,Ford FPIU 2025+,,,,,DFC-WC-FPIU25,0.0,,0,continue,manual,72.00,,true,true,,,,,,,,,,,,,,,,,,,,,,,,,,,,,,,,lb,,,
duraforce-accessories-hardware,,,,,,,,,Wire Cover,,,Ford F-150 2021-2024,,,,,DFC-WC-FRD21,0.0,,0,continue,manual,72.00,,true,true,,,,,,,,,,,,,,,,,,,,,,,,,,,,,,,,lb,,,
duraforce-accessories-hardware,,,,,,,,,Wire Cover,,,Ford F-150 2025+,,,,,DFC-WC-FRD25,0.0,,0,continue,manual,72.00,,true,true,,,,,,,,,,,,,,,,,,,,,,,,,,,,,,,,lb,,,
duraforce-accessories-hardware,,,,,,,,,Wire Cover,,,Chevy Tahoe 2021-2024,,,,,DFC-WC-TAH21,0.0,,0,continue,manual,72.00,,true,true,,,,,,,,,,,,,,,,,,,,,,,,,,,,,,,,lb,,,
duraforce-accessories-hardware,,,,,,,,,Wire Cover,,,Chevy Tahoe 2025+,,,,,DFC-WC-TAH25,0.0,,0,continue,manual,72.00,,true,true,,,,,,,,,,,,,,,,,,,,,,,,,,,,,,,,lb,,,
duraforce-upper-guards-window-guards,DuraForce™ Upper Guards & Window Guards,"<h1>Federal Signal DuraForce™ Upper Guards &amp; Window Guards</h1><p>Federal Signal DFC Series upper guards and window guards provide front-end and headlight protection for patrol vehicles equipped with DFC Series push bumpers — bolting directly to the push bumper and lower guard assembly to protect against damage from brush, debris, and the physical contact of enforcement activities.</p><h2>Why departments choose DuraForce Upper &amp; Window Guards</h2><ul>
<li>
<strong>Headlight protection</strong> → upper guards shield factory headlights from damage during brush contact, PIT maneuver follow-through, and vehicle-to-vehicle contact in enforcement scenarios</li>
<li>
<strong>11-gauge galvanized steel construction</strong> → upper guards manufactured from galvanized steel with a textured powder coat for corrosion protection across the service life of the vehicle</li>
<li>
<strong>Direct bolt-on to DFC push bumper</strong> → upper guards attach directly to the DFC Series push bumper and lower guard assembly with no drilling, cutting, or vehicle modification</li>
<li>
<strong>Window guard option</strong> → DFC window guards add a clean, integrated protective element for agencies that require front window protection on patrol vehicles</li>
<li>
<strong>Black powder coat finish</strong> → matches DFC push bumper finish for a unified, professional appearance</li>
</ul><h2>Technical Specs</h2><table><tbody>
<tr>
<td>Material</td>
<td>11-gauge galvanized steel</td>
</tr>
<tr>
<td>Finish</td>
<td>Textured powder coat</td>
</tr>
<tr>
<td>Compatibility</td>
<td>DFC Series DuraForce push bumpers</td>
</tr>
<tr>
<td>Warranty</td>
<td>Federal Signal limited warranty</td>
</tr>
</tbody></table><p><em>Contact us with your vehicle platform to confirm the correct upper guard and window guard for your push bumper configuration.</em></p><h2>Ordering from TFR Supply</h2><p>TFR Supply is an authorized Federal Signal dealer serving Texas law enforcement, fire, and EMS agencies. Every order ships direct to your location — no middleman, no inventory delays. Government and department accounts receive tax-exempt checkout and agency pricing. Need installation? Our sister company <a href=""https://www.tx1rs.com"">Texas First Response Services</a> provides professional upfit services across Texas. Create a department account or reach out directly to get started.</p>",Federal Signal,Vehicles & Parts > Vehicle Parts & Accessories > Motor Vehicle Parts > Motor Vehicle Lighting,Push Bumper,"Application_Law Enforcement, Brand_Federal Signal, Category_Emergency Vehicle Equipment, Category_Push Bumper, DuraForce, Federal Signal, Law Enforcement, Upper Guard, Use_Fleet Upfitting, Use_Law Enforcement, Use_Public Safety",true,Vehicle,Dodge Durango 2021-2024,,Component,Upper Guard,,,,,DFC-UG-DUR21,0.0,,0,continue,manual,712.00,,true,true,,,,,,https://cdn.shopify.com/s/files/1/0725/9330/9807/files/dfc-series-window-guard-DFC-WG-FPIU25-ON_-409480-web-mega-me.webp?v=1781535533,1,DuraForce™ Push Bumpers product image for TFR Supply emergency vehicle upfitting,false,DuraForce™ Upper Guards & Window Guards | Texas First Response Supply,"Shop professional-grade DuraForce™ Upper Guards & Window Guards at Texas First Response Supply. Heavy-duty construction, OEM compatibility, and fast shipping. Order today!",3318,,,DFC-UG-DUR21,new,FALSE,,,,,,"Shop professional-grade DuraForce™ Upper Guards & Window Guards at Texas First Response Supply. Heavy-duty construction, OEM compatibility, and fast shipping. Order today!",DuraForce™ Upper Guards & Window Guards | Texas First Response Supply,new,FALSE,3318,,,,,lb,,,active
duraforce-upper-guards-window-guards,,,,,,,,,Dodge Durango 2025+,,,Upper Guard,,,,,DFC-UG-DUR25,0.0,,0,continue,manual,712.00,,true,true,,,,,,https://cdn.shopify.com/s/files/1/0725/9330/9807/files/DFC-Series-Push-Bumper-TC4L-Kit_0-576x576_jpg.webp?v=1781381181,2,DuraForce™ Push Bumpers product image for TFR Supply emergency vehicle upfitting,,,,,,,,,,,,,,,,,,,,,,,,lb,,,
duraforce-upper-guards-window-guards,,,,,,,,,Ford FPIU 2020-2024,,,Upper Guard,,,,,DFC-UG-FPIU20,0.0,,0,continue,manual,712.00,,true,true,,,,,,https://cdn.shopify.com/s/files/1/0725/9330/9807/files/DFC-Series-Push-Bumper-Top-Channels-576x576_jpg.webp?v=1781381181,3,DuraForce™ Push Bumpers product image for TFR Supply emergency vehicle upfitting,,,,,,,,,,,,,,,,,,,,,,,,lb,,,
duraforce-upper-guards-window-guards,,,,,,,,,Ford FPIU 2025+,,,Upper Guard,,,,,DFC-UG-FPIU25,0.0,,0,continue,manual,712.00,,true,true,,,,,,https://cdn.shopify.com/s/files/1/0725/9330/9807/files/DFC-576x467.webp?v=1781381181,4,DuraForce™ Push Bumpers product image for TFR Supply emergency vehicle upfitting,,,,,,,,,,,,,,,,,,,,,,,,lb,,,
duraforce-upper-guards-window-guards,,,,,,,,,Ford F-150 2021-2024,,,Upper Guard,,,,,DFC-UG-FRD21,0.0,,0,continue,manual,712.00,,true,true,,,,,,https://cdn.shopify.com/s/files/1/0725/9330/9807/files/Federal-Signal-DFC-Push-Bumper-glamor2-576x576_jpg.webp?v=1781381181,5,DuraForce™ Push Bumpers product image for TFR Supply emergency vehicle upfitting,,,,,,,,,,,,,,,,,,,,,,,,lb,,,
duraforce-upper-guards-window-guards,,,,,,,,,Ford F-150 2025+,,,Upper Guard,,,,,DFC-UG-FRD25,0.0,,0,continue,manual,712.00,,true,true,,,,,,,,,,,,,,,,,,,,,,,,,,,,,,,,lb,,,
duraforce-upper-guards-window-guards,,,,,,,,,Chevy Tahoe 2021-2024,,,Upper Guard,,,,,DFC-UG-TAH21,0.0,,0,continue,manual,712.00,,true,true,,,,,,,,,,,,,,,,,,,,,,,,,,,,,,,,lb,,,
duraforce-upper-guards-window-guards,,,,,,,,,Chevy Tahoe 2025+,,,Upper Guard,,,,,DFC-UG-TAH25,0.0,,0,continue,manual,712.00,,true,true,,,,,,,,,,,,,,,,,,,,,,,,,,,,,,,,lb,,,
duraforce-upper-guards-window-guards,,,,,,,,,Ford FPIU 2025+,,,Window Guards,,,,,DFC-WG-FPIU25,0.0,,0,continue,manual,399.00,,true,true,,,,,,,,,,,,,,,,,,,,,,,,,,,,,,,,lb,,,
duraforce-lower-guards,DuraForce™ Lower Guards,"<h1>Federal Signal DuraForce™ Lower Guards</h1><p>Federal Signal DFC Series lower guards bolt directly to the DFC Series push bumper to provide the structural lower barrier required for PIT maneuver operations and brush contact protection on patrol vehicles. Built from heavy-duty seven-gauge steel horizontal bars, lower guards complete the full DFC push bumper package for law enforcement platforms.</p><h2>Why departments choose DuraForce Lower Guards</h2><ul>
<li>
<strong>7-gauge steel horizontal bars</strong> → lower guards built from heavy-duty steel rated for the structural loads of PIT maneuver operations and vehicle contact during enforcement activities</li>
<li>
<strong>PIT maneuver optimized</strong> → lower guard geometry positions the horizontal bars at the correct height for effective tire contact during PIT maneuver execution</li>
<li>
<strong>Direct bolt-on to DFC push bumper</strong> → lower guards attach directly to pre-drilled push bumper uprights with no drilling, cutting, or vehicle modification</li>
<li>
<strong>Pre-drilled for MPS6U lights</strong> → optional pre-drilled lower guards accept MicroPulse MPS6U warning lights for additional lower-position warning output</li>
<li>
<strong>Black powder coat finish</strong> → matches DFC push bumper finish</li>
</ul><h2>Technical Specs</h2><table><tbody>
<tr>
<td>Material</td>
<td>7-gauge steel</td>
</tr>
<tr>
<td>Finish</td>
<td>Powder coat</td>
</tr>
<tr>
<td>Compatibility</td>
<td>DFC Series DuraForce push bumpers</td>
</tr>
<tr>
<td>Warranty</td>
<td>Federal Signal limited warranty</td>
</tr>
</tbody></table><p><em>Contact us with your vehicle platform to confirm the correct lower guard for your push bumper configuration.</em></p><h2>Ordering from TFR Supply</h2><p>TFR Supply is an authorized Federal Signal dealer serving Texas law enforcement, fire, and EMS agencies. Every order ships direct to your location — no middleman, no inventory delays. Government and department accounts receive tax-exempt checkout and agency pricing. Need installation? Our sister company <a href=""https://www.tx1rs.com"">Texas First Response Services</a> provides professional upfit services across Texas. Create a department account or reach out directly to get started.</p>",Federal Signal,Vehicles & Parts > Vehicle Parts & Accessories > Motor Vehicle Parts > Motor Vehicle Lighting,Push Bumper,"Application_Law Enforcement, Brand_Federal Signal, Category_Emergency Vehicle Equipment, Category_Push Bumper, DuraForce, Federal Signal, Law Enforcement, Lower Guard, Use_Fleet Upfitting, Use_Law Enforcement, Use_Public Safety",true,Vehicle,Dodge Durango 2021-2024,,Component,Lower Guard,,,,,DFC-LG-DUR21,0.0,,0,continue,manual,1059.00,,true,true,,,,,,https://cdn.shopify.com/s/files/1/0725/9330/9807/files/dfc-series-window-guard-DFC-WG-FPIU25-ON_-409480-web-mega-me.webp?v=1781535533,1,DuraForce™ Push Bumpers product image for TFR Supply emergency vehicle upfitting,false,DuraForce™ Lower Guards | Texas First Response Supply,"Shop professional-grade DuraForce™ Lower Guards at Texas First Response Supply. Heavy-duty construction, OEM compatibility, and fast shipping. Order today!",3318,,,DFC-LG-DUR21,new,FALSE,,,,,,"Shop professional-grade DuraForce™ Lower Guards at Texas First Response Supply. Heavy-duty construction, OEM compatibility, and fast shipping. Order today!",DuraForce™ Lower Guards | Texas First Response Supply,new,FALSE,3318,,,,,lb,,,active
duraforce-lower-guards,,,,,,,,,Dodge Durango 2021-2024,,,Bracket Kit,,,,,DFC-LG-DUR21-HK,0.0,,0,continue,manual,310.00,,true,true,,,,,,https://cdn.shopify.com/s/files/1/0725/9330/9807/files/DFC-Series-Push-Bumper-TC4L-Kit_0-576x576_jpg.webp?v=1781381181,2,DuraForce™ Push Bumpers product image for TFR Supply emergency vehicle upfitting,,,,,,,,,,,,,,,,,,,,,,,,lb,,,
duraforce-lower-guards,,,,,,,,,Dodge Durango 2025+,,,Lower Guard,,,,,DFC-LG-DUR25,0.0,,0,continue,manual,1059.00,,true,true,,,,,,https://cdn.shopify.com/s/files/1/0725/9330/9807/files/DFC-Series-Push-Bumper-Top-Channels-576x576_jpg.webp?v=1781381181,3,DuraForce™ Push Bumpers product image for TFR Supply emergency vehicle upfitting,,,,,,,,,,,,,,,,,,,,,,,,lb,,,
duraforce-lower-guards,,,,,,,,,Dodge Durango 2025+,,,Bracket Kit,,,,,DFC-LG-DUR25-HK,0.0,,0,continue,manual,310.00,,true,true,,,,,,https://cdn.shopify.com/s/files/1/0725/9330/9807/files/DFC-576x467.webp?v=1781381181,4,DuraForce™ Push Bumpers product image for TFR Supply emergency vehicle upfitting,,,,,,,,,,,,,,,,,,,,,,,,lb,,,
duraforce-lower-guards,,,,,,,,,Ford FPIU 2020-2024,,,Lower Guard,,,,,DFC-LG-FPIU20,0.0,,0,continue,manual,1059.00,,true,true,,,,,,https://cdn.shopify.com/s/files/1/0725/9330/9807/files/Federal-Signal-DFC-Push-Bumper-glamor2-576x576_jpg.webp?v=1781381181,5,DuraForce™ Push Bumpers product image for TFR Supply emergency vehicle upfitting,,,,,,,,,,,,,,,,,,,,,,,,lb,,,
duraforce-lower-guards,,,,,,,,,Ford FPIU 2020-2024,,,Bracket Kit,,,,,DFC-LG-FPIU20-HK,0.0,,0,continue,manual,310.00,,true,true,,,,,,,,,,,,,,,,,,,,,,,,,,,,,,,,lb,,,
duraforce-lower-guards,,,,,,,,,Ford FPIU 2025+,,,Lower Guard,,,,,DFC-LG-FPIU25,0.0,,0,continue,manual,1059.00,,true,true,,,,,,,,,,,,,,,,,,,,,,,,,,,,,,,,lb,,,
duraforce-lower-guards,,,,,,,,,Ford F-150 2021-2024,,,Lower Guard,,,,,DFC-LG-FRD21,0.0,,0,continue,manual,1059.00,,true,true,,,,,,,,,,,,,,,,,,,,,,,,,,,,,,,,lb,,,
duraforce-lower-guards,,,,,,,,,Ford F-150 2021-2024,,,Bracket Kit,,,,,DFC-LG-FRD21-HK,0.0,,0,continue,manual,310.00,,true,true,,,,,,,,,,,,,,,,,,,,,,,,,,,,,,,,lb,,,
duraforce-lower-guards,,,,,,,,,Ford F-150 2025+,,,Lower Guard,,,,,DFC-LG-FRD25,0.0,,0,continue,manual,1059.00,,true,true,,,,,,,,,,,,,,,,,,,,,,,,,,,,,,,,lb,,,
duraforce-lower-guards,,,,,,,,,Chevy Tahoe 2021-2024,,,Lower Guard,,,,,DFC-LG-TAH21,0.0,,0,continue,manual,1059.00,,true,true,,,,,,,,,,,,,,,,,,,,,,,,,,,,,,,,lb,,,
duraforce-lower-guards,,,,,,,,,Chevy Tahoe 2021-2024,,,Bracket Kit,,,,,DFC-LG-TAH21-HK,0.0,,0,continue,manual,310.00,,true,true,,,,,,,,,,,,,,,,,,,,,,,,,,,,,,,,lb,,,
duraforce-lower-guards,,,,,,,,,Chevy Tahoe 2025+,,,Lower Guard,,,,,DFC-LG-TAH25,0.0,,0,continue,manual,1059.00,,true,true,,,,,,,,,,,,,,,,,,,,,,,,,,,,,,,,lb,,,
duraforce-push-bumpers,DuraForce™ Push Bumpers,"<h1>Federal Signal DuraForce™ Push Bumpers — DFC Series</h1><p>The Federal Signal DFC Series DuraForce push bumper is engineered for maximum officer safety — providing the structural strength, equipment integration capability, and professional finish that law enforcement agencies require for active patrol vehicles. No drilling required for installation; pre-drilled uprights accept MicroPulse lights, speaker mounting is built in, and a full range of upper and lower guard accessories complete the package.</p><h2>Why departments choose DFC Series DuraForce Push Bumpers</h2><ul>
<li>
<strong>No drilling required</strong> → DFC push bumpers attach to factory vehicle mounting points without drilling, preserving vehicle structural integrity and simplifying transfer to replacement units</li>
<li>
<strong>Pre-drilled for MicroPulse lights</strong> → side uprights come pre-drilled for MicroPulse® series warning lights, enabling clean grille-position warning light installation without fabrication</li>
<li>
<strong>Dual speaker mounting built in</strong> → DFC center bar includes dedicated mounting locations for dual siren speakers, eliminating the need for separate speaker brackets</li>
<li>
<strong>7-gauge steel uprights</strong> → heavy-duty construction with rubber strip protection and lower C-channel for strength at the contact points that matter in enforcement scenarios</li>
<li>
<strong>Solid, two-light, and four-light top channel options</strong> → configure the push bumper top bar for the warning light complement your department requires</li>
<li>
<strong>Compatible with lower and upper guard accessories</strong> → complete push bumper package available by adding DFC lower guards, upper guards, and window guards</li>
<li>Available for Ford Police Interceptor Utility, Chevrolet Tahoe PPV, and other common patrol platforms</li>
</ul><h2>Technical Specs</h2><table><tbody>
<tr>
<td>Material</td>
<td>7-gauge steel</td>
</tr>
<tr>
<td>Finish</td>
<td>Black textured powder coat</td>
</tr>
<tr>
<td>Compatible Vehicles</td>
<td>Ford PIU, Chevrolet Tahoe PPV, and other patrol platforms (model-specific)</td>
</tr>
<tr>
<td>Warranty</td>
<td>Federal Signal limited warranty</td>
</tr>
</tbody></table><p><em>Contact us with your vehicle year and model to confirm the correct DFC push bumper configuration.</em></p><h2>Ordering from TFR Supply</h2><p>TFR Supply is an authorized Federal Signal dealer serving Texas law enforcement, fire, and EMS agencies. Every order ships direct to your location — no middleman, no inventory delays. Government and department accounts receive tax-exempt checkout and agency pricing. Need installation? Our sister company <a href=""https://www.tx1rs.com"">Texas First Response Services</a> provides professional upfit services across Texas. Create a department account or reach out directly to get started.</p>",Federal Signal,Vehicles & Parts > Vehicle Parts & Accessories > Motor Vehicle Parts > Motor Vehicle Lighting,Push Bumper,"Application_Law Enforcement, Brand_Federal Signal, Category_Emergency Vehicle Equipment, Category_Push Bumper, DuraForce, Federal Signal, Law Enforcement, Push Bumper, Use_Fleet Upfitting, Use_Law Enforcement, Use_Public Safety",true,Vehicle,Dodge Durango 2021-2024,,Component,Push Bumper,,,,,DFC-PB-DUR21,0.0,,0,continue,manual,1138.00,,true,true,,,,,,https://cdn.shopify.com/s/files/1/0725/9330/9807/files/dfc-series-window-guard-DFC-WG-FPIU25-ON_-409480-web-mega-me.webp?v=1781535533,1,DuraForce™ Push Bumpers product image for TFR Supply emergency vehicle upfitting,false,DuraForce™ Push Bumpers | Texas First Response Supply,"Shop professional-grade DuraForce™ Push Bumpers at Texas First Response Supply. Heavy-duty construction, OEM compatibility, and fast shipping. Order today!",3318,,,DFC-PB-DUR21,new,FALSE,,,,,,"Shop professional-grade DuraForce™ Push Bumpers at Texas First Response Supply. Heavy-duty construction, OEM compatibility, and fast shipping. Order today!",DuraForce™ Push Bumpers | Texas First Response Supply,new,FALSE,3318,,,,,lb,,,active
duraforce-push-bumpers,,,,,,,,,Dodge Durango 2021-2024,,,Bracket Kit,,,,,DFC-PB-DUR21-HK,0.0,,0,continue,manual,302.00,,true,true,,,,,,https://cdn.shopify.com/s/files/1/0725/9330/9807/files/DFC-Series-Push-Bumper-TC4L-Kit_0-576x576_jpg.webp?v=1781381181,2,DuraForce™ Push Bumpers product image for TFR Supply emergency vehicle upfitting,,,,,,,,,,,,,,,,,,,,,,,,lb,,,
duraforce-push-bumpers,,,,,,,,,Dodge Durango 2025+,,,Push Bumper,,,,,DFC-PB-DUR25,0.0,,0,continue,manual,1138.00,,true,true,,,,,,https://cdn.shopify.com/s/files/1/0725/9330/9807/files/DFC-Series-Push-Bumper-Top-Channels-576x576_jpg.webp?v=1781381181,3,DuraForce™ Push Bumpers product image for TFR Supply emergency vehicle upfitting,,,,,,,,,,,,,,,,,,,,,,,,lb,,,
duraforce-push-bumpers,,,,,,,,,Dodge Durango 2025+,,,Bracket Kit,,,,,DFC-PB-DUR25-HK,0.0,,0,continue,manual,302.00,,true,true,,,,,,https://cdn.shopify.com/s/files/1/0725/9330/9807/files/DFC-576x467.webp?v=1781381181,4,DuraForce™ Push Bumpers product image for TFR Supply emergency vehicle upfitting,,,,,,,,,,,,,,,,,,,,,,,,lb,,,
duraforce-push-bumpers,,,,,,,,,Ford FPIU 2020-2024,,,Push Bumper,,,,,DFC-PB-FPIU20,0.0,,0,continue,manual,937.00,,true,true,,,,,,https://cdn.shopify.com/s/files/1/0725/9330/9807/files/Federal-Signal-DFC-Push-Bumper-glamor2-576x576_jpg.webp?v=1781381181,5,DuraForce™ Push Bumpers product image for TFR Supply emergency vehicle upfitting,,,,,,,,,,,,,,,,,,,,,,,,lb,,,
duraforce-push-bumpers,,,,,,,,,Ford FPIU 2020-2024,,,Bracket Kit,,,,,DFC-PB-FPIU20-HK,0.0,,0,continue,manual,236.00,,true,true,,,,,,,,,,,,,,,,,,,,,,,,,,,,,,,,lb,,,
duraforce-push-bumpers,,,,,,,,,Ford FPIU 2025+,,,Push Bumper,,,,,DFC-PB-FPIU25,0.0,,0,continue,manual,937.00,,true,true,,,,,,,,,,,,,,,,,,,,,,,,,,,,,,,,lb,,,
duraforce-push-bumpers,,,,,,,,,Ford F-150 2021-2024,,,Push Bumper,,,,,DFC-PB-FRD21,0.0,,0,continue,manual,1138.00,,true,true,,,,,,,,,,,,,,,,,,,,,,,,,,,,,,,,lb,,,
duraforce-push-bumpers,,,,,,,,,Ford F-150 2021-2024,,,Bracket Kit,,,,,DFC-PB-FRD21-HK,0.0,,0,continue,manual,302.00,,true,true,,,,,,,,,,,,,,,,,,,,,,,,,,,,,,,,lb,,,
duraforce-push-bumpers,,,,,,,,,Ford F-150 2025+,,,Push Bumper,,,,,DFC-PB-FRD25,0.0,,0,continue,manual,1138.00,,true,true,,,,,,,,,,,,,,,,,,,,,,,,,,,,,,,,lb,,,
duraforce-push-bumpers,,,,,,,,,Chevy Tahoe 2021-2024,,,Push Bumper,,,,,DFC-PB-TAH21,0.0,,0,continue,manual,1138.00,,true,true,,,,,,,,,,,,,,,,,,,,,,,,,,,,,,,,lb,,,
duraforce-push-bumpers,,,,,,,,,Chevy Tahoe 2021-2024,,,Bracket Kit,,,,,DFC-PB-TAH21-HK,0.0,,0,continue,manual,302.00,,true,true,,,,,,,,,,,,,,,,,,,,,,,,,,,,,,,,lb,,,
duraforce-push-bumpers,,,,,,,,,Chevy Tahoe 2025+,,,Push Bumper,,,,,DFC-PB-TAH25,0.0,,0,continue,manual,1138.00,,true,true,,,,,,,,,,,,,,,,,,,,,,,,,,,,,,,,lb,,,
q2b-mechanical-sirens,Q2B® Mechanical & EQ2B® Electronic Sirens,"<h1>Federal Signal Q2B® Mechanical &amp; EQ2B® Electronic Sirens</h1><p>The Federal Signal Q2B® mechanical siren and EQ2B® electronic siren are the standard for fire apparatus siren installations — delivering the unmistakable Q-Siren tone that clears intersections and alerts the public with decades of proven performance. The Q2B is the original mechanical siren beloved by fire departments for its distinctive, authoritative sound; the EQ2B delivers the same tone electronically without the maintenance requirements of a mechanical drive.</p><h2>Why departments choose the Q2B and EQ2B</h2><ul>
<li>
<strong>Unmistakable Q-Siren tone</strong> → the Federal Signal Q-Siren produces the distinctive rising wail that the public and other motorists recognize immediately as a fire apparatus response — a tone that cuts through traffic noise more effectively than electronic sirens in many urban environments</li>
<li>
<strong>Q2B mechanical drive</strong> → the original mechanical siren provides the authentic tone character and physical presence that fire departments have relied on for decades</li>
<li>
<strong>EQ2B electronic alternative</strong> → the EQ2B delivers the Q2B tone profile electronically, eliminating the maintenance requirements of the mechanical drive while preserving the siren's sonic signature</li>
<li>
<strong>High output dB level</strong> → Q2B and EQ2B produce output levels that meet fire apparatus emergency response requirements for intersection clearing</li>
<li>NFPA 1901 compliant</li>
<li>
<strong>Available for Pathfinder PF400Q integration</strong> → the Pathfinder PF400Q siren controller includes the EQ2B Q-Siren tone built in, eliminating the need for separate siren hardware on fire command vehicles and ambulances</li>
</ul><h2>Technical Specs</h2><table><tbody>
<tr>
<td>Variants</td>
<td>Q2B (mechanical), EQ2B (electronic)</td>
</tr>
<tr>
<td>Application</td>
<td>Fire apparatus, EMS</td>
</tr>
<tr>
<td>Certifications</td>
<td>NFPA 1901</td>
</tr>
<tr>
<td>Warranty</td>
<td>Federal Signal standard warranty</td>
</tr>
</tbody></table><p><em>Contact us or log into your department account to confirm Q2B and EQ2B availability and compatible controller options.</em></p><h2>Ordering from TFR Supply</h2><p>TFR Supply is an authorized Federal Signal dealer serving Texas law enforcement, fire, and EMS agencies. Every order ships direct to your location — no middleman, no inventory delays. Government and department accounts receive tax-exempt checkout and agency pricing. Need installation? Our sister company <a href=""https://www.tx1rs.com"">Texas First Response Services</a> provides professional upfit services across Texas. Create a department account or reach out directly to get started.</p>",Federal Signal,Vehicles & Parts > Vehicle Parts & Accessories > Motor Vehicle Parts > Motor Vehicle Lighting,Sirens & Speakers,"Application_Fire EMS, Brand_Federal Signal, Category_Emergency Vehicle Equipment, Category_Siren, EQ2B, Federal Signal, Fire EMS, Product_Siren Speaker, Q2B, Siren, Use_Fleet Upfitting, Use_Law Enforcement, Use_Public Safety",true,Model,EQ2B-100,,,,,,,,EQ2B-100,0.0,,0,continue,manual,3620.00,,true,true,,,,,,https://cdn.shopify.com/s/files/1/0725/9330/9807/files/q-siren-Q2B-012PSD-menu-768x768.png?v=1781535535,1,Q2B Mechanical Siren product image for TFR Supply emergency vehicle upfitting,false,Q2B® Mechanical & EQ2B® Electronic Sirens | Texas First Response Supply,"Shop professional-grade Q2B® Mechanical & EQ2B® Electronic Sirens at Texas First Response Supply. Heavy-duty construction, OEM compatibility, and fast shipping. Order today!",3318,,,EQ2B-100,new,FALSE,,,,,,"Shop professional-grade Q2B® Mechanical & EQ2B® Electronic Sirens at Texas First Response Supply. Heavy-duty construction, OEM compatibility, and fast shipping. Order today!",Q2B® Mechanical & EQ2B® Electronic Sirens | Texas First Response Supply,new,FALSE,3318,,,,,lb,,,active
q2b-mechanical-sirens,,,,,,,,,EQ2B-200,,,,,,,,EQ2B-200,0.0,,0,continue,manual,3620.00,,true,true,,,,,,https://cdn.shopify.com/s/files/1/0725/9330/9807/files/electronic-q-siren-e-q2b-e-Q2B-menu-768x768.png?v=1781535536,2,Q2B Mechanical Siren product image for TFR Supply emergency vehicle upfitting,,,,,,,,,,,,,,,,,,,,,,,,lb,,,
q2b-mechanical-sirens,,,,,,,,,EQ2B-200FM,,,,,,,,EQ2B-200FM,0.0,,0,continue,manual,3620.00,,true,true,,,,,,https://cdn.shopify.com/s/files/1/0725/9330/9807/files/q-siren75-Red-pathfinder-pf400-PF400Q-StackedButtonsOn-40441.png?v=1781535533,3,Pathfinder® PF400 Controller product image for TFR Supply emergency vehicle upfitting,,,,,,,,,,,,,,,,,,,,,,,,lb,,,
q2b-mechanical-sirens,,,,,,,,,Q2B-012NNSD,,,,,,,,Q2B-012NNSD,0.0,,0,continue,manual,3475.00,,true,true,,,,,,,,,,,,,,,,,,,,,,,,,,,,,,,,lb,,,
q2b-mechanical-sirens,,,,,,,,,Q2B-012PSD,,,,,,,,Q2B-012PSD,0.0,,0,continue,manual,3875.00,,true,true,,,,,,,,,,,,,,,,,,,,,,,,,,,,,,,,lb,,,
q2b-mechanical-sirens,,,,,,,,,Q2B-NN-BLK,,,,,,,,Q2B-NN-BLK,0.0,,0,continue,manual,3875.00,,true,true,,,,,,,,,,,,,,,,,,,,,,,,,,,,,,,,lb,,,
q2b-mechanical-sirens,,,,,,,,,Q2B-P-BLK,,,,,,,,Q2B-P-BLK,0.0,,0,continue,manual,4475.00,,true,true,,,,,,,,,,,,,,,,,,,,,,,,,,,,,,,,lb,,,
q2b-mechanical-sirens,,,,,,,,,Q2B-SWKIT,,,,,,,,Q2B-SWKIT,0.0,,0,continue,manual,648.00,,true,true,,,,,,,,,,,,,,,,,,,,,,,,,,,,,,,,lb,,,
littlite-gooseneck-lamp,Littlite® LED Gooseneck Lamp,"<h1>Federal Signal Littlite® LED Gooseneck Lamp</h1><p>The Littlite® LED Gooseneck Lamp delivers clean, focused LED task lighting for emergency vehicle consoles, compartment interiors, and work surfaces — providing the illumination officers, firefighters, and EMS personnel need for reports, maps, and equipment operation without generating glare or compromising night vision.</p><h2>Why departments choose the Littlite LED Gooseneck Lamp</h2><ul>
<li>
<strong>LED efficiency</strong> → long-life LED light source delivers consistent output at a fraction of the power draw of incandescent Littlite models</li>
<li>
<strong>Focused task beam</strong> → directed output illuminates the immediate work surface without spilling into the driver's field of view or the surrounding environment</li>
<li>
<strong>Flexible gooseneck</strong> → adjustable neck positions the light head precisely for console work, report writing, map reading, or equipment operation</li>
<li>
<strong>Night-vision friendly</strong> → light output and color temperature managed to minimize white-light glare that degrades operator night vision on dark patrol routes</li>
<li>
<strong>Compact form factor</strong> → integrates cleanly into vehicle console builds and equipment racks</li>
</ul><h2>Technical Specs</h2><table><tbody>
<tr>
<td>Light Source</td>
<td>LED</td>
</tr>
<tr>
<td>Input Voltage</td>
<td>12 VDC</td>
</tr>
<tr>
<td>Applications</td>
<td>Fire/EMS, Work Truck, Law Enforcement</td>
</tr>
<tr>
<td>Warranty</td>
<td>Federal Signal limited warranty</td>
</tr>
</tbody></table><p><em>Contact us or log into your department account to confirm available models and mounting options.</em></p><h2>Ordering from TFR Supply</h2><p>TFR Supply is an authorized Federal Signal dealer serving Texas law enforcement, fire, and EMS agencies. Every order ships direct to your location — no middleman, no inventory delays. Government and department accounts receive tax-exempt checkout and agency pricing. Need installation? Our sister company <a href=""https://www.tx1rs.com"">Texas First Response Services</a> provides professional upfit services across Texas. Create a department account or reach out directly to get started.</p>",Federal Signal,Vehicles & Parts > Vehicle Parts & Accessories > Motor Vehicle Parts > Motor Vehicle Lighting,Compartment Light,"Application_Fire EMS, Application_Work Truck, Brand_Federal Signal, Category_Compartment Light, Category_Emergency Vehicle Equipment, Compartment Light, Federal Signal, Fire EMS, Use_Fleet Upfitting, Use_Law Enforcement, Use_Public Safety, Work Truck",false,Model,LF6MOTO,,Length,"6""",,,,,LF6MOTO,0.0,,0,continue,manual,121.00,,true,true,,,,,,https://cdn.shopify.com/s/files/1/0725/9330/9807/files/PSS-Littlite_1_1140x925_littlite-menu-360x360-png.webp?v=1781546054,1,"",false,Littlite® LED Gooseneck Lamp | Federal Signal | TFRSupply,Littlite® LED Gooseneck Lamp — Federal Signal authorized dealer. Shop TFRSupply for law enforcement and fire apparatus equipment.,3318,,,LF6MOTO,new,FALSE,,,,,,Littlite® LED Gooseneck Lamp — Federal Signal authorized dealer. Shop TFRSupply for law enforcement and fire apparatus equipment.,Littlite® LED Gooseneck Lamp | Federal Signal | TFRSupply,new,FALSE,3318,,,,,lb,,,draft
mb1-message-board,MB1 Message Board,"<h1>Federal Signal MB1 Message Board</h1><p>The Federal Signal MB1 Message Board is a compact, vehicle-mounted electronic message display designed for rear-window or trunk-lid installation on patrol vehicles. The MB1 delivers variable text messaging capability for traffic instruction and incident management without requiring a full-size portable message board.</p><h2>Why departments choose the MB1 Message Board</h2><ul>
<li>
<strong>Compact rear-window format</strong> → designed for installation in or behind the rear window of patrol vehicles, providing message display to following traffic without requiring external mounting hardware</li>
<li>
<strong>Pre-programmed messages</strong> → common traffic instruction messages stored for instant recall during active incidents</li>
<li>
<strong>Integrated with Pathfinder</strong> → MB1 activation and message selection controllable through Pathfinder or compatible Federal Signal siren/light controller</li>
<li>
<strong>High-visibility LED display</strong> → visible to following traffic at the speeds and distances that require early driver notification</li>
</ul><h2>Technical Specs</h2><table><tbody>
<tr>
<td>Compatible With</td>
<td>Pathfinder® siren/light controllers</td>
</tr>
<tr>
<td>Warranty</td>
<td>Federal Signal limited warranty</td>
</tr>
</tbody></table><p><em>Contact us or log into your department account to confirm MB1 availability and installation options for your vehicle.</em></p><h2>Ordering from TFR Supply</h2><p>TFR Supply is an authorized Federal Signal dealer serving Texas law enforcement, fire, and EMS agencies. Every order ships direct to your location — no middleman, no inventory delays. Government and department accounts receive tax-exempt checkout and agency pricing. Need installation? Our sister company <a href=""https://www.tx1rs.com"">Texas First Response Services</a> provides professional upfit services across Texas. Create a department account or reach out directly to get started.</p>",Federal Signal,Vehicles & Parts > Vehicle Parts & Accessories > Motor Vehicle Parts > Motor Vehicle Lighting,Message Board,"Application_Law Enforcement, Brand_Federal Signal, Category_Emergency Vehicle Equipment, Category_Siren, Controller, Federal Signal, Law Enforcement, Siren, Technology_Electronic, Use_Fleet Upfitting, Use_Law Enforcement, Use_Public Safety",true,Model,MB1,,Configuration,Standard,,,,,MB1,0.0,,0,continue,manual,3743.00,,true,true,,,,,,https://cdn.shopify.com/s/files/1/0725/9330/9807/files/mb1-led-message-board-menu2-png.webp?v=1781535540,1,MB1 Message Board product image for TFR Supply emergency vehicle upfitting,false,MB1 Message Board | Federal Signal | TFRSupply,MB1 Message Board — Federal Signal authorized dealer. Shop TFRSupply for law enforcement and fire apparatus equipment.,3318,,,MB1,new,FALSE,,,,,,MB1 Message Board — Federal Signal authorized dealer. Shop TFRSupply for law enforcement and fire apparatus equipment.,MB1 Message Board | Federal Signal | TFRSupply,new,FALSE,3318,,,,,lb,,,active
mb1-message-board,,,,,,,,,MB1-BNRW,,,Narrow,,,,,MB1-BNRW,0.0,,0,continue,manual,3743.00,,true,true,,,,,,https://cdn.shopify.com/s/files/1/0725/9330/9807/files/Message-board-kit-600x487_jpg.webp?v=1781406402,2,MB1 Message Board product image for TFR Supply emergency vehicle upfitting,,,,,,,,,,,,,,,,,,,,,,,,lb,,,
mb1-message-board,,,,,,,,,,,,,,,,,,,,,,,,,,,,,,,,https://cdn.shopify.com/s/files/1/0725/9330/9807/files/Message-board-kit-600x487_jpg_c43aa354-cb64-46ac-bc8f-b29b1b7f28db.webp?v=1781535529,3,MB1 Message Board product image for TFR Supply emergency vehicle upfitting,,,,,,,,,,,,,,,,,,,,,,,,,,,
mb1-message-board,,,,,,,,,,,,,,,,,,,,,,,,,,,,,,,,https://cdn.shopify.com/s/files/1/0725/9330/9807/files/MB1-A.jpg?v=1781074481,4,MB1 Message Board product image for TFR Supply emergency vehicle upfitting,,,,,,,,,,,,,,,,,,,,,,,,,,,
vehicle-harness-kits,Vehicle Harness Kits,"<h1>Federal Signal Vehicle Harness Kits</h1><p>Federal Signal vehicle harness kits provide the pre-terminated wiring assemblies that connect warning lights, sirens, and controllers to vehicle power, ground, and control inputs — reducing installation time, eliminating wiring errors, and ensuring the correct conductor gauge and connector types for reliable long-term operation on patrol vehicles and apparatus.</p><h2>Why departments and installers choose Federal Signal Vehicle Harness Kits</h2><ul>
<li>
<strong>Vehicle-specific pre-terminated assemblies</strong> → harness kits engineered for common patrol platforms with correct connector types, routing paths, and conductor lengths for each vehicle</li>
<li>
<strong>Eliminates wiring errors</strong> → pre-made assemblies remove the opportunity for field wiring mistakes that cause equipment malfunctions and warranty issues</li>
<li>
<strong>Correct conductor gauge</strong> → conductors sized for the actual current loads of Federal Signal warning equipment, preventing voltage drop and heat buildup in undersized field wiring</li>
<li>
<strong>Plug-and-play installation</strong> → pre-terminated connectors match Federal Signal controller and warning light connection points for direct installation without crimping or splicing</li>
<li>
<strong>Convergence Network harnesses</strong> → dedicated harness kits for FS Convergence Network installations ensure proper signal integrity across all connected devices</li>
</ul><h2>Technical Specs</h2><table><tbody>
<tr>
<td>Compatibility</td>
<td>Federal Signal warning and siren systems — vehicle-specific</td>
</tr>
<tr>
<td>Warranty</td>
<td>Federal Signal limited warranty</td>
</tr>
</tbody></table><p><em>Contact us with your vehicle platform and equipment configuration to confirm the correct harness kit.</em></p><h2>Ordering from TFR Supply</h2><p>TFR Supply is an authorized Federal Signal dealer serving Texas law enforcement, fire, and EMS agencies. Every order ships direct to your location — no middleman, no inventory delays. Government and department accounts receive tax-exempt checkout and agency pricing. Need installation? Our sister company <a href=""https://www.tx1rs.com"">Texas First Response Services</a> provides professional upfit services across Texas. Create a department account or reach out directly to get started.</p>",Federal Signal,Vehicles & Parts > Vehicle Parts & Accessories > Motor Vehicle Parts > Motor Vehicle Lighting,Vehicle Lighting Accessories,"Application_Law Enforcement, Brand_Federal Signal, Category_Accessories, Category_Emergency Vehicle Equipment, Federal Signal, Law Enforcement, Product_Mounting Kit, Use_Fleet Upfitting, Use_Law Enforcement, Use_Public Safety, Vehicle Harness",false,Model,VHARN1,,Vehicle,Universal Vehicle Harness Kit 1,,,,,VHARN1,0.0,,0,continue,manual,2429.00,,true,true,,,,,,https://cdn.shopify.com/s/files/1/0725/9330/9807/files/obd-cables-police-menu-png.webp?v=1781535537,1,Vehicle Harness Kits product image for TFR Supply emergency vehicle upfitting,false,Vehicle Harness Kits | Federal Signal | TFRSupply,Vehicle Harness Kits — Federal Signal authorized dealer. Shop TFRSupply for law enforcement and fire apparatus equipment.,3318,,,VHARN1,new,FALSE,,,,,,Vehicle Harness Kits — Federal Signal authorized dealer. Shop TFRSupply for law enforcement and fire apparatus equipment.,Vehicle Harness Kits | Federal Signal | TFRSupply,new,FALSE,3318,,,,,lb,,,draft
vehicle-harness-kits,,,,,,,,,EXPHARN01,,,Dodge Charger,,,,,EXPHARN01,0.0,,0,continue,manual,187.00,,true,true,,,,,,,,,,,,,,,,,,,,,,,,,,,,,,,,lb,,,
vehicle-harness-kits,,,,,,,,,EXPHARN03,,,FPIU,,,,,EXPHARN03,0.0,,0,continue,manual,187.00,,true,true,,,,,,,,,,,,,,,,,,,,,,,,,,,,,,,,lb,,,
vehicle-harness-kits,,,,,,,,,EXPHARN04,,,Multi-Vehicle,,,,,EXPHARN04,0.0,,0,continue,manual,417.00,,true,true,,,,,,,,,,,,,,,,,,,,,,,,,,,,,,,,lb,,,
vehicle-harness-kits,,,,,,,,,EXPHARN05,,,Multi-Vehicle Alt,,,,,EXPHARN05,0.0,,0,continue,manual,255.00,,true,true,,,,,,,,,,,,,,,,,,,,,,,,,,,,,,,,lb,,,
vehicle-harness-kits,,,,,,,,,EXPHARN06,,,FPIU 2020,,,,,EXPHARN06,0.0,,0,continue,manual,187.00,,true,true,,,,,,,,,,,,,,,,,,,,,,,,,,,,,,,,lb,,,
siren-accessories,Siren Accessories,"<h1>Federal Signal Siren Accessories</h1><p>Genuine Federal Signal accessories for siren and PA systems — microphones, mounting hardware, relay modules, extension cables, and replacement components that maintain full siren system performance across the service life of your vehicles.</p><h2>Why departments choose Federal Signal Siren Accessories</h2><ul>
<li>
<strong>Noise-canceling microphones</strong> → Federal Signal noise-canceling PA microphones optimized to reduce siren and road noise bleed-through during PA broadcasts</li>
<li>
<strong>Mounting hardware</strong> → vehicle-specific mounting brackets and hardware for controller head placement in standard console positions</li>
<li>
<strong>Relay modules</strong> → additional relay outputs for systems requiring more switched outputs than the base siren controller provides</li>
<li>
<strong>Extension cables</strong> → remote cable extensions for controller head placement when the amplifier must be mounted remotely from the operator position</li>
<li>
<strong>Replacement components</strong> → individual components to restore full system performance without full siren replacement</li>
</ul><h2>Technical Specs</h2><table><tbody>
<tr>
<td>Compatibility</td>
<td>Federal Signal Pathfinder, PA300, PA4000, MS4000, SSP2000B and other siren families</td>
</tr>
<tr>
<td>Warranty</td>
<td>Federal Signal limited warranty</td>
</tr>
</tbody></table><p><em>Contact us with your siren model to confirm the correct accessory.</em></p><h2>Ordering from TFR Supply</h2><p>TFR Supply is an authorized Federal Signal dealer serving Texas law enforcement, fire, and EMS agencies. Every order ships direct to your location — no middleman, no inventory delays. Government and department accounts receive tax-exempt checkout and agency pricing. Need installation? Our sister company <a href=""https://www.tx1rs.com"">Texas First Response Services</a> provides professional upfit services across Texas. Create a department account or reach out directly to get started.</p>",Federal Signal,Vehicles & Parts > Vehicle Parts & Accessories > Motor Vehicle Parts > Motor Vehicle Lighting,Vehicle Lighting Accessories,"Application_Fire EMS, Application_Law Enforcement, Brand_Federal Signal, Category_Accessories, Category_Emergency Vehicle Equipment, Federal Signal, Fire EMS, Law Enforcement, Product_Accessory, Product_Siren Speaker, Siren Accessories, Use_Fleet Upfitting, Use_Law Enforcement, Use_Public Safety",false,Model,RMK,,Type,Mic Extension Kit SS2000,,,,,RMK,0.0,,0,continue,manual,144.00,,true,true,,,,,,https://cdn.shopify.com/s/files/1/0725/9330/9807/files/serial-interface-module-fsjoin-programmable-Z858303641A-menu.webp?v=1781535536,1,Siren Accessories product image for TFR Supply emergency vehicle upfitting,false,Siren Accessories | Federal Signal | TFRSupply,Siren Accessories — Federal Signal authorized dealer. Shop TFRSupply for law enforcement and fire apparatus equipment.,3318,,,RMK,new,FALSE,,,,,,Siren Accessories — Federal Signal authorized dealer. Shop TFRSupply for law enforcement and fire apparatus equipment.,Siren Accessories | Federal Signal | TFRSupply,new,FALSE,3318,,,,,lb,,,draft
siren-accessories,,,,,,,,,RMK-PF400,,,Remote Mic Kit PF400,,,,,RMK-PF400,0.0,,0,continue,manual,75.00,,true,true,,,,,,,,,,,,,,,,,,,,,,,,,,,,,,,,lb,,,
siren-accessories,,,,,,,,,ULM60-PF,,,Mic Adapter ULM60 Pathfinder,,,,,ULM60-PF,0.0,,0,continue,manual,1020.00,,true,true,,,,,,,,,,,,,,,,,,,,,,,,,,,,,,,,lb,,,
siren-accessories,,,,,,,,,ULM60-RJ11,,,Mic Adapter ULM60 RJ11,,,,,ULM60-RJ11,0.0,,0,continue,manual,896.00,,true,true,,,,,,,,,,,,,,,,,,,,,,,,,,,,,,,,lb,,,
siren-accessories,,,,,,,,,ULM60-SSP,,,Mic Adapter ULM60 SSP,,,,,ULM60-SSP,0.0,,0,continue,manual,896.00,,true,true,,,,,,,,,,,,,,,,,,,,,,,,,,,,,,,,lb,,,
siren-accessories,,,,,,,,,UM3500K,,,Undercover Rotary Switch,,,,,UM3500K,0.0,,0,continue,manual,462.00,,true,true,,,,,,,,,,,,,,,,,,,,,,,,,,,,,,,,lb,,,
siren-accessories,,,,,,,,,Q-MT,,,Q2B Bumper Mount Kit,,,,,Q-MT,0.0,,0,continue,manual,253.00,,true,true,,,,,,,,,,,,,,,,,,,,,,,,,,,,,,,,lb,,,
siren-accessories,,,,,,,,,QL64MBLK,,,Trim Ring 6x4 Black,,,,,QL64MBLK,0.0,,0,continue,manual,34.00,,true,true,,,,,,,,,,,,,,,,,,,,,,,,,,,,,,,,lb,,,
siren-accessories,,,,,,,,,QL73MBLK,,,Trim Ring 7x3 Black,,,,,QL73MBLK,0.0,,0,continue,manual,34.00,,true,true,,,,,,,,,,,,,,,,,,,,,,,,,,,,,,,,lb,,,
siren-accessories,,,,,,,,,QL97MBLK,,,Trim Ring 9x7 Black,,,,,QL97MBLK,0.0,,0,continue,manual,45.00,,true,true,,,,,,,,,,,,,,,,,,,,,,,,,,,,,,,,lb,,,
siren-accessories,,,,,,,,,MNCT-SD,,,Microphone MNCT Series D,,,,,MNCT-SD,0.0,,0,continue,manual,185.00,,true,true,,,,,,,,,,,,,,,,,,,,,,,,,,,,,,,,lb,,,
siren-accessories,,,,,,,,,DSM,,,Dash Siren Mount Bezel PA300,,,,,DSM,0.0,,0,continue,manual,79.00,,true,true,,,,,,,,,,,,,,,,,,,,,,,,,,,,,,,,lb,,,
siren-accessories,,,,,,,,,CB1,,,50 Amp Circuit Breaker Kit,,,,,CB1,0.0,,0,continue,manual,38.00,,true,true,,,,,,,,,,,,,,,,,,,,,,,,,,,,,,,,lb,,,
siren-accessories,,,,,,,,,761300,,,Harness Adapter Kit PA300,,,,,'761300,0.0,,0,continue,manual,38.00,,true,true,,,,,,,,,,,,,,,,,,,,,,,,,,,,,,,,lb,,,
siren-accessories,,,,,,,,,8216113-UP,,,SC1000-PA Microphone,,,,,8216113-UP,0.0,,0,continue,manual,148.00,,true,true,,,,,,,,,,,,,,,,,,,,,,,,,,,,,,,,lb,,,
siren-accessories,,,,,,,,,BPFMT-EF,,,BP100 Speaker Bracket Grille,,,,,BPFMT-EF,0.0,,0,continue,manual,100.00,,true,true,,,,,,,,,,,,,,,,,,,,,,,,,,,,,,,,lb,,,
siren-accessories,,,,,,,,,OBDCABLE16-7,,,OBD Cable Ford PF2 Interface,,,,,OBDCABLE16-7,0.0,,0,continue,manual,249.00,,true,true,,,,,,,,,,,,,,,,,,,,,,,,,,,,,,,,lb,,,
rumbler-mounting-brackets,Rumbler® Mounting Brackets,"<h1>Federal Signal Rumbler® Mounting Brackets</h1><p>Vehicle-specific mounting brackets for the Federal Signal Rumbler® low-frequency speaker system — the hardware that positions Rumbler woofers in the correct front-of-vehicle location for maximum intersection-clearing effectiveness. Getting Rumbler placement right is critical to its effectiveness; these brackets put the woofers exactly where they need to be.</p><h2>Why departments choose Rumbler Mounting Brackets</h2><ul>
<li>
<strong>Vehicle-specific fitment</strong> → brackets engineered for direct fit on Ford PIU, Tahoe PPV, Durango Pursuit, and other common patrol platforms — no fabrication, drilling, or modification required</li>
<li>
<strong>Correct placement for maximum effectiveness</strong> → proper bracket positioning places Rumbler woofers at the front of the vehicle where low-frequency output reaches civilian vehicles most effectively at intersections</li>
<li>
<strong>Structural rating</strong> → brackets rated for the weight and dynamic load of Rumbler woofers at highway speeds and over rough roads</li>
<li>
<strong>Corrosion-resistant finish</strong> → protected against rust and road-salt corrosion for the full patrol vehicle service life</li>
<li>
<strong>Integrates with DFC push bumper system</strong> → select brackets integrate with DFC Series push bumpers for a unified front-end installation</li>
</ul><h2>Technical Specs</h2><table><tbody>
<tr>
<td>Compatibility</td>
<td>Federal Signal Rumbler® low-frequency speaker systems</td>
</tr>
<tr>
<td>Warranty</td>
<td>Federal Signal limited warranty</td>
</tr>
</tbody></table><p><em>Contact us with your vehicle platform to confirm the correct Rumbler mounting bracket.</em></p><h2>Ordering from TFR Supply</h2><p>TFR Supply is an authorized Federal Signal dealer serving Texas law enforcement, fire, and EMS agencies. Every order ships direct to your location — no middleman, no inventory delays. Government and department accounts receive tax-exempt checkout and agency pricing. Need installation? Our sister company <a href=""https://www.tx1rs.com"">Texas First Response Services</a> provides professional upfit services across Texas. Create a department account or reach out directly to get started.</p>",Federal Signal,Vehicles & Parts > Vehicle Parts & Accessories > Motor Vehicle Parts > Motor Vehicle Lighting,Vehicle Lighting Accessories,"Application_Law Enforcement, Brand_Federal Signal, Category_Emergency Vehicle Equipment, Category_Speaker, Family_Rumbler, Federal Signal, Law Enforcement, Low Frequency Speaker, Product_Mounting Kit, Rumbler, Use_Fleet Upfitting, Use_Law Enforcement, Use_Public Safety",false,Vehicle,Universal,,Bracket Type,Universal Compact/Solo,,,,,RB-UNIV,0.0,,0,continue,manual,77.00,,true,true,,,,,,https://cdn.shopify.com/s/files/1/0725/9330/9807/files/RB-UNIV.jpg?v=1781074499,1,Rumbler® Mounting Brackets - RB-UNIV - Federal Signal emergency vehicle equipment,false,Rumbler® Mounting Brackets | Federal Signal | TFRSupply,Rumbler® Mounting Brackets — Federal Signal authorized dealer. Shop TFRSupply for law enforcement and fire apparatus equipment.,3318,,,RB-UNIV,new,FALSE,,,,,,Rumbler® Mounting Brackets — Federal Signal authorized dealer. Shop TFRSupply for law enforcement and fire apparatus equipment.,Rumbler® Mounting Brackets | Federal Signal | TFRSupply,new,FALSE,3318,,,,,lb,,,draft
rumbler-mounting-brackets,,,,,,,,,Universal,,,Actuation Switch Kit,,,,,RB-SW,0.0,,0,continue,manual,74.00,,true,true,,,,,,https://cdn.shopify.com/s/files/1/0725/9330/9807/files/RBS-CHGR15.jpg?v=1781074500,2,Rumbler® Mounting Brackets - RBS-CHGR15 - Federal Signal emergency vehicle equipment,,,,,,,,,,,,,,,,,,,,,,,,lb,,,
rumbler-mounting-brackets,,,,,,,,,Charger 2015,,,Standard,,,,,RB-CHGR15,0.0,,0,continue,manual,82.00,,true,true,,,,,,https://cdn.shopify.com/s/files/1/0725/9330/9807/files/RBC1-RAM19ND-C15.jpg?v=1781074501,3,Rumbler® Mounting Brackets - RBC1-RAM19ND-C15 - Federal Signal emergency vehicle equipment,,,,,,,,,,,,,,,,,,,,,,,,lb,,,
rumbler-mounting-brackets,,,,,,,,,Charger 2015,,,Solo,,,,,RBS-CHGR15,0.0,,0,continue,manual,67.00,,true,true,,,,,,https://cdn.shopify.com/s/files/1/0725/9330/9807/files/RBC2-RAM19ND-C15.jpg?v=1781074501,4,Rumbler® Mounting Brackets - RBC2-RAM19ND-C15 - Federal Signal emergency vehicle equipment,,,,,,,,,,,,,,,,,,,,,,,,lb,,,
rumbler-mounting-brackets,,,,,,,,,Durango 2015-18,,,Standard,,,,,RB-DUR15,0.0,,0,continue,manual,95.00,,true,true,,,,,,https://cdn.shopify.com/s/files/1/0725/9330/9807/files/RBC1PB-DUR21.jpg?v=1781074500,5,Rumbler® Mounting Brackets - RBC1PB-DUR21 - Federal Signal emergency vehicle equipment,,,,,,,,,,,,,,,,,,,,,,,,lb,,,
rumbler-mounting-brackets,,,,,,,,,Durango 2019+,,,1 Compact No-Drill,,,,,RBC1-RAM19ND-C15,0.0,,0,continue,manual,67.00,,true,true,,,,,,https://cdn.shopify.com/s/files/1/0725/9330/9807/files/RBC2PB-DUR21.jpg?v=1781074501,6,Rumbler® Mounting Brackets - RBC2PB-DUR21 - Federal Signal emergency vehicle equipment,,,,,,,,,,,,,,,,,,,,,,,,lb,,,
rumbler-mounting-brackets,,,,,,,,,Durango 2019+,,,2 Compact No-Drill,,,,,RBC2-RAM19ND-C15,0.0,,0,continue,manual,77.00,,true,true,,,,,,https://cdn.shopify.com/s/files/1/0725/9330/9807/files/RBC2-DUR23ND.jpg?v=1781074501,7,Rumbler® Mounting Brackets - RBC2-DUR23ND - Federal Signal emergency vehicle equipment,,,,,,,,,,,,,,,,,,,,,,,,lb,,,
rumbler-mounting-brackets,,,,,,,,,Durango 2021+ Pitbar,,,1 Compact,,,,,RBC1PB-DUR21,0.0,,0,continue,manual,67.00,,true,true,,,,,,https://cdn.shopify.com/s/files/1/0725/9330/9807/files/RBS-DUR23ND.jpg?v=1781074500,8,Rumbler® Mounting Brackets - RBS-DUR23ND - Federal Signal emergency vehicle equipment,,,,,,,,,,,,,,,,,,,,,,,,lb,,,
rumbler-mounting-brackets,,,,,,,,,Durango 2021+ Pitbar,,,2 Compact,,,,,RBC2PB-DUR21,0.0,,0,continue,manual,77.00,,true,true,,,,,,https://cdn.shopify.com/s/files/1/0725/9330/9807/files/RBC1-EXP25ND.jpg?v=1781074501,9,Rumbler® Mounting Brackets - RBC1-EXP25ND - Federal Signal emergency vehicle equipment,,,,,,,,,,,,,,,,,,,,,,,,lb,,,
rumbler-mounting-brackets,,,,,,,,,Durango 2021+ Westin,,,1 Compact,,,,,RBC1PB-DUR21-WES,0.0,,0,continue,manual,67.00,,true,true,,,,,,https://cdn.shopify.com/s/files/1/0725/9330/9807/files/RBC2-EXP25ND.jpg?v=1781074501,10,Rumbler® Mounting Brackets - RBC2-EXP25ND - Federal Signal emergency vehicle equipment,,,,,,,,,,,,,,,,,,,,,,,,lb,,,
rumbler-mounting-brackets,,,,,,,,,Durango 2021+ Westin,,,2 Compact,,,,,RBC2PB-DUR21-WES,0.0,,0,continue,manual,77.00,,true,true,,,,,,https://cdn.shopify.com/s/files/1/0725/9330/9807/files/RBS-FPIU20ND.jpg?v=1781074501,11,Rumbler® Mounting Brackets - RBS-FPIU20ND - Federal Signal emergency vehicle equipment,,,,,,,,,,,,,,,,,,,,,,,,lb,,,
rumbler-mounting-brackets,,,,,,,,,Durango 2023+,,,2 Compact No-Drill,,,,,RBC2-DUR23ND,0.0,,0,continue,manual,77.00,,true,true,,,,,,https://cdn.shopify.com/s/files/1/0725/9330/9807/files/RBC-FPIU25ND.jpg?v=1781074501,12,Rumbler® Mounting Brackets - RBC-FPIU25ND - Federal Signal emergency vehicle equipment,,,,,,,,,,,,,,,,,,,,,,,,lb,,,
rumbler-mounting-brackets,,,,,,,,,Durango 2023+,,,Solo No-Drill,,,,,RBS-DUR23ND,0.0,,0,continue,manual,67.00,,true,true,,,,,,https://cdn.shopify.com/s/files/1/0725/9330/9807/files/RBC2-FPIU25ND.jpg?v=1781074501,13,Rumbler® Mounting Brackets - RBC2-FPIU25ND - Federal Signal emergency vehicle equipment,,,,,,,,,,,,,,,,,,,,,,,,lb,,,
rumbler-mounting-brackets,,,,,,,,,Expedition 2022+,,,1 Compact No-Drill,,,,,RBC1-EXP22ND,0.0,,0,continue,manual,67.00,,true,true,,,,,,https://cdn.shopify.com/s/files/1/0725/9330/9807/files/RBC2-FRD15ND.jpg?v=1781074501,14,Rumbler® Mounting Brackets - RBC2-FRD15ND - Federal Signal emergency vehicle equipment,,,,,,,,,,,,,,,,,,,,,,,,lb,,,
rumbler-mounting-brackets,,,,,,,,,Expedition 2022+,,,2 Compact No-Drill,,,,,RBC2-EXP22ND,0.0,,0,continue,manual,77.00,,true,true,,,,,,https://cdn.shopify.com/s/files/1/0725/9330/9807/files/RBC2-TAH21ND.jpg?v=1781074501,15,Rumbler® Mounting Brackets - RBC2-TAH21ND - Federal Signal emergency vehicle equipment,,,,,,,,,,,,,,,,,,,,,,,,lb,,,
rumbler-mounting-brackets,,,,,,,,,Expedition 2018,,,Dual Rumbler,,,,,ESBR2-EXP18,0.0,,0,continue,manual,161.00,,true,true,,,,,,https://cdn.shopify.com/s/files/1/0725/9330/9807/files/RBS-TAH21ND.jpg?v=1781074500,16,Rumbler® Mounting Brackets - RBS-TAH21ND - Federal Signal emergency vehicle equipment,,,,,,,,,,,,,,,,,,,,,,,,lb,,,
rumbler-mounting-brackets,,,,,,,,,Expedition 2025,,,1 Compact No-Drill,,,,,RBC1-EXP25ND,0.0,,0,continue,manual,67.00,,true,true,,,,,,,,,,,,,,,,,,,,,,,,,,,,,,,,lb,,,
rumbler-mounting-brackets,,,,,,,,,Expedition 2025,,,2 Compact No-Drill,,,,,RBC2-EXP25ND,0.0,,0,continue,manual,77.00,,true,true,,,,,,,,,,,,,,,,,,,,,,,,,,,,,,,,lb,,,
rumbler-mounting-brackets,,,,,,,,,FPIU 2020,,,Standard No-Drill,,,,,RB-FPIU20,0.0,,0,continue,manual,79.00,,true,true,,,,,,,,,,,,,,,,,,,,,,,,,,,,,,,,lb,,,
rumbler-mounting-brackets,,,,,,,,,FPIU 2020 Pitbar,,,1 Compact,,,,,RBC1PB-FPIU20,0.0,,0,continue,manual,67.00,,true,true,,,,,,,,,,,,,,,,,,,,,,,,,,,,,,,,lb,,,
rumbler-mounting-brackets,,,,,,,,,FPIU 2020 Pitbar,,,2 Compact,,,,,RBC2PB-FPIU20,0.0,,0,continue,manual,77.00,,true,true,,,,,,,,,,,,,,,,,,,,,,,,,,,,,,,,lb,,,
rumbler-mounting-brackets,,,,,,,,,FPIU 2020,,,2 Compact No-Drill,,,,,RBC2-FPIU20ND,0.0,,0,continue,manual,77.00,,true,true,,,,,,,,,,,,,,,,,,,,,,,,,,,,,,,,lb,,,
rumbler-mounting-brackets,,,,,,,,,FPIU 2020,,,Solo No-Drill,,,,,RBS-FPIU20ND,0.0,,0,continue,manual,67.00,,true,true,,,,,,,,,,,,,,,,,,,,,,,,,,,,,,,,lb,,,
rumbler-mounting-brackets,,,,,,,,,FPIU 2025,,,1 Compact No-Drill,,,,,RBC-FPIU25ND,0.0,,0,continue,manual,67.00,,true,true,,,,,,,,,,,,,,,,,,,,,,,,,,,,,,,,lb,,,
rumbler-mounting-brackets,,,,,,,,,FPIU 2025,,,2 Compact No-Drill,,,,,RBC2-FPIU25ND,0.0,,0,continue,manual,77.00,,true,true,,,,,,,,,,,,,,,,,,,,,,,,,,,,,,,,lb,,,
rumbler-mounting-brackets,,,,,,,,,FPIU 2021 Eco Pitbar,,,2 Compact,,,,,RBC2PB-FPIU21-ECO,0.0,,0,continue,manual,77.00,,true,true,,,,,,,,,,,,,,,,,,,,,,,,,,,,,,,,lb,,,
rumbler-mounting-brackets,,,,,,,,,F-150 2015,,,Standard No-Drill,,,,,RB-FRD15,0.0,,0,continue,manual,79.00,,true,true,,,,,,,,,,,,,,,,,,,,,,,,,,,,,,,,lb,,,
rumbler-mounting-brackets,,,,,,,,,F-150 2021+,,,2 Compact No-Drill,,,,,RBC2-FRD15ND,0.0,,0,continue,manual,77.00,,true,true,,,,,,,,,,,,,,,,,,,,,,,,,,,,,,,,lb,,,
rumbler-mounting-brackets,,,,,,,,,Ford Heavy Duty 2017,,,Standard,,,,,RB-FHD17,0.0,,0,continue,manual,95.00,,true,true,,,,,,,,,,,,,,,,,,,,,,,,,,,,,,,,lb,,,
rumbler-mounting-brackets,,,,,,,,,Ford Explorer 2023,,,2 Compact,,,,,RBC2-ES23,0.0,,0,continue,manual,88.00,,true,true,,,,,,,,,,,,,,,,,,,,,,,,,,,,,,,,lb,,,
rumbler-mounting-brackets,,,,,,,,,Ford Explorer 2023,,,Solo,,,,,RBS-ES23,0.0,,0,continue,manual,67.00,,true,true,,,,,,,,,,,,,,,,,,,,,,,,,,,,,,,,lb,,,
rumbler-mounting-brackets,,,,,,,,,Tahoe 2021,,,Standard No-Drill,,,,,RB-TAH21,0.0,,0,continue,manual,79.00,,true,true,,,,,,,,,,,,,,,,,,,,,,,,,,,,,,,,lb,,,
rumbler-mounting-brackets,,,,,,,,,Tahoe 2021,,,2 Compact No-Drill,,,,,RBC2-TAH21ND,0.0,,0,continue,manual,77.00,,true,true,,,,,,,,,,,,,,,,,,,,,,,,,,,,,,,,lb,,,
rumbler-mounting-brackets,,,,,,,,,Tahoe 2021,,,Solo No-Drill,,,,,RBS-TAH21ND,0.0,,0,continue,manual,67.00,,true,true,,,,,,,,,,,,,,,,,,,,,,,,,,,,,,,,lb,,,
rumbler-low-frequency-speaker,Rumbler® Low Frequency Speaker,"<h1>Federal Signal Rumbler® Low Frequency Speaker</h1><p>The Federal Signal Rumbler® is the industry-standard intersection-clearing technology for law enforcement — delivering low-frequency audio output that reaches inside civilian vehicles up to 10 dB louder than standard siren tones, getting drivers' attention and clearing intersections more effectively when it matters most.</p><h2>Why departments choose the Federal Signal Rumbler</h2><ul>
<li>
<strong>Up to 10 dB more sound pressure inside civilian vehicles</strong> → low-frequency output physically penetrates the vehicle cabin in a way that high-frequency siren tones cannot, reaching drivers who cannot hear standard sirens through modern sound insulation and loud audio systems</li>
<li>
<strong>Intersection clearing effectiveness</strong> → Rumbler is specifically engineered for the intersection approach scenario where officer-involved vehicle collisions most commonly occur</li>
<li>
<strong>Integrated with Pathfinder controllers</strong> → Rumbler capability is built into the Pathfinder PF200 and PF400, requiring no separate amplifier for single-channel Rumbler operation</li>
<li>
<strong>RUMBLER-3 kit for dual-tone + Rumbler</strong> → the RUMBLER-3 package adds a separate amplifier enabling simultaneous dual-tone siren and full Rumbler operation</li>
<li>
<strong>Compatible with all major Federal Signal sirens</strong> → Rumbler woofers pair with PA300, PA4000, MS4000, SSP2000B, and Pathfinder controllers</li>
<li>Vehicle-specific mounting brackets available</li>
</ul><h2>Technical Specs</h2><table><tbody>
<tr>
<td>Output Advantage</td>
<td>Up to 10 dB higher SPL inside civilian vehicles vs. standard siren</td>
</tr>
<tr>
<td>Compatible Controllers</td>
<td>Pathfinder PF200, PF400, PA300, PA4000, MS4000, SSP2000B</td>
</tr>
<tr>
<td>Warranty</td>
<td>Federal Signal standard warranty</td>
</tr>
</tbody></table><p><em>Contact us or log into your department account to confirm Rumbler woofer and mounting kit for your vehicle platform.</em></p><h2>Ordering from TFR Supply</h2><p>TFR Supply is an authorized Federal Signal dealer serving Texas law enforcement, fire, and EMS agencies. Every order ships direct to your location — no middleman, no inventory delays. Government and department accounts receive tax-exempt checkout and agency pricing. Need installation? Our sister company <a href=""https://www.tx1rs.com"">Texas First Response Services</a> provides professional upfit services across Texas. Create a department account or reach out directly to get started.</p>",Federal Signal,Vehicles & Parts > Vehicle Parts & Accessories > Motor Vehicle Parts > Motor Vehicle Lighting,Sirens & Speakers,"Application_Law Enforcement, Brand_Federal Signal, Category_Emergency Vehicle Equipment, Category_Speaker, Family_Rumbler, Federal Signal, Law Enforcement, Low Frequency Speaker, Product_Siren Speaker, Rumbler, Use_Fleet Upfitting, Use_Law Enforcement, Use_Public Safety",true,Model,RUMBLER-3,,Configuration,Complete System — 2 Standard Speakers,,,,,RUMBLER-3,0.0,,0,continue,manual,1403.00,,true,true,,,,,,https://cdn.shopify.com/s/files/1/0725/9330/9807/files/rumbler-low-frequency-speaker-police-menu-png.webp?v=1781535539,1,Rumbler® Speaker product image for TFR Supply emergency vehicle upfitting,false,Rumbler® Low Frequency Speaker | Federal Signal | TFRSupply,Rumbler® Low Frequency Speaker — Federal Signal authorized dealer. Shop TFRSupply for law enforcement and fire apparatus equipment.,3318,,,RUMBLER-3,new,FALSE,,,,,,Rumbler® Low Frequency Speaker — Federal Signal authorized dealer. Shop TFRSupply for law enforcement and fire apparatus equipment.,Rumbler® Low Frequency Speaker | Federal Signal | TFRSupply,new,FALSE,3318,,,,,lb,,,active
rumbler-low-frequency-speaker,,,,,,,,,RUMBLER-C2,,,Complete System — 2 Compact Speakers,,,,,RUMBLER-C2,0.0,,0,continue,manual,1362.00,,true,true,,,,,,https://cdn.shopify.com/s/files/1/0725/9330/9807/files/RBKIT-SOLO.jpg?v=1781074499,2,Rumbler® Low Frequency Speaker - RBKIT-SOLO - Federal Signal emergency vehicle equipment,,,,,,,,,,,,,,,,,,,,,,,,lb,,,
rumbler-low-frequency-speaker,,,,,,,,,RUMBLER-SOLO,,,Complete System — 1 Solo Speaker,,,,,RUMBLER-SOLO,0.0,,0,continue,manual,1617.00,,true,true,,,,,,,,,,,,,,,,,,,,,,,,,,,,,,,,lb,,,
rumbler-low-frequency-speaker,,,,,,,,,RBKIT1,,,Kit — 1 Standard Speaker,,,,,RBKIT1,0.0,,0,continue,manual,405.00,,true,true,,,,,,,,,,,,,,,,,,,,,,,,,,,,,,,,lb,,,
rumbler-low-frequency-speaker,,,,,,,,,RBKIT1-COMPACT,,,Kit — 1 Compact Speaker,,,,,RBKIT1-COMPACT,0.0,,0,continue,manual,434.00,,true,true,,,,,,,,,,,,,,,,,,,,,,,,,,,,,,,,lb,,,
rumbler-low-frequency-speaker,,,,,,,,,RBKIT2,,,Kit — 2 Standard Speakers,,,,,RBKIT2,0.0,,0,continue,manual,674.00,,true,true,,,,,,,,,,,,,,,,,,,,,,,,,,,,,,,,lb,,,
rumbler-low-frequency-speaker,,,,,,,,,RBKIT2-COMPACT,,,Kit — 2 Compact Speakers,,,,,RBKIT2-COMPACT,0.0,,0,continue,manual,654.00,,true,true,,,,,,,,,,,,,,,,,,,,,,,,,,,,,,,,lb,,,
rumbler-low-frequency-speaker,,,,,,,,,RBKIT-SOLO,,,Kit — 1 Solo Speaker,,,,,RBKIT-SOLO,0.0,,0,continue,manual,902.00,,true,true,,,,,,,,,,,,,,,,,,,,,,,,,,,,,,,,lb,,,
es100-speaker-bundle-kits,ES100C Speaker Bundle Kits,"<h1>Federal Signal DynaMax® ES100C Speaker Bundle Kits</h1><p>Federal Signal ES100C speaker bundle kits provide everything needed for a complete siren speaker installation in a single order — speaker, mounting bracket, and all necessary hardware for clean professional installation on patrol vehicles, fire apparatus, and EMS units. Bundle kits eliminate the need to source speaker and bracket separately and ensure component compatibility.</p><h2>Why departments choose ES100C Bundle Kits</h2><ul>
<li>
<strong>Complete installation package</strong> → speaker, bracket, and hardware in a single kit eliminates sourcing delays and ensures every component is compatible before the vehicle goes into the build</li>
<li>
<strong>Vehicle-specific bracket</strong> → bracket is matched to the vehicle platform specified at order time, providing direct fit without fabrication</li>
<li>
<strong>ES100C speaker included</strong> → DynaMax ES100C 100-watt siren speaker delivers the full output capability of compatible Federal Signal siren controllers</li>
<li>
<strong>SAE J1849 optimized placement</strong> → bundle kit bracket positions the speaker as far forward on the vehicle as possible per SAE recommended practice</li>
<li>
<strong>Reduced installation time</strong> → kitted installation is faster than sourcing, verifying, and assembling separate components on a vehicle build</li>
</ul><h2>Technical Specs</h2><table><tbody>
<tr>
<td>Includes</td>
<td>ES100C speaker, vehicle-specific mounting bracket, hardware</td>
</tr>
<tr>
<td>Speaker Power</td>
<td>100W</td>
</tr>
<tr>
<td>Compatibility</td>
<td>Pathfinder PF200, PF400, PA300, PA4000, MS4000, SSP2000B</td>
</tr>
<tr>
<td>Warranty</td>
<td>Federal Signal standard warranty</td>
</tr>
</tbody></table><p><em>Contact us with your vehicle platform to confirm the correct ES100C bundle kit.</em></p><h2>Ordering from TFR Supply</h2><p>TFR Supply is an authorized Federal Signal dealer serving Texas law enforcement, fire, and EMS agencies. Every order ships direct to your location — no middleman, no inventory delays. Government and department accounts receive tax-exempt checkout and agency pricing. Need installation? Our sister company <a href=""https://www.tx1rs.com"">Texas First Response Services</a> provides professional upfit services across Texas. Create a department account or reach out directly to get started.</p>",Federal Signal,Vehicles & Parts > Vehicle Parts & Accessories > Motor Vehicle Parts > Motor Vehicle Lighting,Vehicle Lighting Accessories,"Application_Fire EMS, Application_Law Enforcement, Brand_Federal Signal, Category_Emergency Vehicle Equipment, Category_Speaker, Family_ES100, Federal Signal, Fire EMS, Law Enforcement, Product_Mounting Kit, Product_Siren Speaker, Speaker, Use_Fleet Upfitting, Use_Law Enforcement, Use_Public Safety",true,Model,ES100-ESFMT-EF,,Vehicle,Universal EF,,,,,ES100-ESFMT-EF,0.0,,0,continue,manual,878.00,,true,true,,,,,,https://cdn.shopify.com/s/files/1/0725/9330/9807/files/dynaMax-es100c_hero_-576x576_jpg.webp?v=1781381181,1,ES100C Speaker Bundle Kits product image for TFR Supply emergency vehicle upfitting,false,ES100C Speaker Bundle Kits | Federal Signal | TFRSupply,ES100C Speaker Bundle Kits — Federal Signal authorized dealer. Shop TFRSupply for law enforcement and fire apparatus equipment.,3318,,,ES100-ESFMT-EF,new,FALSE,,,,,,ES100C Speaker Bundle Kits — Federal Signal authorized dealer. Shop TFRSupply for law enforcement and fire apparatus equipment.,ES100C Speaker Bundle Kits | Federal Signal | TFRSupply,new,FALSE,3318,,,,,lb,,,active
es100-speaker-bundle-kits,,,,,,,,,ES100-ESFMT-EFB,,,Universal EF Black,,,,,ES100-ESFMT-EFB,0.0,,0,continue,manual,967.00,,true,true,,,,,,https://cdn.shopify.com/s/files/1/0725/9330/9807/files/dynaMax-es100c-ES100C-menu-png.webp?v=1781535540,2,ES100C Speaker Bundle Kits product image for TFR Supply emergency vehicle upfitting,,,,,,,,,,,,,,,,,,,,,,,,lb,,,
es100-speaker-bundle-kits,,,,,,,,,ES100-ESFMT-LL,,,Universal LL,,,,,ES100-ESFMT-LL,0.0,,0,continue,manual,878.00,,true,true,,,,,,,,,,,,,,,,,,,,,,,,,,,,,,,,lb,,,
es100-speaker-bundle-kits,,,,,,,,,ES100-FTH,,,Ford F-150,,,,,ES100-FTH,0.0,,0,continue,manual,1133.00,,true,true,,,,,,,,,,,,,,,,,,,,,,,,,,,,,,,,lb,,,
es100-speaker-bundle-kits,,,,,,,,,ES100-FTRANS,,,Ford Transit,,,,,ES100-FTRANS,0.0,,0,continue,manual,1133.00,,true,true,,,,,,,,,,,,,,,,,,,,,,,,,,,,,,,,lb,,,
es100-speaker-bundle-kits,,,,,,,,,ES100-SPRNTR19,,,Ford Sprinter 2019,,,,,ES100-SPRNTR19,0.0,,0,continue,manual,902.00,,true,true,,,,,,,,,,,,,,,,,,,,,,,,,,,,,,,,lb,,,
es100-speaker-bundle-kits,,,,,,,,,ES100-TERRA,,,Terra,,,,,ES100-TERRA,0.0,,0,continue,manual,878.00,,true,true,,,,,,,,,,,,,,,,,,,,,,,,,,,,,,,,lb,,,
bp200-speaker,BP200 200W Speaker,"<h1>Federal Signal BP200 — 200-Watt Siren Speaker</h1><p>The Federal Signal BP200 is a 200-watt siren speaker built for high-output emergency siren systems on fire apparatus, large EMS units, and law enforcement vehicles requiring maximum audio projection. At 200 watts, the BP200 doubles the output capability of 100-watt speaker systems, delivering the sound pressure levels required for large apparatus operating in high-noise urban environments.</p><h2>Why departments choose the BP200</h2><ul>
<li>
<strong>200-watt output</strong> → double the audio power of standard 100-watt speaker systems — the right choice for large fire apparatus, ambulances, and high-priority law enforcement vehicles where maximum siren projection is required</li>
<li>
<strong>High sound pressure level</strong> → 200W output delivers the dB levels needed to penetrate traffic noise in dense urban environments at the intersection approaches where emergency vehicle collisions most commonly occur</li>
<li>
<strong>Weather-sealed construction</strong> → speaker cone and housing sealed for external vehicle mounting across all weather conditions</li>
<li>
<strong>Compatible with high-output Federal Signal siren controllers</strong> → pairs with PA4000, MS4000, and other Federal Signal controllers rated for 200-watt speaker loads</li>
<li>
<strong>SAE J1849 compliant installation</strong> → mount as far forward on the vehicle as possible per SAE recommended practice for maximum forward projection</li>
</ul><h2>Technical Specs</h2><table><tbody>
<tr>
<td>Power Rating</td>
<td>200W</td>
</tr>
<tr>
<td>Compatible Controllers</td>
<td>PA4000, MS4000, and 200W-rated Federal Signal controllers</td>
</tr>
<tr>
<td>Warranty</td>
<td>Federal Signal standard warranty</td>
</tr>
</tbody></table><p><em>Contact us or log into your department account to confirm controller compatibility and mounting hardware for your vehicle.</em></p><h2>Ordering from TFR Supply</h2><p>TFR Supply is an authorized Federal Signal dealer serving Texas law enforcement, fire, and EMS agencies. Every order ships direct to your location — no middleman, no inventory delays. Government and department accounts receive tax-exempt checkout and agency pricing. Need installation? Our sister company <a href=""https://www.tx1rs.com"">Texas First Response Services</a> provides professional upfit services across Texas. Create a department account or reach out directly to get started.</p>",Federal Signal,Vehicles & Parts > Vehicle Parts & Accessories > Motor Vehicle Parts > Motor Vehicle Lighting,Sirens & Speakers,"Application_Fire EMS, Application_Law Enforcement, Brand_Federal Signal, Category_Emergency Vehicle Equipment, Category_Speaker, Federal Signal, Fire EMS, Law Enforcement, Product_Siren Speaker, Speaker, Use_Fleet Upfitting, Use_Law Enforcement, Use_Public Safety",true,Model,BP200-EF,,Configuration,EF Grille,,,,,BP200-EF,0.0,,0,continue,manual,968.00,,true,true,,,,,,https://cdn.shopify.com/s/files/1/0725/9330/9807/files/bp-series-BP200-EF-menu-768x768.png?v=1781535534,1,BP200 Speaker product image for TFR Supply emergency vehicle upfitting,false,BP200 200W Speaker | Federal Signal | TFRSupply,BP200 200W Speaker — Federal Signal authorized dealer. Shop TFRSupply for law enforcement and fire apparatus equipment.,3318,,,BP200-EF,new,FALSE,,,,,,BP200 200W Speaker — Federal Signal authorized dealer. Shop TFRSupply for law enforcement and fire apparatus equipment.,BP200 200W Speaker | Federal Signal | TFRSupply,new,FALSE,3318,,,,,lb,,,active
bp200-speaker,,,,,,,,,BP200-Q,,,Q-Siren,,,,,BP200-Q,0.0,,0,continue,manual,1319.00,,true,true,,,,,,https://cdn.shopify.com/s/files/1/0725/9330/9807/files/BP200-EF.jpg?v=1781074481,2,BP200 Speaker product image for TFR Supply emergency vehicle upfitting,,,,,,,,,,,,,,,,,,,,,,,,lb,,,
ts100-n-siren-speaker,TS100-N Siren Speaker,"<h1>Federal Signal TS100-N Siren Speaker</h1><p>The Federal Signal TS100-N is a 100-watt siren speaker built for patrol vehicles, EMS units, and fire apparatus requiring a high-quality, durable siren speaker for use with Pathfinder, PA300, PA4000, and other Federal Signal siren controllers.</p><h2>Why departments choose the TS100-N</h2><ul>
<li>
<strong>100-watt siren speaker</strong> → rated for the full 100-watt output of Pathfinder and PA-series Federal Signal siren controllers, delivering full system output without derating</li>
<li>
<strong>Clear tone reproduction</strong> → speaker cone and magnet assembly optimized for the tone frequencies produced by Federal Signal electronic sirens, delivering clear Wail, Yelp, Priority, Hi-Lo, and air horn tones</li>
<li>
<strong>Weather-sealed for external mounting</strong> → sealed housing rated for front-bumper and grille mounting across all weather conditions</li>
<li>
<strong>Compatible with Pathfinder PF200 and PF400</strong> → direct drop-in compatibility with the most widely deployed Federal Signal siren controllers</li>
<li>
<strong>SAE J1849 compliant</strong> → designed for forward-facing, front-of-vehicle mounting per SAE emergency vehicle siren placement standards</li>
</ul><h2>Technical Specs</h2><table><tbody>
<tr>
<td>Power Rating</td>
<td>100W</td>
</tr>
<tr>
<td>Compatible Controllers</td>
<td>Pathfinder PF200, PF400, PA300, PA4000, MS4000, SSP2000B</td>
</tr>
<tr>
<td>Warranty</td>
<td>Federal Signal standard warranty</td>
</tr>
</tbody></table><p><em>Contact us or log into your department account to confirm mounting hardware and bundle kit options for your vehicle.</em></p><h2>Ordering from TFR Supply</h2><p>TFR Supply is an authorized Federal Signal dealer serving Texas law enforcement, fire, and EMS agencies. Every order ships direct to your location — no middleman, no inventory delays. Government and department accounts receive tax-exempt checkout and agency pricing. Need installation? Our sister company <a href=""https://www.tx1rs.com"">Texas First Response Services</a> provides professional upfit services across Texas. Create a department account or reach out directly to get started.</p>",Federal Signal,Vehicles & Parts > Vehicle Parts & Accessories > Motor Vehicle Parts > Motor Vehicle Lighting,Sirens & Speakers,"Application_Fire EMS, Application_Law Enforcement, Brand_Federal Signal, Category_Emergency Vehicle Equipment, Category_Speaker, Federal Signal, Fire EMS, Law Enforcement, Product_Siren Speaker, Speaker, Use_Fleet Upfitting, Use_Law Enforcement, Use_Public Safety",true,Model,TS100-N,,Type,Neo Magnet,,,,,TS100-N,0.0,,0,continue,manual,349.00,,true,true,,,,,,https://cdn.shopify.com/s/files/1/0725/9330/9807/files/ts100-n-Speaker-TS100-N-menu-png.webp?v=1781535538,1,TS100-N Siren Speaker product image for TFR Supply emergency vehicle upfitting,false,TS100-N Siren Speaker | Federal Signal | TFRSupply,TS100-N Siren Speaker — Federal Signal authorized dealer. Shop TFRSupply for law enforcement and fire apparatus equipment.,3318,,,TS100-N,new,FALSE,,,,,,TS100-N Siren Speaker — Federal Signal authorized dealer. Shop TFRSupply for law enforcement and fire apparatus equipment.,TS100-N Siren Speaker | Federal Signal | TFRSupply,new,FALSE,3318,,,,,lb,,,active
as124-speaker,AS124 Speaker,"<h1>Federal Signal AS124 Siren Speaker</h1><p>The Federal Signal AS124 siren speaker delivers reliable 100-watt output in a compact, field-proven housing suitable for patrol vehicles, EMS units, and fire apparatus. The AS124 has a long track record across law enforcement fleets and remains a trusted choice for departments standardizing on Federal Signal audio systems.</p><h2>Why departments choose the AS124</h2><ul>
<li>
<strong>Compact 100-watt housing</strong> → delivers full 100W siren output in a housing sized for tight front bumper and grille mounting positions on patrol vehicles</li>
<li>
<strong>Compatible with Federal Signal siren lineup</strong> → direct compatibility with Pathfinder PF200, PF400, PA300, PA4000, and other Federal Signal siren controllers</li>
<li>
<strong>Field-proven durability</strong> → AS124 has a long track record in law enforcement fleet applications across demanding patrol environments</li>
<li>
<strong>Weather-sealed construction</strong> → sealed for forward-facing external mounting across rain, road debris, and temperature extremes</li>
<li>
<strong>SAE J1849 placement</strong> → designed for front-of-vehicle installation per SAE recommended practice</li>
</ul><h2>Technical Specs</h2><table><tbody>
<tr>
<td>Power Rating</td>
<td>100W</td>
</tr>
<tr>
<td>Compatible Controllers</td>
<td>Pathfinder PF200, PF400, PA300, PA4000, MS4000, SSP2000B</td>
</tr>
<tr>
<td>Warranty</td>
<td>Federal Signal standard warranty</td>
</tr>
</tbody></table><p><em>Contact us or log into your department account to confirm mounting hardware options for your vehicle platform.</em></p><h2>Ordering from TFR Supply</h2><p>TFR Supply is an authorized Federal Signal dealer serving Texas law enforcement, fire, and EMS agencies. Every order ships direct to your location — no middleman, no inventory delays. Government and department accounts receive tax-exempt checkout and agency pricing. Need installation? Our sister company <a href=""https://www.tx1rs.com"">Texas First Response Services</a> provides professional upfit services across Texas. Create a department account or reach out directly to get started.</p>",Federal Signal,Vehicles & Parts > Vehicle Parts & Accessories > Motor Vehicle Parts > Motor Vehicle Lighting,Sirens & Speakers,"Application_Fire EMS, Application_Law Enforcement, Brand_Federal Signal, Category_Emergency Vehicle Equipment, Category_Speaker, Family_AS124, Federal Signal, Fire EMS, Law Enforcement, Product_Siren Speaker, Speaker, Use_Fleet Upfitting, Use_Law Enforcement, Use_Public Safety",true,Model,750501,,Mount,Standard,,,,,'750501,0.0,,0,continue,manual,311.00,,true,true,,,,,,https://cdn.shopify.com/s/files/1/0725/9330/9807/files/as124-750501-menu-png.webp?v=1781535540,1,AS124 Speaker product image for TFR Supply emergency vehicle upfitting,false,AS124 Speaker | Federal Signal | TFRSupply,AS124 Speaker — Federal Signal authorized dealer. Shop TFRSupply for law enforcement and fire apparatus equipment.,3318,,,'750501,new,FALSE,,,,,,AS124 Speaker — Federal Signal authorized dealer. Shop TFRSupply for law enforcement and fire apparatus equipment.,AS124 Speaker | Federal Signal | TFRSupply,new,FALSE,3318,,,,,lb,,,active
as124-speaker,,,,,,,,,750501V,,,Vertical Mount,,,,,750501V,0.0,,0,continue,manual,311.00,,true,true,,,,,,https://cdn.shopify.com/s/files/1/0725/9330/9807/files/as124_fielddriver-576x576_jpg.webp?v=1781381181,2,AS124 Speaker product image for TFR Supply emergency vehicle upfitting,,,,,,,,,,,,,,,,,,,,,,,,lb,,,
es100c-siren-speaker,DynaMax® ES100C Siren Speaker,"<h1>Federal Signal DynaMax® ES100C Siren Speaker</h1><p>The Federal Signal DynaMax® ES100C is the current-generation standard siren speaker for law enforcement and emergency vehicle applications — a 100-watt, weather-sealed speaker engineered for front-bumper and grille mounting on patrol vehicles, EMS units, and fire command vehicles.</p><h2>Why departments choose the DynaMax ES100C</h2><ul>
<li>
<strong>Current-generation Federal Signal standard</strong> → the ES100C is Federal Signal's standard 100-watt patrol vehicle siren speaker, engineered for direct compatibility across the current Federal Signal siren and controller lineup</li>
<li>
<strong>DynaMax technology</strong> → advanced speaker design delivers optimized tone clarity and maximum dB output for the siren frequencies produced by Federal Signal electronic controllers</li>
<li>
<strong>Weather-sealed external mount</strong> → sealed for front-bumper and push bumper mounting in rain, road debris, and temperature extremes</li>
<li>
<strong>Compatible with Pathfinder PF200 and PF400</strong> → the primary recommended speaker for Pathfinder-equipped patrol vehicles</li>
<li>
<strong>Bundle kits available</strong> → ES100C bundle kits include vehicle-specific mounting bracket for a complete, single-order speaker installation package</li>
<li>SAE J1849 optimized</li>
</ul><h2>Technical Specs</h2><table><tbody>
<tr>
<td>Power Rating</td>
<td>100W</td>
</tr>
<tr>
<td>Compatible Controllers</td>
<td>Pathfinder PF200, PF400, PA300, PA4000, MS4000, SSP2000B</td>
</tr>
<tr>
<td>Bundle Available</td>
<td>Yes — vehicle-specific bracket kits available</td>
</tr>
<tr>
<td>Warranty</td>
<td>Federal Signal standard warranty</td>
</tr>
</tbody></table><p><em>Contact us or log into your department account to confirm mounting bracket and bundle kit options for your vehicle.</em></p><h2>Ordering from TFR Supply</h2><p>TFR Supply is an authorized Federal Signal dealer serving Texas law enforcement, fire, and EMS agencies. Every order ships direct to your location — no middleman, no inventory delays. Government and department accounts receive tax-exempt checkout and agency pricing. Need installation? Our sister company <a href=""https://www.tx1rs.com"">Texas First Response Services</a> provides professional upfit services across Texas. Create a department account or reach out directly to get started.</p>",Federal Signal,Vehicles & Parts > Vehicle Parts & Accessories > Motor Vehicle Parts > Motor Vehicle Lighting,Sirens & Speakers,"Application_Fire EMS, Application_Law Enforcement, Brand_Federal Signal, Category_Emergency Vehicle Equipment, Category_Speaker, Family_ES100, Federal Signal, Fire EMS, Law Enforcement, Product_Siren Speaker, Speaker, Use_Fleet Upfitting, Use_Law Enforcement, Use_Public Safety",true,Model,ES100C,,Connector,Standard,,,,,ES100C,0.0,,0,continue,manual,432.00,,true,true,,,,,,https://cdn.shopify.com/s/files/1/0725/9330/9807/files/dynaMax-es100c_hero_-576x576_jpg.webp?v=1781381181,1,ES100C Speaker Bundle Kits product image for TFR Supply emergency vehicle upfitting,false,DynaMax® ES100C Siren Speaker | Federal Signal | TFRSupply,DynaMax® ES100C Siren Speaker — Federal Signal authorized dealer. Shop TFRSupply for law enforcement and fire apparatus equipment.,3318,,,ES100C,new,FALSE,,,,,,DynaMax® ES100C Siren Speaker — Federal Signal authorized dealer. Shop TFRSupply for law enforcement and fire apparatus equipment.,DynaMax® ES100C Siren Speaker | Federal Signal | TFRSupply,new,FALSE,3318,,,,,lb,,,active
es100c-siren-speaker,,,,,,,,,ES100C-DEU,,,Deutsch Connector,,,,,ES100C-DEU,0.0,,0,continue,manual,452.00,,true,true,,,,,,,,,,,,,,,,,,,,,,,,,,,,,,,,lb,,,
650-series-remote-microphone-siren,650 Series Remote Microphone-Controlled Siren,"<h1>Federal Signal 650 Series Remote Microphone-Controlled Siren</h1><p>The Federal Signal 650 Series is a remotely controlled electronic siren designed for law enforcement vehicles that require siren activation from a microphone control unit rather than a traditional panel-mounted controller — simplifying the operator interface for patrol vehicles where console space or mounting position limits conventional controller installation.</p><h2>Why departments choose the 650 Series</h2><ul>
<li>
<strong>Microphone-controlled interface</strong> → siren function controlled directly from the microphone unit, reducing the number of separate control devices required in the vehicle console</li>
<li>
<strong>Remote mounting capability</strong> → amplifier mounts remotely from the operator position, allowing the siren unit to be placed in engine compartment or trunk without a full control head at the console</li>
<li>
<strong>Multiple siren tones</strong> → Wail, Yelp, Priority, and PA functions available from the microphone control</li>
<li>
<strong>100-watt output</strong> → compatible with Federal Signal 100-watt speaker lineup</li>
<li>
<strong>Law enforcement optimized</strong> → designed for the mounting constraints and operational requirements of patrol vehicle installations</li>
</ul><h2>Technical Specs</h2><table><tbody>
<tr>
<td>Output</td>
<td>100W</td>
</tr>
<tr>
<td>Control Type</td>
<td>Remote microphone</td>
</tr>
<tr>
<td>Application</td>
<td>Law Enforcement</td>
</tr>
<tr>
<td>Warranty</td>
<td>Federal Signal standard warranty</td>
</tr>
</tbody></table><p><em>Contact us or log into your department account to confirm 650 Series availability and compatible speaker options.</em></p><h2>Ordering from TFR Supply</h2><p>TFR Supply is an authorized Federal Signal dealer serving Texas law enforcement, fire, and EMS agencies. Every order ships direct to your location — no middleman, no inventory delays. Government and department accounts receive tax-exempt checkout and agency pricing. Need installation? Our sister company <a href=""https://www.tx1rs.com"">Texas First Response Services</a> provides professional upfit services across Texas. Create a department account or reach out directly to get started.</p>",Federal Signal,Vehicles & Parts > Vehicle Parts & Accessories > Motor Vehicle Parts > Motor Vehicle Lighting,Sirens & Speakers,"Application_Law Enforcement, Brand_Federal Signal, Category_Emergency Vehicle Equipment, Category_Siren, Controller, Federal Signal, Law Enforcement, Product_Controller, Product_Siren Speaker, Siren, Technology_Electronic, Use_Fleet Upfitting, Use_Law Enforcement, Use_Public Safety",true,Model,650001,,Configuration,Standard 12V,,,,,'650001,0.0,,0,continue,manual,795.00,,true,true,,,,,,https://cdn.shopify.com/s/files/1/0725/9330/9807/files/650-series_hero__jpg.webp?v=1781381182,1,650 Series Siren product image for TFR Supply emergency vehicle upfitting,false,650 Series Remote Microphone-Controlled Siren | Federal Signal | TFRSupply,650 Series Remote Microphone-Controlled Siren — Federal Signal authorized dealer. Shop TFRSupply for law enforcement and fire apparatus equipment.,3318,,,'650001,new,FALSE,,,,,,650 Series Remote Microphone-Controlled Siren — Federal Signal authorized dealer. Shop TFRSupply for law enforcement and fire apparatus equipment.,650 Series Remote Microphone-Controlled Siren | Federal Signal | TFRSupply,new,FALSE,3318,,,,,lb,,,active
650-series-remote-microphone-siren,,,,,,,,,650002,,,NY Configuration 12V,,,,,'650002,0.0,,0,continue,manual,832.00,,true,true,,,,,,,,,,,,,,,,,,,,,,,,,,,,,,,,lb,,,
650-series-remote-microphone-siren,,,,,,,,,650003,,,Standard 12V Alt,,,,,'650003,0.0,,0,continue,manual,848.00,,true,true,,,,,,,,,,,,,,,,,,,,,,,,,,,,,,,,lb,,,
650-series-remote-microphone-siren,,,,,,,,,650007,,,Standard 12V Alt2,,,,,'650007,0.0,,0,continue,manual,795.00,,true,true,,,,,,,,,,,,,,,,,,,,,,,,,,,,,,,,lb,,,
650-series-remote-microphone-siren,,,,,,,,,2020277,,,SCS1000-D 30W,,,,,'2020277,0.0,,0,continue,manual,323.00,,true,true,,,,,,,,,,,,,,,,,,,,,,,,,,,,,,,,lb,,,
ssp2000b-smart-siren-platinum,SSP2000B Smart Siren Platinum,"<h1>Federal Signal SSP2000B Smart Siren Platinum</h1><p>The Federal Signal SSP2000B Smart Siren Platinum is a high-feature siren and light controller for law enforcement patrol vehicles — delivering multi-tone siren capability, programmable light outputs, PA and radio rebroadcast, and Rumbler intersection clearing capability in a compact, console-mounted control unit.</p><h2>Why departments choose the SSP2000B</h2><ul>
<li>
<strong>Multi-tone siren library</strong> → SmartSiren® Platinum tone library includes Wail, Yelp, Priority, Manual/Peak-and-Hold, Hi-Lo, Powercall, and Air Horn tones</li>
<li>
<strong>Programmable light control outputs</strong> → multiple programmable relay outputs for warning lights, directional warning, takedowns, and alley lights</li>
<li>
<strong>Rumbler intersection clearing</strong> → built-in Rumbler capability for intersection approach safety without a separate amplifier</li>
<li>
<strong>PA and radio rebroadcast</strong> → public address and radio rebroadcast capability for traffic direction and scene management</li>
<li>
<strong>Convergence Network compatible</strong> → programs via Federal Signal's Convergence Network Configuration Software for fleet-wide standardization</li>
</ul><h2>Technical Specs</h2><table><tbody>
<tr>
<td>Output</td>
<td>100/200W</td>
</tr>
<tr>
<td>Application</td>
<td>Law Enforcement</td>
</tr>
<tr>
<td>Warranty</td>
<td>Federal Signal standard warranty</td>
</tr>
</tbody></table><p><em>Contact us or log into your department account to confirm SSP2000B availability and compatible accessories.</em></p><h2>Ordering from TFR Supply</h2><p>TFR Supply is an authorized Federal Signal dealer serving Texas law enforcement, fire, and EMS agencies. Every order ships direct to your location — no middleman, no inventory delays. Government and department accounts receive tax-exempt checkout and agency pricing. Need installation? Our sister company <a href=""https://www.tx1rs.com"">Texas First Response Services</a> provides professional upfit services across Texas. Create a department account or reach out directly to get started.</p>",Federal Signal,Vehicles & Parts > Vehicle Parts & Accessories > Motor Vehicle Parts > Motor Vehicle Lighting,Sirens & Speakers,"Application_Law Enforcement, Brand_Federal Signal, Category_Emergency Vehicle Equipment, Category_Siren, Controller, Federal Signal, Law Enforcement, Product_Siren Speaker, Siren, Technology_Electronic, Use_Fleet Upfitting, Use_Law Enforcement, Use_Public Safety",true,Model,SSP2000B,,Wattage,200W,,,,,SSP2000B,0.0,,0,continue,manual,1896.00,,true,true,,,,,,,,,false,SSP2000B Smart Siren Platinum | Federal Signal | TFRSupply,SSP2000B Smart Siren Platinum — Federal Signal authorized dealer. Shop TFRSupply for law enforcement and fire apparatus equipment.,3318,,,SSP2000B,new,FALSE,,,,,,SSP2000B Smart Siren Platinum — Federal Signal authorized dealer. Shop TFRSupply for law enforcement and fire apparatus equipment.,SSP2000B Smart Siren Platinum | Federal Signal | TFRSupply,new,FALSE,3318,,,,,lb,,,active
ms4000-series-siren,MS4000 Series Siren,"<h1>Federal Signal MS4000 Series Siren</h1><p>The Federal Signal MS4000 Series is a high-output siren and public address system for fire apparatus, ambulances, and law enforcement command vehicles requiring enhanced audio output beyond the standard 100/200-watt tier. The MS4000 delivers powerful PA capability and full siren tone control for large apparatus operating in high-noise environments.</p><h2>Why departments choose the MS4000 Series</h2><ul>
<li>
<strong>High-output siren capability</strong> → MS4000 is rated for larger speaker loads and delivers higher audio output for fire apparatus and vehicles operating in high-ambient-noise environments</li>
<li>
<strong>Full public address capability</strong> → enhanced PA system for scene management, crowd control, and traffic direction on large apparatus and command vehicles</li>
<li>
<strong>Multiple siren tones</strong> → full Federal Signal tone library including Wail, Yelp, Hi-Lo, Priority, Air Horn, and Q2B electronic tones</li>
<li>
<strong>Rumbler compatible</strong> → pairs with Rumbler woofer system for intersection clearing on fire apparatus and EMS units</li>
<li>
<strong>Convergence Network compatible</strong> → programs via Convergence Network Configuration Software for fleet standardization</li>
<li>NFPA 1901 compliant</li>
</ul><h2>Technical Specs</h2><table><tbody>
<tr>
<td>Application</td>
<td>Fire apparatus, EMS, Law Enforcement command</td>
</tr>
<tr>
<td>Certifications</td>
<td>NFPA 1901</td>
</tr>
<tr>
<td>Warranty</td>
<td>Federal Signal standard warranty</td>
</tr>
</tbody></table><p><em>Contact us or log into your department account to confirm MS4000 availability and compatible speaker and controller options.</em></p><h2>Ordering from TFR Supply</h2><p>TFR Supply is an authorized Federal Signal dealer serving Texas law enforcement, fire, and EMS agencies. Every order ships direct to your location — no middleman, no inventory delays. Government and department accounts receive tax-exempt checkout and agency pricing. Need installation? Our sister company <a href=""https://www.tx1rs.com"">Texas First Response Services</a> provides professional upfit services across Texas. Create a department account or reach out directly to get started.</p>",Federal Signal,Vehicles & Parts > Vehicle Parts & Accessories > Motor Vehicle Parts > Motor Vehicle Lighting,Sirens & Speakers,"Application_Fire EMS, Application_Law Enforcement, Brand_Federal Signal, Category_Emergency Vehicle Equipment, Category_Siren, Controller, Federal Signal, Fire EMS, Law Enforcement, Product_Siren Speaker, Siren, Technology_Electronic, Use_Fleet Upfitting, Use_Law Enforcement, Use_Public Safety",true,Model,MS4000,,Configuration,Standard,,,,,MS4000,0.0,,0,continue,manual,843.00,,true,true,,,,,,https://cdn.shopify.com/s/files/1/0725/9330/9807/files/ms4000-MS4000-menu-png.webp?v=1781535539,1,MS4000 Series Siren product image for TFR Supply emergency vehicle upfitting,false,MS4000 Series Siren | Federal Signal | TFRSupply,MS4000 Series Siren — Federal Signal authorized dealer. Shop TFRSupply for law enforcement and fire apparatus equipment.,3318,,,MS4000,new,FALSE,,,,,,MS4000 Series Siren — Federal Signal authorized dealer. Shop TFRSupply for law enforcement and fire apparatus equipment.,MS4000 Series Siren | Federal Signal | TFRSupply,new,FALSE,3318,,,,,lb,,,active
ms4000-series-siren,,,,,,,,,MS4000U,,,Undercover,,,,,MS4000U,0.0,,0,continue,manual,843.00,,true,true,,,,,,https://cdn.shopify.com/s/files/1/0725/9330/9807/files/MS4000_100-Watt_Mini-Siren.webp?v=1781535533,2,MS4000 Series Siren product image for TFR Supply emergency vehicle upfitting,,,,,,,,,,,,,,,,,,,,,,,,lb,,,
pa4000-series-siren,PA4000 Series Siren,"<h1>Federal Signal PA4000 Series Siren</h1><p>The Federal Signal PA4000 Series delivers programmable siren and public address capability for law enforcement, fire, and EMS vehicles requiring a capable, full-featured siren controller. The PA4000 provides the core siren tones, PA function, and light control outputs that support a complete patrol or apparatus warning system installation.</p><h2>Why departments choose the PA4000 Series</h2><ul>
<li>
<strong>Full siren tone library</strong> → Wail, Yelp, Hi-Lo, Priority, Manual/Peak-and-Hold, Powercall, and Air Horn tones</li>
<li>
<strong>PA and radio rebroadcast</strong> → public address and radio rebroadcast for scene management and traffic direction</li>
<li>
<strong>Programmable light outputs</strong> → relay outputs for warning lights, directional warning, and auxiliary equipment control</li>
<li>
<strong>Rumbler compatible</strong> → pairs with Rumbler woofer system for intersection clearing capability</li>
<li>
<strong>Speaker diagnostic capability</strong> → built-in speaker diagnostic LEDs identify speaker connection issues before the vehicle deploys</li>
<li>
<strong>12/24 VDC operation</strong> → compatible with both 12-volt patrol vehicles and 24-volt apparatus</li>
</ul><h2>Technical Specs</h2><table><tbody>
<tr>
<td>Input Voltage</td>
<td>12/24 VDC</td>
</tr>
<tr>
<td>Application</td>
<td>Law Enforcement, Fire/EMS</td>
</tr>
<tr>
<td>Warranty</td>
<td>Federal Signal standard warranty</td>
</tr>
</tbody></table><p><em>Contact us or log into your department account to confirm PA4000 availability and compatible accessories.</em></p><h2>Ordering from TFR Supply</h2><p>TFR Supply is an authorized Federal Signal dealer serving Texas law enforcement, fire, and EMS agencies. Every order ships direct to your location — no middleman, no inventory delays. Government and department accounts receive tax-exempt checkout and agency pricing. Need installation? Our sister company <a href=""https://www.tx1rs.com"">Texas First Response Services</a> provides professional upfit services across Texas. Create a department account or reach out directly to get started.</p>",Federal Signal,Vehicles & Parts > Vehicle Parts & Accessories > Motor Vehicle Parts > Motor Vehicle Lighting,Sirens & Speakers,"Application_Fire EMS, Application_Law Enforcement, Brand_Federal Signal, Category_Emergency Vehicle Equipment, Category_Siren, Controller, Federal Signal, Fire EMS, Law Enforcement, Product_Siren Speaker, Siren, Technology_Electronic, Use_Fleet Upfitting, Use_Law Enforcement, Use_Public Safety",true,Model,PA4000-200,,Wattage,100/200W,,,,,PA4000-200,0.0,,0,continue,manual,1022.00,,true,true,,,,,,https://cdn.shopify.com/s/files/1/0725/9330/9807/files/pa4000-PA4000-200-StraightOn-403830-900x600-png.webp?v=1781535540,1,PA4000 Series Siren product image for TFR Supply emergency vehicle upfitting,false,PA4000 Series Siren | Federal Signal | TFRSupply,PA4000 Series Siren — Federal Signal authorized dealer. Shop TFRSupply for law enforcement and fire apparatus equipment.,3318,,,PA4000-200,new,FALSE,,,,,,PA4000 Series Siren — Federal Signal authorized dealer. Shop TFRSupply for law enforcement and fire apparatus equipment.,PA4000 Series Siren | Federal Signal | TFRSupply,new,FALSE,3318,,,,,lb,,,active
pa300-series-siren,PA300 Series Siren,"<h1>Federal Signal PA300 Series Siren</h1><p>The Federal Signal PA300 Series is a compact, reliable siren and public address controller trusted by law enforcement and fire agencies across decades of patrol and apparatus service. The PA300 delivers the essential siren tones, PA function, and manual control that define a functional patrol vehicle warning system — proven, dependable, and widely supported.</p><h2>Why departments choose the PA300 Series</h2><ul>
<li>
<strong>Proven, long-service design</strong> → the PA300 Series has been a reliable workhorse across law enforcement and fire fleets, with broad dealer and service network support</li>
<li>
<strong>Core siren tone set</strong> → Wail, Yelp, Hi-Lo, and Manual tones cover standard patrol and apparatus response scenarios</li>
<li>
<strong>Compact controller</strong> → sized for console mounting in standard patrol vehicle positions</li>
<li>
<strong>PA function</strong> → public address capability for traffic direction and scene communications</li>
<li>
<strong>12/24 VDC operation</strong> → compatible with both patrol vehicle and apparatus electrical systems</li>
<li>
<strong>Compatible with standard 100-watt speaker lineup</strong> → AS124, ES100C, TS100-N, and other Federal Signal 100-watt speakers</li>
</ul><h2>Technical Specs</h2><table><tbody>
<tr>
<td>Input Voltage</td>
<td>12/24 VDC</td>
</tr>
<tr>
<td>Application</td>
<td>Law Enforcement, Fire/EMS</td>
</tr>
<tr>
<td>Warranty</td>
<td>Federal Signal standard warranty</td>
</tr>
</tbody></table><p><em>Contact us or log into your department account to confirm PA300 availability and compatible accessories.</em></p><h2>Ordering from TFR Supply</h2><p>TFR Supply is an authorized Federal Signal dealer serving Texas law enforcement, fire, and EMS agencies. Every order ships direct to your location — no middleman, no inventory delays. Government and department accounts receive tax-exempt checkout and agency pricing. Need installation? Our sister company <a href=""https://www.tx1rs.com"">Texas First Response Services</a> provides professional upfit services across Texas. Create a department account or reach out directly to get started.</p>",Federal Signal,Vehicles & Parts > Vehicle Parts & Accessories > Motor Vehicle Parts > Motor Vehicle Lighting,Sirens & Speakers,"Application_Fire EMS, Application_Law Enforcement, Brand_Federal Signal, Category_Emergency Vehicle Equipment, Category_Siren, Controller, Federal Signal, Fire EMS, Law Enforcement, Product_Siren Speaker, Siren, Technology_Electronic, Use_Fleet Upfitting, Use_Law Enforcement, Use_Public Safety",true,Model,PA300-100,,Wattage,100W,,,,,PA300-100,0.0,,0,continue,manual,908.00,,true,true,,,,,,https://cdn.shopify.com/s/files/1/0725/9330/9807/files/pa300-police-menu-png.webp?v=1781535539,1,PA300 Series Siren product image for TFR Supply emergency vehicle upfitting,false,PA300 Series Siren | Federal Signal | TFRSupply,PA300 Series Siren — Federal Signal authorized dealer. Shop TFRSupply for law enforcement and fire apparatus equipment.,3318,,,PA300-100,new,FALSE,,,,,,PA300 Series Siren — Federal Signal authorized dealer. Shop TFRSupply for law enforcement and fire apparatus equipment.,PA300 Series Siren | Federal Signal | TFRSupply,new,FALSE,3318,,,,,lb,,,active
pa300-series-siren,,,,,,,,,690009,,,200W 24V,,,,,'690009,0.0,,0,continue,manual,810.00,,true,true,,,,,,https://cdn.shopify.com/s/files/1/0725/9330/9807/files/PA300-100-100W-siren-police-menu-png.webp?v=1781535540,2,PA300 Series Siren product image for TFR Supply emergency vehicle upfitting,,,,,,,,,,,,,,,,,,,,,,,,lb,,,
pa300-series-siren,,,,,,,,,690010,,,100/200W 12V,,,,,'690010,0.0,,0,continue,manual,810.00,,true,true,,,,,,https://cdn.shopify.com/s/files/1/0725/9330/9807/files/PA300-100.jpg?v=1781074482,3,PA300 Series Siren product image for TFR Supply emergency vehicle upfitting,,,,,,,,,,,,,,,,,,,,,,,,lb,,,
pathway-siren-light-controller,Pathway™ Siren and Light Controller,"<h1>Federal Signal Pathway™ Siren and Light Controller</h1><p>The Federal Signal Pathway™ is a programmable siren and light controller designed for fire apparatus and EMS applications — delivering the full siren tone library, public address capability, and light control outputs required for apparatus warning system installations with the user-friendly interface that keeps operator focus on the road.</p><h2>Why departments choose the Pathway</h2><ul>
<li>
<strong>Apparatus-optimized interface</strong> → Pathway's control layout is designed for fire and EMS operator workflows, placing the most frequently used functions at the most accessible positions</li>
<li>
<strong>Full siren tone library</strong> → Wail, Yelp, Hi-Lo, Priority, Air Horn, and electronic Q2B tone capability</li>
<li>
<strong>PA and radio rebroadcast</strong> → public address for scene communications and radio rebroadcast for hands-free radio relay to bystanders</li>
<li>
<strong>Light control outputs</strong> → programmable relay outputs for warning lights, scene lights, and auxiliary equipment</li>
<li>
<strong>Rumbler compatible</strong> → pairs with Rumbler woofer system for intersection clearing on fire apparatus</li>
<li>
<strong>Convergence Network compatible</strong> → programs via Convergence Network Configuration Software</li>
<li>NFPA 1901 compliant</li>
</ul><h2>Technical Specs</h2><table><tbody>
<tr>
<td>Application</td>
<td>Fire apparatus, EMS</td>
</tr>
<tr>
<td>Certifications</td>
<td>NFPA 1901</td>
</tr>
<tr>
<td>Warranty</td>
<td>Federal Signal standard warranty</td>
</tr>
</tbody></table><p><em>Contact us or log into your department account to confirm Pathway availability and compatible accessories.</em></p><h2>Ordering from TFR Supply</h2><p>TFR Supply is an authorized Federal Signal dealer serving Texas law enforcement, fire, and EMS agencies. Every order ships direct to your location — no middleman, no inventory delays. Government and department accounts receive tax-exempt checkout and agency pricing. Need installation? Our sister company <a href=""https://www.tx1rs.com"">Texas First Response Services</a> provides professional upfit services across Texas. Create a department account or reach out directly to get started.</p>",Federal Signal,Vehicles & Parts > Vehicle Parts & Accessories > Motor Vehicle Parts > Motor Vehicle Lighting,Sirens & Speakers,"Application_Fire EMS, Application_Law Enforcement, Brand_Federal Signal, Category_Emergency Vehicle Equipment, Category_Siren, Controller, Federal Signal, Fire EMS, Law Enforcement, Product_Controller, Product_Siren Speaker, Siren, Technology_Electronic, Use_Fleet Upfitting, Use_Law Enforcement, Use_Public Safety",true,Model,PW100,,Configuration,Self-Contained,,,,,PW100,0.0,,0,continue,manual,1002.00,,true,true,,,,,,https://cdn.shopify.com/s/files/1/0725/9330/9807/files/pathway-police-menu-png.webp?v=1781535539,1,Pathway™ Controller product image for TFR Supply emergency vehicle upfitting,false,Pathway™ Siren and Light Controller | Federal Signal | TFRSupply,Pathway™ Siren and Light Controller — Federal Signal authorized dealer. Shop TFRSupply for law enforcement and fire apparatus equipment.,3318,,,PW100,new,FALSE,,,,,,Pathway™ Siren and Light Controller — Federal Signal authorized dealer. Shop TFRSupply for law enforcement and fire apparatus equipment.,Pathway™ Siren and Light Controller | Federal Signal | TFRSupply,new,FALSE,3318,,,,,lb,,,active
pathway-siren-light-controller,,,,,,,,,PW100H,,,Handheld,,,,,PW100H,0.0,,0,continue,manual,1002.00,,true,true,,,,,,https://cdn.shopify.com/s/files/1/0725/9330/9807/files/PW100H_365aa16e-dc3e-41cf-b879-47fb0521aed7.jpg?v=1781074502,2,Pathway™ Siren and Light Controller - PW100H - Federal Signal emergency vehicle equipment,,,,,,,,,,,,,,,,,,,,,,,,lb,,,
pathway-siren-light-controller,,,,,,,,,PW100R,,,Remote,,,,,PW100R,0.0,,0,continue,manual,1002.00,,true,true,,,,,,https://cdn.shopify.com/s/files/1/0725/9330/9807/files/PW100R_4114d106-ab7b-4233-a51d-6ed5aaffaeac.jpg?v=1781074502,3,Pathway™ Siren and Light Controller - PW100R - Federal Signal emergency vehicle equipment,,,,,,,,,,,,,,,,,,,,,,,,lb,,,
pathway-siren-light-controller,,,,,,,,,PW100S4,,,4-Button,,,,,PW100S4,0.0,,0,continue,manual,1002.00,,true,true,,,,,,https://cdn.shopify.com/s/files/1/0725/9330/9807/files/PW100S4_73a2c03a-6bea-4b3e-8b19-fdd3bd7a32bc.jpg?v=1781074502,4,Pathway™ Siren and Light Controller - PW100S4 - Federal Signal emergency vehicle equipment,,,,,,,,,,,,,,,,,,,,,,,,lb,,,
pathway-siren-light-controller,,,,,,,,,PW100S6,,,6-Button,,,,,PW100S6,0.0,,0,continue,manual,1002.00,,true,true,,,,,,https://cdn.shopify.com/s/files/1/0725/9330/9807/files/PW100S6_1123ae7b-63cf-4564-b5b3-628e7fe80b57.jpg?v=1781074502,5,Pathway™ Siren and Light Controller - PW100S6 - Federal Signal emergency vehicle equipment,,,,,,,,,,,,,,,,,,,,,,,,lb,,,
pathway-siren-light-controller,,,,,,,,,PW100S13,,,13-Button,,,,,PW100S13,0.0,,0,continue,manual,1002.00,,true,true,,,,,,https://cdn.shopify.com/s/files/1/0725/9330/9807/files/PW100S13_83a27b70-03f7-479b-b9d0-beec737df957.jpg?v=1781074502,6,Pathway™ Siren and Light Controller - PW100S13 - Federal Signal emergency vehicle equipment,,,,,,,,,,,,,,,,,,,,,,,,lb,,,
pathfinder-pf200-siren-controller,Pathfinder® PF200 Siren and Light Controller,"<h1>Federal Signal Pathfinder® PF200 Siren and Light Controller</h1><p>The Pathfinder® PF200 is Federal Signal's flagship law enforcement siren and light controller — the only fully automated system combining lights, siren, and Rumbler® control in a single compact unit. The PF200 integrates with OBDII, door sensors, brake inputs, and high-beam activation to automate critical officer safety functions, keeping officers focused on the pursuit or the stop rather than managing warning system controls.</p><h2>Why departments choose the Pathfinder PF200</h2><ul>
<li>
<strong>Fully automated lights and siren</strong> → the only controller that combines automated light, siren, and Rumbler control — door opens deactivate alley lights automatically, braking activates additional brake light modules, horn tap changes siren tone and flash speed</li>
<li>
<strong>100/200W siren with PA and noise-canceling microphone</strong> → delivers full audio output with a noise-canceling mic that reduces siren bleed-through during PA broadcasts</li>
<li>
<strong>Integrated Rumbler® intersection clearing</strong> → built-in Rumbler capability requires no separate amplifier for single-woofer configurations</li>
<li>
<strong>Optional OBDII integration</strong> → vehicle speed, brake, door, and high-beam data feed automated controller responses without officer input</li>
<li>
<strong>Convergence Network Configuration Software</strong> → program one vehicle or an entire fleet from a laptop download, ensuring consistent configuration across every unit</li>
<li>
<strong>7 programmable inputs, 12 programmable solid-state relay outputs</strong> → extensive customization capability for lights, accessories, and auxiliary equipment</li>
<li>Digital voice messages in English, Spanish, and French Canadian</li>
<li>Dual-color Red/Blue backlit buttons for night visibility</li>
<li>Five-year manufacturer warranty</li>
</ul><h2>Technical Specs</h2><table><tbody>
<tr>
<td>Output</td>
<td>100/200W</td>
</tr>
<tr>
<td>Control Options</td>
<td>Self-contained, remote surface-mount, handheld</td>
</tr>
<tr>
<td>Input Voltage</td>
<td>12 VDC</td>
</tr>
<tr>
<td>Certifications</td>
<td>SAE J1849</td>
</tr>
<tr>
<td>Warranty</td>
<td>Five years</td>
</tr>
</tbody></table><p><em>Contact us or log into your department account to confirm PF200 configuration and compatible accessories for your patrol vehicle platform.</em></p><h2>Ordering from TFR Supply</h2><p>TFR Supply is an authorized Federal Signal dealer serving Texas law enforcement, fire, and EMS agencies. Every order ships direct to your location — no middleman, no inventory delays. Government and department accounts receive tax-exempt checkout and agency pricing. Need installation? Our sister company <a href=""https://www.tx1rs.com"">Texas First Response Services</a> provides professional upfit services across Texas. Create a department account or reach out directly to get started.</p>",Federal Signal,Vehicles & Parts > Vehicle Parts & Accessories > Motor Vehicle Parts > Motor Vehicle Lighting,Sirens & Speakers,"Application_Fire EMS, Application_Law Enforcement, Brand_Federal Signal, Category_Emergency Vehicle Equipment, Category_Siren, Controller, Family_Pathfinder, Federal Signal, Fire EMS, Law Enforcement, Product_Controller, Product_Siren Speaker, Siren, Technology_Electronic, Use_Fleet Upfitting, Use_Law Enforcement, Use_Public Safety",true,Model,PF200,,Configuration,Self-Contained,,,,,PF200,0.0,,0,continue,manual,1524.00,,true,true,,,,,,https://cdn.shopify.com/s/files/1/0725/9330/9807/files/pathfinder-PF200-police-menu-png.webp?v=1781535539,1,Pathfinder® PF400 Controller product image for TFR Supply emergency vehicle upfitting,false,Pathfinder® PF200 Siren and Light Controller | Federal Signal | TFRSupply,Pathfinder® PF200 Siren and Light Controller — Federal Signal authorized dealer. Shop TFRSupply for law enforcement and fire apparatus equipment.,3318,,,PF200,new,FALSE,,,,,,Pathfinder® PF200 Siren and Light Controller — Federal Signal authorized dealer. Shop TFRSupply for law enforcement and fire apparatus equipment.,Pathfinder® PF200 Siren and Light Controller | Federal Signal | TFRSupply,new,FALSE,3318,,,,,lb,,,active
pathfinder-pf200-siren-controller,,,,,,,,,PF200AMP,,,Amplifier Only,,,,,PF200AMP,0.0,,0,continue,manual,1524.00,,true,true,,,,,,https://cdn.shopify.com/s/files/1/0725/9330/9807/files/pathfinder-PF200-BlueRedOn-308321-2-900x600-png.webp?v=1781535539,2,Pathfinder® PF400 Controller product image for TFR Supply emergency vehicle upfitting,,,,,,,,,,,,,,,,,,,,,,,,lb,,,
pathfinder-pf200-siren-controller,,,,,,,,,PF200H,,,Handheld,,,,,PF200H,0.0,,0,continue,manual,1789.00,,true,true,,,,,,https://cdn.shopify.com/s/files/1/0725/9330/9807/files/q-siren75-Red-pathfinder-pf400-PF400Q-StackedButtonsOn-40441.png?v=1781535533,3,Pathfinder® PF400 Controller product image for TFR Supply emergency vehicle upfitting,,,,,,,,,,,,,,,,,,,,,,,,lb,,,
pathfinder-pf200-siren-controller,,,,,,,,,PF200R,,,Remote,,,,,PF200R,0.0,,0,continue,manual,1789.00,,true,true,,,,,,https://cdn.shopify.com/s/files/1/0725/9330/9807/files/pathfinder-pf400-police-menu-png.webp?v=1781535539,4,Pathfinder® PF400 Controller product image for TFR Supply emergency vehicle upfitting,,,,,,,,,,,,,,,,,,,,,,,,lb,,,
pathfinder-pf200-siren-controller,,,,,,,,,PF200-RM,,,Removable Mic,,,,,PF200-RM,0.0,,0,continue,manual,1524.00,,true,true,,,,,,https://cdn.shopify.com/s/files/1/0725/9330/9807/files/PF200S13_c4cf76a0-d00e-43ef-9d27-13357127a86d.jpg?v=1781074502,5,Pathfinder® PF200 Siren and Light Controller - PF200S13 - Federal Signal emergency vehicle equipment,,,,,,,,,,,,,,,,,,,,,,,,lb,,,
pathfinder-pf200-siren-controller,,,,,,,,,PF200S4,,,4-Button,,,,,PF200S4,0.0,,0,continue,manual,1624.00,,true,true,,,,,,https://cdn.shopify.com/s/files/1/0725/9330/9807/files/PF200S17B_d07bc50e-0cc0-41de-8b1f-565aec471ac7.jpg?v=1781074502,6,Pathfinder® PF200 Siren and Light Controller - PF200S17B - Federal Signal emergency vehicle equipment,,,,,,,,,,,,,,,,,,,,,,,,lb,,,
pathfinder-pf200-siren-controller,,,,,,,,,PF200S6,,,6-Button,,,,,PF200S6,0.0,,0,continue,manual,1691.00,,true,true,,,,,,https://cdn.shopify.com/s/files/1/0725/9330/9807/files/PF200S17BRK_85fc6764-e120-4d0b-9fa5-e7b734d9910b.jpg?v=1781074502,7,Pathfinder® PF200 Siren and Light Controller - PF200S17BRK - Federal Signal emergency vehicle equipment,,,,,,,,,,,,,,,,,,,,,,,,lb,,,
pathfinder-pf200-siren-controller,,,,,,,,,PF200S9,,,9-Button,,,,,PF200S9,0.0,,0,continue,manual,1691.00,,true,true,,,,,,,,,,,,,,,,,,,,,,,,,,,,,,,,lb,,,
pathfinder-pf200-siren-controller,,,,,,,,,PF200S13,,,13-Button,,,,,PF200S13,0.0,,0,continue,manual,1789.00,,true,true,,,,,,,,,,,,,,,,,,,,,,,,,,,,,,,,lb,,,
pathfinder-pf200-siren-controller,,,,,,,,,PF200S17B,,,17-Button,,,,,PF200S17B,0.0,,0,continue,manual,2409.00,,true,true,,,,,,,,,,,,,,,,,,,,,,,,,,,,,,,,lb,,,
pathfinder-pf200-siren-controller,,,,,,,,,PF200S17BRK,,,17-Button w/Rocker,,,,,PF200S17BRK,0.0,,0,continue,manual,2528.00,,true,true,,,,,,,,,,,,,,,,,,,,,,,,,,,,,,,,lb,,,
pathfinder-pf200-siren-controller,,,,,,,,,PF200S21,,,21-Button,,,,,PF200S21,0.0,,0,continue,manual,2582.00,,true,true,,,,,,,,,,,,,,,,,,,,,,,,,,,,,,,,lb,,,
pathfinder-pf400-siren-controller,Pathfinder® PF400/PF400Q Siren/Light Controller,"<h1>Federal Signal Pathfinder® PF400 / PF400Q Siren and Light Controller</h1><p>The Pathfinder® PF400 builds on the PF200's automated officer safety platform with expanded programmable button capability, multi-tone siren capacity, and — in the PF400Q variant — the legendary Federal Signal Q-Siren® tone built directly into the controller for fire command vehicles and ambulances. The PF400 is the choice for agencies that need maximum siren and light control flexibility from a single unit.</p><h2>Why departments choose the Pathfinder PF400</h2><ul>
<li>
<strong>Expanded programmable button layout</strong> → PF400 provides more programmable buttons than the PF200, supporting larger accessory complements and more complex warning system configurations</li>
<li>
<strong>100+ pre-printed labeling stickers</strong> → customize button labels for alley, gun lock, wail, and dozens of other functions for agency-specific configurations</li>
<li>
<strong>Drives 1–4 speakers up to 100W each</strong> → supports single and dual-tone siren configurations with optional Rumbler intersection clearing</li>
<li>
<strong>PF400Q variant with Q-Siren built in</strong> → for fire command vehicles and ambulances that need the Q2B tone but lack bumper space for a mechanical siren — Q2B tone delivered electronically from the controller itself</li>
<li>
<strong>Full OBDII integration</strong> → same automated officer safety features as PF200, including door-sensor alley light deactivation, brake-activated warning enhancement, and horn-tap siren control</li>
<li>
<strong>Convergence Network Configuration Software</strong> → fleet-wide programming from a laptop</li>
<li>
<strong>Rumbler® compatible</strong> → built-in Rumbler capability for intersection clearing</li>
<li>Five-year manufacturer warranty</li>
</ul><h2>Technical Specs</h2><table><tbody>
<tr>
<td>Output</td>
<td>100W per channel, 1–4 speakers</td>
</tr>
<tr>
<td>Variants</td>
<td>PF400 (standard), PF400Q (with Q-Siren)</td>
</tr>
<tr>
<td>Input Voltage</td>
<td>12 VDC</td>
</tr>
<tr>
<td>Certifications</td>
<td>SAE J1849, NFPA</td>
</tr>
<tr>
<td>Warranty</td>
<td>Five years</td>
</tr>
</tbody></table><p><em>Contact us or log into your department account to confirm PF400 vs. PF400Q and compatible accessories for your application.</em></p><h2>Ordering from TFR Supply</h2><p>TFR Supply is an authorized Federal Signal dealer serving Texas law enforcement, fire, and EMS agencies. Every order ships direct to your location — no middleman, no inventory delays. Government and department accounts receive tax-exempt checkout and agency pricing. Need installation? Our sister company <a href=""https://www.tx1rs.com"">Texas First Response Services</a> provides professional upfit services across Texas. Create a department account or reach out directly to get started.</p>",Federal Signal,Vehicles & Parts > Vehicle Parts & Accessories > Motor Vehicle Parts > Motor Vehicle Lighting,Sirens & Speakers,"Application_Fire EMS, Application_Law Enforcement, Brand_Federal Signal, Category_Emergency Vehicle Equipment, Category_Siren, Controller, Family_Pathfinder, Federal Signal, Fire EMS, Law Enforcement, Product_Controller, Product_Siren Speaker, Siren, Technology_Electronic, Use_Fleet Upfitting, Use_Law Enforcement, Use_Public Safety",true,Model,PF400H,,Configuration,Handheld,,,,,PF400H,0.0,,0,continue,manual,2500.00,,true,true,,,,,,https://cdn.shopify.com/s/files/1/0725/9330/9807/files/pathfinder-pf400-police-menu-png.webp?v=1781535539,1,Pathfinder® PF400 Controller product image for TFR Supply emergency vehicle upfitting,false,Pathfinder® PF400/PF400Q Siren/Light Controller | Federal Signal | TFRSupply,Pathfinder® PF400/PF400Q Siren/Light Controller — Federal Signal authorized dealer. Shop TFRSupply for law enforcement and fire apparatus equipment.,3318,,,PF400H,new,FALSE,,,,,,Pathfinder® PF400/PF400Q Siren/Light Controller — Federal Signal authorized dealer. Shop TFRSupply for law enforcement and fire apparatus equipment.,Pathfinder® PF400/PF400Q Siren/Light Controller | Federal Signal | TFRSupply,new,FALSE,3318,,,,,lb,,,active
pathfinder-pf400-siren-controller,,,,,,,,,PF400Q,,,Q-Tone,,,,,PF400Q,0.0,,0,continue,manual,2691.00,,true,true,,,,,,https://cdn.shopify.com/s/files/1/0725/9330/9807/files/q-siren75-Red-pathfinder-pf400-PF400Q-StackedButtonsOn-40441.png?v=1781535533,2,Pathfinder® PF400 Controller product image for TFR Supply emergency vehicle upfitting,,,,,,,,,,,,,,,,,,,,,,,,lb,,,
pathfinder-pf400-siren-controller,,,,,,,,,PF400QAMP,,,Q-Tone Amp Only,,,,,PF400QAMP,0.0,,0,continue,manual,2450.00,,true,true,,,,,,https://cdn.shopify.com/s/files/1/0725/9330/9807/files/pathfinder-PF200-police-menu-png.webp?v=1781535539,3,Pathfinder® PF400 Controller product image for TFR Supply emergency vehicle upfitting,,,,,,,,,,,,,,,,,,,,,,,,lb,,,
pathfinder-pf400-siren-controller,,,,,,,,,PF400Q-CFD,,,Q-Tone Special CFD,,,,,PF400Q-CFD,0.0,,0,continue,manual,2691.00,,true,true,,,,,,https://cdn.shopify.com/s/files/1/0725/9330/9807/files/pathfinder-PF200-BlueRedOn-308321-2-900x600-png.webp?v=1781535539,4,Pathfinder® PF400 Controller product image for TFR Supply emergency vehicle upfitting,,,,,,,,,,,,,,,,,,,,,,,,lb,,,
pathfinder-pf400-siren-controller,,,,,,,,,PF400QFM,,,Q-Tone FM,,,,,PF400QFM,0.0,,0,continue,manual,2691.00,,true,true,,,,,,https://cdn.shopify.com/s/files/1/0725/9330/9807/files/PF400QS17B_32c89404-6ba3-4a22-8738-f2ee47dfb025.jpg?v=1781074501,5,Pathfinder® PF400/PF400Q Siren/Light Controller - PF400QS17B - Federal Signal emergency vehicle equipment,,,,,,,,,,,,,,,,,,,,,,,,lb,,,
pathfinder-pf400-siren-controller,,,,,,,,,PF400QH,,,Q-Tone Handheld,,,,,PF400QH,0.0,,0,continue,manual,2728.00,,true,true,,,,,,https://cdn.shopify.com/s/files/1/0725/9330/9807/files/PF400QS17BRK_9a43ecf5-35d1-4030-a7f2-7c8a363ffa57.jpg?v=1781074502,6,Pathfinder® PF400/PF400Q Siren/Light Controller - PF400QS17BRK - Federal Signal emergency vehicle equipment,,,,,,,,,,,,,,,,,,,,,,,,lb,,,
pathfinder-pf400-siren-controller,,,,,,,,,PF400QR,,,Q-Tone Remote,,,,,PF400QR,0.0,,0,continue,manual,2728.00,,true,true,,,,,,,,,,,,,,,,,,,,,,,,,,,,,,,,lb,,,
pathfinder-pf400-siren-controller,,,,,,,,,PF400QS13,,,Q-Tone 13-Button,,,,,PF400QS13,0.0,,0,continue,manual,2728.00,,true,true,,,,,,,,,,,,,,,,,,,,,,,,,,,,,,,,lb,,,
pathfinder-pf400-siren-controller,,,,,,,,,PF400QS17B,,,Q-Tone 17-Button,,,,,PF400QS17B,0.0,,0,continue,manual,3341.00,,true,true,,,,,,,,,,,,,,,,,,,,,,,,,,,,,,,,lb,,,
pathfinder-pf400-siren-controller,,,,,,,,,PF400QS17BRK,,,Q-Tone 17-Button Rotary,,,,,PF400QS17BRK,0.0,,0,continue,manual,3449.00,,true,true,,,,,,,,,,,,,,,,,,,,,,,,,,,,,,,,lb,,,
pathfinder-pf400-siren-controller,,,,,,,,,PF400QS21,,,Q-Tone 21-Button,,,,,PF400QS21,0.0,,0,continue,manual,3503.00,,true,true,,,,,,,,,,,,,,,,,,,,,,,,,,,,,,,,lb,,,
pathfinder-pf400-siren-controller,,,,,,,,,PF400R,,,Remote,,,,,PF400R,0.0,,0,continue,manual,2500.00,,true,true,,,,,,,,,,,,,,,,,,,,,,,,,,,,,,,,lb,,,
pathfinder-pf400-siren-controller,,,,,,,,,PF400S17B,,,17-Button,,,,,PF400S17B,0.0,,0,continue,manual,3119.00,,true,true,,,,,,,,,,,,,,,,,,,,,,,,,,,,,,,,lb,,,
pathfinder-pf400-siren-controller,,,,,,,,,PF400S17BRK,,,17-Button Rotary,,,,,PF400S17BRK,0.0,,0,continue,manual,3227.00,,true,true,,,,,,,,,,,,,,,,,,,,,,,,,,,,,,,,lb,,,
pathfinder-pf400-siren-controller,,,,,,,,,PF400S21,,,21-Button,,,,,PF400S21,0.0,,0,continue,manual,3281.00,,true,true,,,,,,,,,,,,,,,,,,,,,,,,,,,,,,,,lb,,,
pathfinder-pf400-siren-controller,,,,,,,,,PF400S6,,,6-Button,,,,,PF400S6,0.0,,0,continue,manual,2400.00,,true,true,,,,,,,,,,,,,,,,,,,,,,,,,,,,,,,,lb,,,
stinger-accessories,Stinger® Accessories & Consumables,"<h1>Federal Signal Stinger® Accessories &amp; Consumables</h1><p>Genuine Federal Signal accessories and consumable components for the Stinger® spike system — replacement spikes, tip guards, grommets, spike replacement tools, and carrying case accessories that keep your Stinger system deployment-ready and operating at full effectiveness.</p><h2>Why departments choose genuine Stinger Accessories</h2><ul>
<li>
<strong>OEM replacement spikes</strong> → genuine Federal Signal hollow stainless steel spikes maintain the controlled deflation performance that Stinger is known for — aftermarket spikes can compromise the gradual air release that prevents dangerous blowouts</li>
<li>
<strong>Tip guards included</strong> → replacement tip guard caps for spike protection and safe handling during re-arming and storage</li>
<li>
<strong>Spike replacement tools</strong> → proper insertion tools for fast, safe field re-arming of deployed spike sets</li>
<li>
<strong>Grommets and retention components</strong> → replacement retention hardware that maintains spike positioning in the deployment strip</li>
<li>
<strong>Restricted sale item</strong> → Stinger accessories are available only to law enforcement agencies — TFR Supply's department account system handles the verification process for qualified agencies</li>
</ul><h2>Technical Specs</h2><table><tbody>
<tr>
<td>Compatible With</td>
<td>Stinger® spike system family</td>
</tr>
<tr>
<td>Sale Restriction</td>
<td>Law enforcement and military only</td>
</tr>
<tr>
<td>Warranty</td>
<td>Federal Signal limited warranty</td>
</tr>
</tbody></table><p><em>Create a department account or contact us to verify agency status and confirm Stinger accessory availability.</em></p><h2>Ordering from TFR Supply</h2><p>TFR Supply is an authorized Federal Signal dealer serving Texas law enforcement, fire, and EMS agencies. Every order ships direct to your location — no middleman, no inventory delays. Government and department accounts receive tax-exempt checkout and agency pricing. Need installation? Our sister company <a href=""https://www.tx1rs.com"">Texas First Response Services</a> provides professional upfit services across Texas. Create a department account or reach out directly to get started.</p>",Federal Signal,Vehicles & Parts > Vehicle Parts & Accessories > Motor Vehicle Parts,Vehicle Lighting Accessories,"Application_Law Enforcement, Brand_Federal Signal, Category_Emergency Vehicle Equipment, Category_Stinger, Federal Signal, Law Enforcement, Product_Accessory, Replacement Parts, Stinger, Use_Fleet Upfitting, Use_Law Enforcement, Use_Public Safety",false,Model,90025,,Type,Single Spike Section,,,,,'90025,0.0,,0,continue,manual,101.00,,true,true,,,,,,https://cdn.shopify.com/s/files/1/0725/9330/9807/files/Stinger-spike-systems_application-576x576_jpg.webp?v=1781381181,1,Stinger® Spike System product image for TFR Supply emergency vehicle upfitting,false,Stinger® Accessories & Consumables | Texas First Response Supply,"Shop professional-grade Stinger® Accessories & Consumables at Texas First Response Supply. Heavy-duty construction, OEM compatibility, and fast shipping. Order today!",899,,,'90025,new,FALSE,,,,,,"Shop professional-grade Stinger® Accessories & Consumables at Texas First Response Supply. Heavy-duty construction, OEM compatibility, and fast shipping. Order today!",Stinger® Accessories & Consumables | Texas First Response Supply,new,FALSE,899,,,,,lb,,,draft
stinger-accessories,,,,,,,,,90400,,,Rope & Spool,,,,,'90400,0.0,,0,continue,manual,35.00,,true,true,,,,,,https://cdn.shopify.com/s/files/1/0725/9330/9807/files/Stinger-spike-systems_hero_-576x576_jpg.webp?v=1781381181,2,Stinger® Spike System product image for TFR Supply emergency vehicle upfitting,,,,,,,,,,,,,,,,,,,,,,,,lb,,,
stinger-accessories,,,,,,,,,91500,,,Rope and Spool 62 ft,,,,,'91500,0.0,,0,continue,manual,47.00,,true,true,,,,,,https://cdn.shopify.com/s/files/1/0725/9330/9807/files/Stinger_replacement.avif?v=1781535528,3,Stinger® Spike System product image for TFR Supply emergency vehicle upfitting,,,,,,,,,,,,,,,,,,,,,,,,lb,,,
stinger-accessories,,,,,,,,,Z50035SSG,,,Insertion Tool,,,,,Z50035SSG,0.0,,0,continue,manual,16.00,,true,true,,,,,,https://cdn.shopify.com/s/files/1/0725/9330/9807/files/Stinger-spike-systems_hero_-600x600_jpg.webp?v=1781535530,4,Stinger® Spike System product image for TFR Supply emergency vehicle upfitting,,,,,,,,,,,,,,,,,,,,,,,,lb,,,
stinger-accessories,,,,,,,,,Z50040B,,,Tip Guard 10-Pack,,,,,Z50040B,0.0,,0,continue,manual,16.00,,true,true,,,,,,https://cdn.shopify.com/s/files/1/0725/9330/9807/files/stingerreplacement.webp?v=1781535530,5,Stinger® Spike System product image for TFR Supply emergency vehicle upfitting,,,,,,,,,,,,,,,,,,,,,,,,lb,,,
stinger-accessories,,,,,,,,,Z50051B,,,Grommet 10-Pack Resin,,,,,Z50051B,0.0,,0,continue,manual,19.00,,true,true,,,,,,https://cdn.shopify.com/s/files/1/0725/9330/9807/files/Stinger-spike-systems_application-600x600_jpg.webp?v=1781535531,6,Stinger® Spike System product image for TFR Supply emergency vehicle upfitting,,,,,,,,,,,,,,,,,,,,,,,,lb,,,
stinger-accessories,,,,,,,,,Z50085SSG,,,Latch Clasp,,,,,Z50085SSG,0.0,,0,continue,manual,16.00,,true,true,,,,,,https://cdn.shopify.com/s/files/1/0725/9330/9807/files/Stinger.webp?v=1781535535,7,Stinger® Spike System product image for TFR Supply emergency vehicle upfitting,,,,,,,,,,,,,,,,,,,,,,,,lb,,,
stinger-accessories,,,,,,,,,Z7011A047-08,,,Pan Head Screw,,,,,Z7011A047-08,0.0,,0,continue,manual,16.00,,true,true,,,,,,,,,,,,,,,,,,,,,,,,,,,,,,,,lb,,,
stinger-accessories,,,,,,,,,Z7072A024,,,Flat Washer,,,,,Z7072A024,0.0,,0,continue,manual,17.00,,true,true,,,,,,,,,,,,,,,,,,,,,,,,,,,,,,,,lb,,,
stinger-replacement-kits,Stinger® Replacement Spike Kits,"<h1>Federal Signal Stinger® Replacement Spike Kits</h1><p>Complete replacement spike kits for the Federal Signal Stinger® tire deflation system — containing the replacement spikes, tip guards, grommets, and insertion tool needed to fully re-arm a deployed Stinger system. Replacement kits keep your Stinger operational after every deployment without waiting for piecemeal component reordering.</p><h2>Why departments choose Stinger Replacement Spike Kits</h2><ul>
<li>
<strong>Complete re-arming package</strong> → kit contains every consumable component needed to fully restore a deployed Stinger strip to service-ready condition</li>
<li>
<strong>Genuine hollow stainless steel spikes</strong> → 2.1"" stainless steel hollow spikes designed for gradual air release that prevents dangerous blowouts — the core safety feature that distinguishes Stinger from alternatives</li>
<li>
<strong>10 replacement spikes, tip guards, and grommets per kit</strong> → standard kit provides sufficient components for a full re-arming of one deployed Stinger unit</li>
<li>
<strong>Spike replacement tool included</strong> → proper insertion tool ensures safe, consistent spike seating in the carrier strip</li>
<li>
<strong>Restricted sale item</strong> → available only to law enforcement and military agencies — TFR Supply's department account system handles agency verification</li>
</ul><h2>Technical Specs</h2><table><tbody>
<tr>
<td>Contents</td>
<td>10 replacement spikes, tip guards, grommets, insertion tool</td>
</tr>
<tr>
<td>Spike Material</td>
<td>Stainless steel hollow, 2.1"" length</td>
</tr>
<tr>
<td>Sale Restriction</td>
<td>Law enforcement and military only</td>
</tr>
<tr>
<td>Warranty</td>
<td>Federal Signal limited warranty</td>
</tr>
</tbody></table><p><em>Create a department account or contact us to verify agency status and confirm replacement kit availability.</em></p><h2>Ordering from TFR Supply</h2><p>TFR Supply is an authorized Federal Signal dealer serving Texas law enforcement, fire, and EMS agencies. Every order ships direct to your location — no middleman, no inventory delays. Government and department accounts receive tax-exempt checkout and agency pricing. Need installation? Our sister company <a href=""https://www.tx1rs.com"">Texas First Response Services</a> provides professional upfit services across Texas. Create a department account or reach out directly to get started.</p>",Federal Signal,Vehicles & Parts > Vehicle Parts & Accessories > Motor Vehicle Parts,Vehicle Lighting Accessories,"Application_Law Enforcement, Brand_Federal Signal, Category_Emergency Vehicle Equipment, Category_Stinger, Federal Signal, Law Enforcement, Product_Mounting Kit, Replacement Parts, Stinger, Use_Fleet Upfitting, Use_Law Enforcement, Use_Public Safety",false,Model,90026,,Type,Series 2000 Replacement Spike,,,,,'90026,0.0,,0,continue,manual,36.00,,true,true,,,,,,https://cdn.shopify.com/s/files/1/0725/9330/9807/files/stingerreplacement.webp?v=1781535530,1,Stinger® Spike System product image for TFR Supply emergency vehicle upfitting,false,Stinger® Replacement Spike Kits | Texas First Response Supply,"Shop professional-grade Stinger® Replacement Spike Kits at Texas First Response Supply. Heavy-duty construction, OEM compatibility, and fast shipping. Order today!",899,,,'90026,new,FALSE,,,,,,"Shop professional-grade Stinger® Replacement Spike Kits at Texas First Response Supply. Heavy-duty construction, OEM compatibility, and fast shipping. Order today!",Stinger® Replacement Spike Kits | Texas First Response Supply,new,FALSE,899,,,,,lb,,,draft
stinger-replacement-kits,,,,,,,,,90026-50,,,Series 2000 Replacement Kit 50-Pack,,,,,90026-50,0.0,,0,continue,manual,157.00,,true,true,,,,,,,,,,,,,,,,,,,,,,,,,,,,,,,,lb,,,
stinger-replacement-kits,,,,,,,,,90027,,,Rat-Trap 2 Replacement,,,,,'90027,0.0,,0,continue,manual,38.00,,true,true,,,,,,,,,,,,,,,,,,,,,,,,,,,,,,,,lb,,,
stinger-replacement-kits,,,,,,,,,90031,,,Replacement Case Standard,,,,,'90031,0.0,,0,continue,manual,155.00,,true,true,,,,,,,,,,,,,,,,,,,,,,,,,,,,,,,,lb,,,
stinger-replacement-kits,,,,,,,,,90031-10,,,Replacement Case 10-Pack,,,,,90031-10,0.0,,0,continue,manual,147.00,,true,true,,,,,,,,,,,,,,,,,,,,,,,,,,,,,,,,lb,,,
stinger-replacement-kits,,,,,,,,,90041,,,Replacement Case Alt,,,,,'90041,0.0,,0,continue,manual,201.00,,true,true,,,,,,,,,,,,,,,,,,,,,,,,,,,,,,,,lb,,,
stinger-replacement-kits,,,,,,,,,90502,,,Rat Trap II,,,,,'90502,0.0,,0,continue,manual,57.00,,true,true,,,,,,,,,,,,,,,,,,,,,,,,,,,,,,,,lb,,,
stinger-replacement-kits,,,,,,,,,93026,,,XL Replacement Kit,,,,,'93026,0.0,,0,continue,manual,38.00,,true,true,,,,,,,,,,,,,,,,,,,,,,,,,,,,,,,,lb,,,
stinger-replacement-kits,,,,,,,,,93026-50,,,XL Replacement Kit 50-Pack,,,,,93026-50,0.0,,0,continue,manual,163.00,,true,true,,,,,,,,,,,,,,,,,,,,,,,,,,,,,,,,lb,,,
stinger-trainer-system,Stinger® Trainer System,"<h1>Federal Signal Stinger® Trainer System</h1><p>The Federal Signal Stinger® Trainer System provides law enforcement agencies with a safe, realistic training platform for proper Stinger spike system deployment and retrieval — using un-spiked strips and training materials to build officer proficiency without the hazards of live spikes during practice scenarios.</p><h2>Why departments choose the Stinger Trainer System</h2><ul>
<li>
<strong>Safe training platform</strong> → un-spiked trainer strips allow officers to practice deployment and retrieval techniques at full speed without the risk of accidental spike contact</li>
<li>
<strong>Complete training package</strong> → includes trainers manuals, student manuals, training video, and a factory-certified half-day training course framework</li>
<li>
<strong>Bi-directional deployment capability</strong> → trainer strips match the deployment mechanics of live Stinger systems, including the patented rock-and-tilt mechanism that tilts spikes into tires at the correct angle</li>
<li>
<strong>Compliance with pursuit policies</strong> → latest law enforcement pursuit policies require documented hands-on training for any tire deflation device — Stinger's training program provides the documentation agencies need</li>
<li>
<strong>North American dealer/instructor network</strong> → Federal Signal maintains a network of certified dealer instructors for formal Stinger training programs</li>
<li>
<strong>Restricted sale item</strong> → available only to law enforcement agencies</li>
</ul><h2>Technical Specs</h2><table><tbody>
<tr>
<td>Includes</td>
<td>Un-spiked trainer strips, training manuals, video, training course</td>
</tr>
<tr>
<td>Sale Restriction</td>
<td>Law enforcement only</td>
</tr>
<tr>
<td>Warranty</td>
<td>Federal Signal limited warranty</td>
</tr>
</tbody></table><p><em>Create a department account or contact us to verify agency status and confirm Stinger Trainer System availability.</em></p><h2>Ordering from TFR Supply</h2><p>TFR Supply is an authorized Federal Signal dealer serving Texas law enforcement, fire, and EMS agencies. Every order ships direct to your location — no middleman, no inventory delays. Government and department accounts receive tax-exempt checkout and agency pricing. Need installation? Our sister company <a href=""https://www.tx1rs.com"">Texas First Response Services</a> provides professional upfit services across Texas. Create a department account or reach out directly to get started.</p>",Federal Signal,Vehicles & Parts > Vehicle Parts & Accessories > Motor Vehicle Parts,Trainer System,"Application_Law Enforcement, Brand_Federal Signal, Category_Emergency Vehicle Equipment, Category_Stinger, Federal Signal, Law Enforcement, Stinger, Trainer, Training, Use_Fleet Upfitting, Use_Law Enforcement, Use_Public Safety",false,Model,90035,,Length,15.5 ft,,,,,'90035,0.0,,0,continue,manual,345.00,,true,true,,,,,,https://cdn.shopify.com/s/files/1/0725/9330/9807/files/Stinger-spike-systems_application-576x576_jpg.webp?v=1781381181,1,Stinger® Spike System product image for TFR Supply emergency vehicle upfitting,false,Stinger® Trainer System | Texas First Response Supply,"Shop professional-grade Stinger® Trainer System at Texas First Response Supply. Heavy-duty construction, OEM compatibility, and fast shipping. Order today!",899,,,'90035,new,FALSE,,,,,,"Shop professional-grade Stinger® Trainer System at Texas First Response Supply. Heavy-duty construction, OEM compatibility, and fast shipping. Order today!",Stinger® Trainer System | Texas First Response Supply,new,FALSE,899,,,,,lb,,,draft
stinger-trainer-system,,,,,,,,,90209,,,15.5 ft Alt,,,,,'90209,0.0,,0,continue,manual,276.00,,true,true,,,,,,https://cdn.shopify.com/s/files/1/0725/9330/9807/files/Stinger-spike-systems_hero_-576x576_jpg.webp?v=1781381181,2,Stinger® Spike System product image for TFR Supply emergency vehicle upfitting,,,,,,,,,,,,,,,,,,,,,,,,lb,,,
stinger-trainer-system,,,,,,,,,90216,,,25 ft,,,,,'90216,0.0,,0,continue,manual,353.00,,true,true,,,,,,https://cdn.shopify.com/s/files/1/0725/9330/9807/files/Stinger_replacement.avif?v=1781535528,3,Stinger® Spike System product image for TFR Supply emergency vehicle upfitting,,,,,,,,,,,,,,,,,,,,,,,,lb,,,
stinger-spike-system,Stinger® Spike System,"<h1>Federal Signal Stinger® Spike System</h1><p>The Federal Signal Stinger® is the law enforcement industry standard for vehicle pursuit tire deflation — a portable, rapidly deployable spike system that brings pursuits to a controlled stop through gradual tire deflation rather than dangerous blowouts. The Stinger's hollow stainless steel spikes allow air to escape gradually when a tire contacts them, enabling the driver to maintain vehicle control through the deflation process.</p><h2>Why departments choose the Stinger Spike System</h2><ul>
<li>
<strong>Gradual deflation design</strong> → hollow stainless steel spikes allow air to escape gradually rather than causing sudden blowouts, enabling the fleeing vehicle's driver to slow in a controlled manner — the critical safety advantage over solid spike systems</li>
<li>
<strong>2.1"" spike length for reliable tire penetration</strong> → spike geometry optimized for penetration through common passenger vehicle and light truck tire sidewalls at typical deployment speeds</li>
<li>
<strong>Stinger XL — 15.5-ft width covers multiple lanes</strong> → the XL model spans multiple traffic lanes simultaneously, eliminating the need for multiple deploying officers at wide road positions</li>
<li>
<strong>Rapid deployment</strong> → compact carrying case with rope handle for quick deployment from a patrol vehicle at the roadside</li>
<li>
<strong>Replacement spikes included</strong> → system arrives with replacement spike set, safety tip guards, and insertion tool for immediate field re-arming after deployment</li>
<li>
<strong>Bi-directional deployment</strong> → patented rock-and-tilt mechanism ensures spikes orient correctly regardless of deployment direction</li>
<li>Restricted sale item — available only to law enforcement and military agencies</li>
</ul><h2>Technical Specs</h2><table><tbody>
<tr>
<td>Variants</td>
<td>Standard, Stinger XL (15.5-ft width)</td>
</tr>
<tr>
<td>Spike Material</td>
<td>Stainless steel hollow, 2.1"" length</td>
</tr>
<tr>
<td>Sale Restriction</td>
<td>Law enforcement and military only</td>
</tr>
<tr>
<td>Includes</td>
<td>Spike set, replacement spikes, tip guards, insertion tool, carrying case, 40-ft rope with handle</td>
</tr>
</tbody></table><p><em>Create a department account or contact us to verify agency status and confirm Stinger Spike System availability for your department.</em></p><h2>Ordering from TFR Supply</h2><p>TFR Supply is an authorized Federal Signal dealer serving Texas law enforcement, fire, and EMS agencies. Every order ships direct to your location — no middleman, no inventory delays. Government and department accounts receive tax-exempt checkout and agency pricing. Need installation? Our sister company <a href=""https://www.tx1rs.com"">Texas First Response Services</a> provides professional upfit services across Texas. Create a department account or reach out directly to get started.</p>",Federal Signal,Vehicles & Parts > Vehicle Parts & Accessories > Motor Vehicle Parts,Spike System,"Application_Law Enforcement, Brand_Federal Signal, Category_Emergency Vehicle Equipment, Category_Stinger, Federal Signal, Law Enforcement, Spike Strip, Stinger, Tire Deflation, Use_Fleet Upfitting, Use_Law Enforcement, Use_Public Safety",true,Model,90200,,Length,15.5 ft,,,,,'90200,0.0,,0,continue,manual,710.00,,true,true,,,,,,https://cdn.shopify.com/s/files/1/0725/9330/9807/files/Stinger.webp?v=1781535535,1,Stinger® Spike System product image for TFR Supply emergency vehicle upfitting,false,Stinger® Spike System | Texas First Response Supply,"Shop professional-grade Stinger® Spike System at Texas First Response Supply. Heavy-duty construction, OEM compatibility, and fast shipping. Order today!",899,,,'90200,new,FALSE,,,,,,"Shop professional-grade Stinger® Spike System at Texas First Response Supply. Heavy-duty construction, OEM compatibility, and fast shipping. Order today!",Stinger® Spike System | Texas First Response Supply,new,FALSE,899,,,,,lb,,,active
stinger-spike-system,,,,,,,,,90210,,,10 ft,,,,,'90210,0.0,,0,continue,manual,561.00,,true,true,,,,,,https://cdn.shopify.com/s/files/1/0725/9330/9807/files/Stinger-spike-systems_application-576x576_jpg.webp?v=1781381181,2,Stinger® Spike System product image for TFR Supply emergency vehicle upfitting,,,,,,,,,,,,,,,,,,,,,,,,lb,,,
stinger-spike-system,,,,,,,,,90225,,,25 ft,,,,,'90225,0.0,,0,continue,manual,1136.00,,true,true,,,,,,https://cdn.shopify.com/s/files/1/0725/9330/9807/files/Stinger-spike-systems_hero_-576x576_jpg.webp?v=1781381181,3,Stinger® Spike System product image for TFR Supply emergency vehicle upfitting,,,,,,,,,,,,,,,,,,,,,,,,lb,,,
stinger-spike-system,,,,,,,,,90225-62,,,25 ft 2025,,,,,90225-62,0.0,,0,continue,manual,1181.00,,true,true,,,,,,https://cdn.shopify.com/s/files/1/0725/9330/9807/files/Stinger_replacement.avif?v=1781535528,4,Stinger® Spike System product image for TFR Supply emergency vehicle upfitting,,,,,,,,,,,,,,,,,,,,,,,,lb,,,
stinger-spike-system,,,,,,,,,90600,,,Upgrade Kit 2010-2015,,,,,'90600,0.0,,0,continue,manual,394.00,,true,true,,,,,,https://cdn.shopify.com/s/files/1/0725/9330/9807/files/Stinger-spike-systems_hero_-600x600_jpg.webp?v=1781535530,5,Stinger® Spike System product image for TFR Supply emergency vehicle upfitting,,,,,,,,,,,,,,,,,,,,,,,,lb,,,
stinger-spike-system,,,,,,,,,93200,,,XL 15.5 ft,,,,,'93200,0.0,,0,continue,manual,780.00,,true,true,,,,,,https://cdn.shopify.com/s/files/1/0725/9330/9807/files/stingerreplacement.webp?v=1781535530,6,Stinger® Spike System product image for TFR Supply emergency vehicle upfitting,,,,,,,,,,,,,,,,,,,,,,,,lb,,,
stinger-spike-system,,,,,,,,,93210,,,XL 10 ft,,,,,'93210,0.0,,0,continue,manual,628.00,,true,true,,,,,,https://cdn.shopify.com/s/files/1/0725/9330/9807/files/Stinger-spike-systems_application-600x600_jpg.webp?v=1781535531,7,Stinger® Spike System product image for TFR Supply emergency vehicle upfitting,,,,,,,,,,,,,,,,,,,,,,,,lb,,,
stinger-spike-system,,,,,,,,,93225,,,XL 25 ft,,,,,'93225,0.0,,0,continue,manual,1202.00,,true,true,,,,,,,,,,,,,,,,,,,,,,,,,,,,,,,,lb,,,
nightspire-accessories,NightSpire® Accessories,"<h1>Federal Signal NightSpire® Accessories</h1><p>Mounting hardware, wiring accessories, and replacement components for the Federal Signal NightSpire® LED searchlight — brackets, controller mounts, wireless remote hardware, and installation accessories that complete a professional NightSpire installation on fire apparatus, utility trucks, and work vehicles.</p><h2>Why departments choose NightSpire Accessories</h2><ul>
<li>
<strong>Vehicle-specific mounting brackets</strong> → brackets engineered for clean NightSpire installation on common apparatus and work truck mounting positions</li>
<li>
<strong>Wireless controller accessories</strong> → components for the wireless remote control system that allows NightSpire multi-light synchronization from a single keypad</li>
<li>
<strong>Wiring and connection hardware</strong> → installation wiring components for clean, professional NightSpire electrical connections</li>
<li>
<strong>IP69K rated components</strong> → accessories match the NightSpire's IP69K weather protection standard for consistent protection across the full installation</li>
</ul><h2>Technical Specs</h2><table><tbody>
<tr>
<td>Compatibility</td>
<td>NightSpire® LED searchlight series</td>
</tr>
<tr>
<td>Warranty</td>
<td>Federal Signal limited warranty</td>
</tr>
</tbody></table><p><em>Contact us or log into your department account to confirm NightSpire accessory availability for your installation.</em></p><h2>Ordering from TFR Supply</h2><p>TFR Supply is an authorized Federal Signal dealer serving Texas law enforcement, fire, and EMS agencies. Every order ships direct to your location — no middleman, no inventory delays. Government and department accounts receive tax-exempt checkout and agency pricing. Need installation? Our sister company <a href=""https://www.tx1rs.com"">Texas First Response Services</a> provides professional upfit services across Texas. Create a department account or reach out directly to get started.</p>",Federal Signal,Vehicles & Parts > Vehicle Parts & Accessories > Motor Vehicle Parts > Motor Vehicle Lighting,Vehicle Lighting Accessories,"Application_Fire EMS, Application_Work Truck, Brand_Federal Signal, Category_Emergency Vehicle Equipment, Category_Scene Light, Family_NightSpire, Federal Signal, Fire EMS, Product_Accessory, Technology_LED, Use_Fleet Upfitting, Use_Law Enforcement, Use_Public Safety, Work Truck",false,Model,NSCTRL-1,,Type,Wireless Remote,,,,,NSCTRL-1,0.0,,0,continue,manual,173.00,,true,true,,,,,,https://cdn.shopify.com/s/files/1/0725/9330/9807/files/200NS-ADPKT.jpg?v=1781074481,1,NightSpire® Accessories - 200NS-ADPKT - Federal Signal emergency vehicle equipment,false,NightSpire® Accessories | Federal Signal | TFRSupply,NightSpire® Accessories | Federal Signal | TFRSupply,3318,,,NSCTRL-1,new,FALSE,,,,,,NightSpire® Accessories | Federal Signal | TFRSupply,NightSpire® Accessories | Federal Signal | TFRSupply,new,FALSE,3318,,,,,lb,,,draft
nightspire-accessories,,,,,,,,,NSCTRL-BKT,,,Remote Mount Bracket,,,,,NSCTRL-BKT,0.0,,0,continue,manual,27.00,,true,true,,,,,,,,,,,,,,,,,,,,,,,,,,,,,,,,lb,,,
nightspire-accessories,,,,,,,,,200NS-ADPKT,,,Adapter Kit,,,,,200NS-ADPKT,0.0,,0,continue,manual,38.00,,true,true,,,,,,,,,,,,,,,,,,,,,,,,,,,,,,,,lb,,,
nightspire-accessories,,,,,,,,,200NS-TALL,,,Branch Guard,,,,,200NS-TALL,0.0,,0,continue,manual,90.00,,true,true,,,,,,,,,,,,,,,,,,,,,,,,,,,,,,,,lb,,,
nightspire-searchlight,NightSpire® Searchlight,"<h1>Federal Signal NightSpire® LED Searchlight</h1><p>The Federal Signal NightSpire® is a remotely operated LED searchlight engineered for fire apparatus, rescue vehicles, and work trucks that require a powerful, precision-adjustable scene illumination tool. With digitally controlled flood-to-spot lens adjustment, 130 degrees of vertical tilt, and IP69K weather protection, the NightSpire delivers professional-grade searchlight capability in a durable, vehicle-mounted package.</p><h2>Why departments choose the NightSpire Searchlight</h2><ul>
<li>
<strong>Flood-to-spot digital lens control</strong> → digitally controlled lens adjusts continuously from 50-degree flood to 4-degree spot, providing both broad scene coverage and focused long-distance illumination from a single unit</li>
<li>
<strong>130° of vertical tilt</strong> → extensive tilt range allows the NightSpire to illuminate from ground level to high-angle positions without repositioning the vehicle</li>
<li>
<strong>60° continuous horizontal rotation</strong> → motorized rotation covers a wide arc for flexible scene positioning from the vehicle-mounted location</li>
<li>
<strong>Wireless remote control</strong> → wireless keypad allows the operator to control flood/spot, tilt, rotation, and multi-light synchronization without returning to the vehicle</li>
<li>
<strong>Multi-light sync</strong> → sync up to three NightSpire units with a single wireless controller for coordinated scene illumination from multiple apparatus</li>
<li>
<strong>IP69K rated</strong> → highest available ingress protection, withstanding direct rain, high-pressure wash-down, dust, and sub-zero temperatures (-40°C to +80°C)</li>
<li>
<strong>Flash alert function</strong> → emits a flash when adjusting between flood and spot to confirm position setting for the operator</li>
</ul><h2>Technical Specs</h2><table><tbody>
<tr>
<td>Lens Adjustment</td>
<td>50° flood to 4° spot (digitally controlled)</td>
</tr>
<tr>
<td>Vertical Tilt</td>
<td>130°</td>
</tr>
<tr>
<td>Horizontal Rotation</td>
<td>60° continuous</td>
</tr>
<tr>
<td>Control</td>
<td>Wireless remote (sync up to 3 units)</td>
</tr>
<tr>
<td>Operating Temp</td>
<td>-40°C to +80°C</td>
</tr>
<tr>
<td>Certifications</td>
<td>IP69K</td>
</tr>
<tr>
<td>Warranty</td>
<td>Federal Signal standard warranty</td>
</tr>
</tbody></table><p><em>Contact us or log into your department account to confirm NightSpire model availability and mounting options for your apparatus.</em></p><h2>Ordering from TFR Supply</h2><p>TFR Supply is an authorized Federal Signal dealer serving Texas law enforcement, fire, and EMS agencies. Every order ships direct to your location — no middleman, no inventory delays. Government and department accounts receive tax-exempt checkout and agency pricing. Need installation? Our sister company <a href=""https://www.tx1rs.com"">Texas First Response Services</a> provides professional upfit services across Texas. Create a department account or reach out directly to get started.</p>",Federal Signal,Vehicles & Parts > Vehicle Parts & Accessories > Motor Vehicle Parts > Motor Vehicle Lighting,Emergency Vehicle Warning Lights,"Application_Fire EMS, Application_Work Truck, Brand_Federal Signal, Category_Emergency Vehicle Equipment, Category_Scene Light, Family_NightSpire, Federal Signal, Fire EMS, Technology_LED, Use_Fleet Upfitting, Use_Law Enforcement, Use_Public Safety, Work Truck",false,Model,NS200-P-SB,,Configuration,Standard,,Remote,Single Remote,,NS200-P-SB,0.0,,0,continue,manual,910.00,,true,true,,,,,,https://cdn.shopify.com/s/files/1/0725/9330/9807/files/nightspire-led-spotlight-NS200-P-menu-768x768.png?v=1781535533,1,NightSpire® Searchlight product image for TFR Supply emergency vehicle upfitting,false,NightSpire® Searchlight | Federal Signal | TFRSupply,NightSpire® Searchlight | Federal Signal | TFRSupply,3318,,,NS200-P-SB,new,FALSE,,,,,,NightSpire® Searchlight | Federal Signal | TFRSupply,NightSpire® Searchlight | Federal Signal | TFRSupply,new,FALSE,3318,,,,,lb,,,draft
nightspire-searchlight,,,,,,,,,NS200-M-SB,,,Manual Override,,,Single Remote,,NS200-M-SB,0.0,,0,continue,manual,975.00,,true,true,,,,,,https://cdn.shopify.com/s/files/1/0725/9330/9807/files/NightSpire_GroupSpotlightOn_309771-600x450.jpg?v=1781535531,2,NightSpire® Searchlight product image for TFR Supply emergency vehicle upfitting,,,,,,,,,,,,,,,,,,,,,,,,lb,,,
nightspire-searchlight,,,,,,,,,NS200-DM-SB,,,Dual Remote,,,Single Remote,,NS200-DM-SB,0.0,,0,continue,manual,995.00,,true,true,,,,,,,,,,,,,,,,,,,,,,,,,,,,,,,,lb,,,
nightspire-searchlight,,,,,,,,,NS200-DM2-SB,,,Dual Remote,,,Dual Remote,,NS200-DM2-SB,0.0,,0,continue,manual,1075.00,,true,true,,,,,,,,,,,,,,,,,,,,,,,,,,,,,,,,lb,,,
commander-accessories,Commander® Accessories & Mount Kits,"<h1>Federal Signal Commander® Accessories &amp; Mount Kits</h1><p>Mounting hardware, bracket kits, and installation accessories for the Federal Signal Commander® LED scene light family — vehicle-specific mount kits, tilt brackets, and wiring accessories that complete professional Commander installations on fire apparatus, utility trucks, and work vehicles.</p><h2>Why departments choose Commander Accessories</h2><ul>
<li>
<strong>Vehicle-specific mount kits</strong> → brackets engineered for clean Commander installation on common apparatus and work truck mounting positions</li>
<li>
<strong>Tilt and swivel hardware</strong> → adjustable mounting components allow Commander lights to be positioned for optimal scene coverage at each installation</li>
<li>
<strong>Wiring accessories</strong> → connection hardware for clean Commander electrical installations</li>
<li>
<strong>Compatible across Commander family</strong> → accessories available for Commander, Commander M, Commander SB, Commander LC, Commander Plus, and Commander Plus-S series</li>
</ul><h2>Technical Specs</h2><table><tbody>
<tr>
<td>Compatibility</td>
<td>Commander® scene light family</td>
</tr>
<tr>
<td>Warranty</td>
<td>Federal Signal limited warranty</td>
</tr>
</tbody></table><p><em>Contact us or log into your department account to confirm the right Commander accessory for your model and vehicle.</em></p><h2>Ordering from TFR Supply</h2><p>TFR Supply is an authorized Federal Signal dealer serving Texas law enforcement, fire, and EMS agencies. Every order ships direct to your location — no middleman, no inventory delays. Government and department accounts receive tax-exempt checkout and agency pricing. Need installation? Our sister company <a href=""https://www.tx1rs.com"">Texas First Response Services</a> provides professional upfit services across Texas. Create a department account or reach out directly to get started.</p>",Federal Signal,Vehicles & Parts > Vehicle Parts & Accessories > Motor Vehicle Parts > Motor Vehicle Lighting,Vehicle Lighting Accessories,"Accessories, Application_Fire EMS, Application_Work Truck, Brand_Federal Signal, Category_Accessories, Category_Emergency Vehicle Equipment, Commander, Family_Commander, Federal Signal, Fire EMS, Product_Accessory, Product_Mounting Kit, Use_Fleet Upfitting, Use_Law Enforcement, Use_Public Safety, Work Truck",false,Model,FC504K,,Type,Swivel Mount Kit,,,,,FC504K,0.0,,0,continue,manual,262.00,,true,true,,,,,,,,,false,Commander® Accessories & Mount Kits,Commander® Accessories & Mount Kits | Federal Signal | TFRSupply,3318,,,FC504K,new,FALSE,,,,,,Commander® Accessories & Mount Kits | Federal Signal | TFRSupply,Commander® Accessories & Mount Kits,new,FALSE,3318,,,,,lb,,,draft
commander-accessories,,,,,,,,,KR-4-SB-R,,,Pole Receiver Bracket,,,,,KR-4-SB-R,0.0,,0,continue,manual,224.00,,true,true,,,,,,,,,,,,,,,,,,,,,,,,,,,,,,,,lb,,,
commander-accessories,,,,,,,,,LT100,,,Fixed Mount Adapter,,,,,LT100,0.0,,0,continue,manual,119.00,,true,true,,,,,,,,,,,,,,,,,,,,,,,,,,,,,,,,lb,,,
commander-accessories,,,,,,,,,LT101,,,Fixed Mount Kit,,,,,LT101,0.0,,0,continue,manual,196.00,,true,true,,,,,,,,,,,,,,,,,,,,,,,,,,,,,,,,lb,,,
commander-accessories,,,,,,,,,LTP570-NW0,,,Fixed Top Mount Kit,,,,,LTP570-NW0,0.0,,0,continue,manual,945.00,,true,true,,,,,,,,,,,,,,,,,,,,,,,,,,,,,,,,lb,,,
commander-accessories,,,,,,,,,LTP580-NW0-A,,,Fixed Side Mount Kit,,,,,LTP580-NW0-A,0.0,,0,continue,manual,1214.00,,true,true,,,,,,,,,,,,,,,,,,,,,,,,,,,,,,,,lb,,,
commander-accessories,,,,,,,,,LT-S102-A,,,Raised Pole Indicator Kit,,,,,LT-S102-A,0.0,,0,continue,manual,409.00,,true,true,,,,,,,,,,,,,,,,,,,,,,,,,,,,,,,,lb,,,
commander-strip-compartment-light,Commander® Strip Compartment Light,"<h1>Federal Signal Commander® Strip Compartment Light</h1><p>The Federal Signal Commander® Strip Compartment Light provides LED illumination for apparatus compartments, equipment bays, and utility truck bodies — delivering bright, even White light across the full compartment depth for safe equipment access and operations in low-light conditions.</p><h2>Why departments choose the Commander Strip Compartment Light</h2><ul>
<li>
<strong>Full compartment illumination</strong> → LED strip design provides even light distribution across the entire compartment width without the dark zones that point-source lights create at compartment corners and back walls</li>
<li>
<strong>Automatic door-activation available</strong> → pairs with door switches to activate automatically when the compartment door opens, requiring no manual switch operation</li>
<li>
<strong>Vibration-resistant LED construction</strong> → solid-state LED design withstands the shock and vibration of apparatus response driving without the failure modes of fluorescent and incandescent predecessors</li>
<li>
<strong>Weather-sealed housing</strong> → sealed housing maintains performance against rain intrusion, wash-down, and humidity across the service life of the apparatus</li>
<li>
<strong>White LED output</strong> → color-accurate White illumination for equipment identification and safety in low-light conditions</li>
<li>
<strong>Available in multiple lengths</strong> → match the compartment width with the appropriate strip length for full-coverage illumination</li>
</ul><h2>Technical Specs</h2><table><tbody>
<tr>
<td>LED Color</td>
<td>White</td>
</tr>
<tr>
<td>Activation</td>
<td>Manual or automatic door-switch</td>
</tr>
<tr>
<td>Application</td>
<td>Fire/EMS, Work Truck compartments</td>
</tr>
<tr>
<td>Warranty</td>
<td>Federal Signal standard warranty</td>
</tr>
</tbody></table><p><em>Contact us or log into your department account to confirm available lengths and mounting options.</em></p><h2>Ordering from TFR Supply</h2><p>TFR Supply is an authorized Federal Signal dealer serving Texas law enforcement, fire, and EMS agencies. Every order ships direct to your location — no middleman, no inventory delays. Government and department accounts receive tax-exempt checkout and agency pricing. Need installation? Our sister company <a href=""https://www.tx1rs.com"">Texas First Response Services</a> provides professional upfit services across Texas. Create a department account or reach out directly to get started.</p>",Federal Signal,Vehicles & Parts > Vehicle Parts & Accessories > Motor Vehicle Parts > Motor Vehicle Lighting,Emergency Vehicle Warning Lights,"Application_Fire EMS, Application_Work Truck, Brand_Federal Signal, Category_Compartment Light, Category_Emergency Vehicle Equipment, Commander, Compartment Light, Family_Commander, Federal Signal, Fire EMS, Technology_LED, Use_Fleet Upfitting, Use_Law Enforcement, Use_Public Safety, Work Truck",false,Model,COMFLEX-9,,Length,"9""",,Type,Flex Strip,,COMFLEX-9,0.0,,0,continue,manual,39.00,,true,true,,,,,,,,,false,Commander® Strip Compartment Light,Commander® Strip Compartment Light | Federal Signal | TFRSupply,3318,,,COMFLEX-9,new,FALSE,,,,,,Commander® Strip Compartment Light | Federal Signal | TFRSupply,Commander® Strip Compartment Light,new,FALSE,3318,,,,,lb,,,draft
commander-strip-compartment-light,,,,,,,,,COMFLEX-18,,,"18""",,,Flex Strip,,COMFLEX-18,0.0,,0,continue,manual,55.00,,true,true,,,,,,,,,,,,,,,,,,,,,,,,,,,,,,,,lb,,,
commander-strip-compartment-light,,,,,,,,,COMFLEX-27,,,"27""",,,Flex Strip,,COMFLEX-27,0.0,,0,continue,manual,74.00,,true,true,,,,,,,,,,,,,,,,,,,,,,,,,,,,,,,,lb,,,
commander-strip-compartment-light,,,,,,,,,COMFLEX-36,,,"36""",,,Flex Strip,,COMFLEX-36,0.0,,0,continue,manual,98.00,,true,true,,,,,,,,,,,,,,,,,,,,,,,,,,,,,,,,lb,,,
commander-strip-compartment-light,,,,,,,,,COMFLEX-45,,,"45""",,,Flex Strip,,COMFLEX-45,0.0,,0,continue,manual,124.00,,true,true,,,,,,,,,,,,,,,,,,,,,,,,,,,,,,,,lb,,,
commander-strip-compartment-light,,,,,,,,,COMFLEX-54,,,"54""",,,Flex Strip,,COMFLEX-54,0.0,,0,continue,manual,145.00,,true,true,,,,,,,,,,,,,,,,,,,,,,,,,,,,,,,,lb,,,
commander-strip-compartment-light,,,,,,,,,COMFLEX-63,,,"63""",,,Flex Strip,,COMFLEX-63,0.0,,0,continue,manual,194.00,,true,true,,,,,,,,,,,,,,,,,,,,,,,,,,,,,,,,lb,,,
commander-strip-compartment-light,,,,,,,,,COMINT5-W,,,"5""",,,Interior Light,,COMINT5-W,0.0,,0,continue,manual,51.00,,true,true,,,,,,,,,,,,,,,,,,,,,,,,,,,,,,,,lb,,,
commander-strip-compartment-light,,,,,,,,,COMSTLS18C-W,,,"18""",,,Compartment Light,,COMSTLS18C-W,0.0,,0,continue,manual,170.00,,true,true,,,,,,,,,,,,,,,,,,,,,,,,,,,,,,,,lb,,,
commander-strip-compartment-light,,,,,,,,,COMSTL-TANK,,,"10""",,,Tank Light,,COMSTL-TANK,0.0,,0,continue,manual,267.00,,true,true,,,,,,,,,,,,,,,,,,,,,,,,,,,,,,,,lb,,,
commander-strip-compartment-light,,,,,,,,,COMSTLF-A,,,—,,,Compartment Light,,COMSTLF-A,0.0,,0,continue,manual,170.00,,true,true,,,,,,,,,,,,,,,,,,,,,,,,,,,,,,,,lb,,,
commander-strip-compartment-light,,,,,,,,,COMSTL-DUALBKT45,,,—,,,Mount Bracket,,COMSTL-DUALBKT45,0.0,,0,continue,manual,68.00,,true,true,,,,,,,,,,,,,,,,,,,,,,,,,,,,,,,,lb,,,
commander-strip-compartment-light,,,,,,,,,COMSTL-BKT,,,—,,,Mount Bracket,,COMSTL-BKT,0.0,,0,continue,manual,46.00,,true,true,,,,,,,,,,,,,,,,,,,,,,,,,,,,,,,,lb,,,
com7-com9-scene-light,COM7/COM9 LED Scene Light,"<h1>Federal Signal Commander® COM7/COM9 LED Scene Light</h1><p>The Federal Signal COM7 and COM9 Commander® LED scene lights are compact, high-output scene illumination fixtures for fire apparatus, rescue vehicles, and work trucks — delivering powerful White LED output from a surface-mount housing sized for bumper, running board, and body-mounted positions where full-size scene lights are impractical.</p><h2>Why departments choose the COM7/COM9 Scene Light</h2><ul>
<li>
<strong>High-output LED in compact housing</strong> → COM7 and COM9 deliver meaningful scene illumination from a housing small enough to mount on bumpers, running boards, and body surfaces where full-size scene lights won't fit</li>
<li>
<strong>White LED output</strong> → high color-rendering White LED illumination for equipment identification and scene safety</li>
<li>
<strong>Surface mount design</strong> → low-profile housing for clean installation on flat and slightly curved vehicle surfaces</li>
<li>
<strong>Weather-sealed construction</strong> → IP-rated housing for external apparatus and work truck mounting</li>
<li>
<strong>Multiple mounting positions</strong> → bumper, running board, step, and body mounting options for complete perimeter scene lighting coverage</li>
</ul><h2>Technical Specs</h2><table><tbody>
<tr>
<td>Models</td>
<td>COM7, COM9</td>
</tr>
<tr>
<td>LED Color</td>
<td>White</td>
</tr>
<tr>
<td>Application</td>
<td>Fire/EMS, Work Truck</td>
</tr>
<tr>
<td>Warranty</td>
<td>Federal Signal standard warranty</td>
</tr>
</tbody></table><p><em>Contact us or log into your department account to confirm COM7 vs. COM9 output levels and mounting options.</em></p><h2>Ordering from TFR Supply</h2><p>TFR Supply is an authorized Federal Signal dealer serving Texas law enforcement, fire, and EMS agencies. Every order ships direct to your location — no middleman, no inventory delays. Government and department accounts receive tax-exempt checkout and agency pricing. Need installation? Our sister company <a href=""https://www.tx1rs.com"">Texas First Response Services</a> provides professional upfit services across Texas. Create a department account or reach out directly to get started.</p>",Federal Signal,Vehicles & Parts > Vehicle Parts & Accessories > Motor Vehicle Parts > Motor Vehicle Lighting,Emergency Vehicle Warning Lights,"Application_Fire EMS, Application_Work Truck, Brand_Federal Signal, Category_Emergency Vehicle Equipment, Category_Scene Light, Commander, Family_Commander, Federal Signal, Fire EMS, Scene Light, Technology_LED, Use_Fleet Upfitting, Use_Law Enforcement, Use_Public Safety, Work Truck",false,Model,COM7K-900,,Lumens,"7,000",,Voltage,12/24 Vdc,,COM7K-900,0.0,,0,continue,manual,1437.00,,true,true,,,,,,,,,false,COM7/COM9 LED Scene Light,COM7/COM9 LED Scene Light | Federal Signal | TFRSupply,3318,,,COM7K-900,new,FALSE,,,,,,COM7/COM9 LED Scene Light | Federal Signal | TFRSupply,COM7/COM9 LED Scene Light,new,FALSE,3318,,,,,lb,,,draft
commander-sb-scene-light,Commander® SB Series Scene Light,"<h1>Federal Signal Commander® SB Series Scene Light</h1><p>The Commander® SB Series is Federal Signal's surface-mount LED scene light for fire apparatus and work trucks requiring a low-profile, side-mounted scene illumination fixture — delivering high-output White LED light for immediate scene coverage on apparatus arrival without the complexity of telescoping or remotely operated scene lights.</p><h2>Why departments choose the Commander SB Series</h2><ul>
<li>
<strong>Surface-mount low-profile design</strong> → SB Series installs flush to apparatus body surfaces, maintaining clean vehicle lines while providing the scene output fire departments require</li>
<li>
<strong>High-output White LED</strong> → powerful scene illumination for apparatus arrival lighting, safety zone establishment, and equipment access in low-light conditions</li>
<li>
<strong>NFPA 1901 compliant</strong> → SB Series configurations meet NFPA scene lighting requirements for fire apparatus</li>
<li>
<strong>Multiple wattage options</strong> → available in varying output levels to match scene lighting requirements across different apparatus types</li>
<li>
<strong>Weather and wash-down sealed</strong> → IP-rated housing for full outdoor apparatus mounting</li>
</ul><h2>Technical Specs</h2><table><tbody>
<tr>
<td>LED Color</td>
<td>White</td>
</tr>
<tr>
<td>Application</td>
<td>Fire/EMS, Work Truck</td>
</tr>
<tr>
<td>Certifications</td>
<td>NFPA 1901 (select configurations)</td>
</tr>
<tr>
<td>Warranty</td>
<td>Federal Signal standard warranty</td>
</tr>
</tbody></table><p><em>Contact us or log into your department account to confirm SB Series output levels and mounting options.</em></p><h2>Ordering from TFR Supply</h2><p>TFR Supply is an authorized Federal Signal dealer serving Texas law enforcement, fire, and EMS agencies. Every order ships direct to your location — no middleman, no inventory delays. Government and department accounts receive tax-exempt checkout and agency pricing. Need installation? Our sister company <a href=""https://www.tx1rs.com"">Texas First Response Services</a> provides professional upfit services across Texas. Create a department account or reach out directly to get started.</p>",Federal Signal,Vehicles & Parts > Vehicle Parts & Accessories > Motor Vehicle Parts > Motor Vehicle Lighting,Emergency Vehicle Warning Lights,"Application_Fire EMS, Application_Work Truck, Brand_Federal Signal, Category_Emergency Vehicle Equipment, Category_Scene Light, Commander, Family_Commander, Federal Signal, Fire EMS, Scene Light, Technology_LED, Use_Fleet Upfitting, Use_Law Enforcement, Use_Public Safety, Work Truck",false,Model,COMSB-FLD-YM,,Lens,Flood,,Housing Color,White,,COMSB-FLD-YM,0.0,,0,continue,manual,1437.00,,true,true,,,,,,https://cdn.shopify.com/s/files/1/0725/9330/9807/files/COMSB-FLD-YM.jpg?v=1781074481,1,Commander® SB Series Scene Light - COMSB-FLD-YM - Federal Signal emergency vehicle equipment,false,Commander® SB Series Scene Light,Commander® SB Series Scene Light | Federal Signal | TFRSupply,3318,,,COMSB-FLD-YM,new,FALSE,,,,,,Commander® SB Series Scene Light | Federal Signal | TFRSupply,Commander® SB Series Scene Light,new,FALSE,3318,,,,,lb,,,draft
commander-sb-scene-light,,,,,,,,,COMSB-FLD-YM-BLA,,,Flood,,,Black,,COMSB-FLD-YM-BLA,0.0,,0,continue,manual,1437.00,,true,true,,,,,,,,,,,,,,,,,,,,,,,,,,,,,,,,lb,,,
commander-sb-scene-light,,,,,,,,,COMSB-TRP-YM,,,Trapezoid,,,White,,COMSB-TRP-YM,0.0,,0,continue,manual,1437.00,,true,true,,,,,,,,,,,,,,,,,,,,,,,,,,,,,,,,lb,,,
commander-sb-scene-light,,,,,,,,,COMSB-TRP-YM-BLA,,,Trapezoid,,,Black,,COMSB-TRP-YM-BLA,0.0,,0,continue,manual,1437.00,,true,true,,,,,,,,,,,,,,,,,,,,,,,,,,,,,,,,lb,,,
commander-m-scene-light,Commander® M Series Scene Light,"<h1>Federal Signal Commander® M Series Scene Light</h1><p>The Commander® M Series is a mid-range LED scene light in the Federal Signal Commander family — delivering a balance of output, form factor, and installation flexibility for fire apparatus and work trucks that need meaningful scene illumination from a permanently mounted fixture without the cost and complexity of the full-size Commander Plus series.</p><h2>Why departments choose the Commander M Series</h2><ul>
<li>
<strong>Balanced output and form factor</strong> → M Series delivers more output than compact scene lights with a form factor that fits more mounting positions than large format lights</li>
<li>
<strong>High-output White LED</strong> → scene illumination for arrival lighting, safety zone setup, and equipment access</li>
<li>
<strong>Multiple mounting configurations</strong> → available for side-body, bumper, and running board mounting positions</li>
<li>
<strong>Weather-sealed construction</strong> → IP-rated for outdoor apparatus mounting across all conditions</li>
<li>NFPA 1901 compliant configurations available</li>
</ul><h2>Technical Specs</h2><table><tbody>
<tr>
<td>LED Color</td>
<td>White</td>
</tr>
<tr>
<td>Application</td>
<td>Fire/EMS, Work Truck</td>
</tr>
<tr>
<td>Certifications</td>
<td>NFPA 1901 (select configurations)</td>
</tr>
<tr>
<td>Warranty</td>
<td>Federal Signal standard warranty</td>
</tr>
</tbody></table><p><em>Contact us or log into your department account to confirm M Series output levels and mounting options.</em></p><h2>Ordering from TFR Supply</h2><p>TFR Supply is an authorized Federal Signal dealer serving Texas law enforcement, fire, and EMS agencies. Every order ships direct to your location — no middleman, no inventory delays. Government and department accounts receive tax-exempt checkout and agency pricing. Need installation? Our sister company <a href=""https://www.tx1rs.com"">Texas First Response Services</a> provides professional upfit services across Texas. Create a department account or reach out directly to get started.</p>",Federal Signal,Vehicles & Parts > Vehicle Parts & Accessories > Motor Vehicle Parts > Motor Vehicle Lighting,Emergency Vehicle Warning Lights,"Application_Fire EMS, Application_Work Truck, Brand_Federal Signal, Category_Emergency Vehicle Equipment, Category_Scene Light, Commander, Family_Commander, Federal Signal, Fire EMS, Scene Light, Technology_LED, Use_Fleet Upfitting, Use_Law Enforcement, Use_Public Safety, Work Truck",false,Model,COMMS-120,,Lumens,"14,000",,Voltage,120 Vac,,COMMS-120,0.0,,0,continue,manual,3667.00,,true,true,,,,,,https://cdn.shopify.com/s/files/1/0725/9330/9807/files/COMMS-DC-570.jpg?v=1781074481,1,Commander® M Series Scene Light - COMMS-DC-570 - Federal Signal emergency vehicle equipment,false,Commander® M Series Scene Light,Commander® M Series Scene Light | Federal Signal | TFRSupply,3318,,,COMMS-120,new,FALSE,,,,,,Commander® M Series Scene Light | Federal Signal | TFRSupply,Commander® M Series Scene Light,new,FALSE,3318,,,,,lb,,,draft
commander-m-scene-light,,,,,,,,,COMMS-120-ON-530,,,"14,000",,,120 Vac,,COMMS-120-ON-530,0.0,,0,continue,manual,4943.00,,true,true,,,,,,,,,,,,,,,,,,,,,,,,,,,,,,,,lb,,,
commander-m-scene-light,,,,,,,,,COMMS-120-ON-530-TW-F,,,"14,000",,,120 Vac,,COMMS-120-ON-530-TW-F,0.0,,0,continue,manual,5608.00,,true,true,,,,,,,,,,,,,,,,,,,,,,,,,,,,,,,,lb,,,
commander-m-scene-light,,,,,,,,,COMMS-DC-570,,,"14,000",,,12/24 Vdc,,COMMS-DC-570,0.0,,0,continue,manual,4059.00,,true,true,,,,,,,,,,,,,,,,,,,,,,,,,,,,,,,,lb,,,
commander-m-scene-light,,,,,,,,,COMMS-DC-ON-530,,,"14,000",,,12/24 Vdc,,COMMS-DC-ON-530,0.0,,0,continue,manual,4519.00,,true,true,,,,,,,,,,,,,,,,,,,,,,,,,,,,,,,,lb,,,
commander-lc-scene-light,Commander® LC Series Scene Light,"<h1>Federal Signal Commander® LC Series Scene Light</h1><p>The Commander® LC Series is Federal Signal's compact LED scene light for applications where mounting space constraints limit installation of larger scene light models — delivering effective White LED output from the smallest Commander series housing for bumper step, running board step, and other tight-clearance mounting positions.</p><h2>Why departments choose the Commander LC Series</h2><ul>
<li>
<strong>Compact LC housing</strong> → smallest Commander scene light form factor for mounting positions where larger models create clearance or aesthetic issues</li>
<li>
<strong>Step and running board mounting</strong> → LC Series is ideally sized for integration into apparatus step and running board positions for ground-level scene illumination</li>
<li>
<strong>White LED output</strong> → effective illumination for equipment access and ground safety lighting at the apparatus perimeter</li>
<li>
<strong>Weather-sealed IP-rated housing</strong> → withstands the exposure, wash-down, and physical contact that step-mounted lights experience on active apparatus</li>
</ul><h2>Technical Specs</h2><table><tbody>
<tr>
<td>LED Color</td>
<td>White</td>
</tr>
<tr>
<td>Application</td>
<td>Fire/EMS, Work Truck</td>
</tr>
<tr>
<td>Warranty</td>
<td>Federal Signal standard warranty</td>
</tr>
</tbody></table><p><em>Contact us or log into your department account to confirm LC Series dimensions and mounting options.</em></p><h2>Ordering from TFR Supply</h2><p>TFR Supply is an authorized Federal Signal dealer serving Texas law enforcement, fire, and EMS agencies. Every order ships direct to your location — no middleman, no inventory delays. Government and department accounts receive tax-exempt checkout and agency pricing. Need installation? Our sister company <a href=""https://www.tx1rs.com"">Texas First Response Services</a> provides professional upfit services across Texas. Create a department account or reach out directly to get started.</p>",Federal Signal,Vehicles & Parts > Vehicle Parts & Accessories > Motor Vehicle Parts > Motor Vehicle Lighting,Emergency Vehicle Warning Lights,"Application_Fire EMS, Application_Work Truck, Brand_Federal Signal, Category_Emergency Vehicle Equipment, Category_Scene Light, Commander, Family_Commander, Federal Signal, Fire EMS, Scene Light, Technology_LED, Use_Fleet Upfitting, Use_Law Enforcement, Use_Public Safety, Work Truck",false,Model,COMLC20K,,Lumens,"20,000",,Voltage,12/24 Vdc,,COMLC20K,0.0,,0,continue,manual,3728.00,,true,true,,,,,,https://cdn.shopify.com/s/files/1/0725/9330/9807/files/COMLC20K-530SW-H.jpg?v=1781074481,1,Commander® LC Series Scene Light - COMLC20K-530SW-H - Federal Signal emergency vehicle equipment,false,Commander® LC Series Scene Light,Commander® LC Series Scene Light | Federal Signal | TFRSupply,3318,,,COMLC20K,new,FALSE,,,,,,Commander® LC Series Scene Light | Federal Signal | TFRSupply,Commander® LC Series Scene Light,new,FALSE,3318,,,,,lb,,,draft
commander-lc-scene-light,,,,,,,,,COMLC20K-530SW-H,,,"20,000",,,12/24 Vdc,,COMLC20K-530SW-H,0.0,,0,continue,manual,5152.00,,true,true,,,,,,,,,,,,,,,,,,,,,,,,,,,,,,,,lb,,,
commander-lc-scene-light,,,,,,,,,COMLC11K-530-H,,,"11,000",,,12/24 Vdc,,COMLC11K-530-H,0.0,,0,continue,manual,4293.00,,true,true,,,,,,,,,,,,,,,,,,,,,,,,,,,,,,,,lb,,,
commander-lc-scene-light,,,,,,,,,COMLC11K-570-ON,,,"11,000",,,12/24 Vdc,,COMLC11K-570-ON,0.0,,0,continue,manual,4052.00,,true,true,,,,,,,,,,,,,,,,,,,,,,,,,,,,,,,,lb,,,
commander-plus-scene-light,Commander® Plus & Plus-S Series Scene Light,"<h1>Federal Signal Commander® Plus &amp; Plus-S Series Scene Light</h1><p>The Commander® Plus and Plus-S are Federal Signal's highest-output fixed-mount LED scene lights — delivering maximum scene illumination from a permanently mounted, non-telescoping fixture for fire apparatus requiring NFPA 1901-compliant scene lighting at full output from the moment the apparatus arrives on scene.</p><h2>Why departments choose the Commander Plus and Plus-S</h2><ul>
<li>
<strong>Maximum output in the Commander family</strong> → Commander Plus and Plus-S deliver the highest fixed-mount LED output in the Federal Signal scene light lineup, meeting NFPA 1901 scene lighting lumen requirements from a surface-mount fixture</li>
<li>
<strong>NFPA 1901 compliant</strong> → configured to meet NFPA 1901 scene lighting output requirements for fire apparatus</li>
<li>
<strong>Plus-S swivel variant</strong> → Commander Plus-S provides a swept-beam swivel adjustment for field-configurable light angle at installation without a fully motorized remote system</li>
<li>
<strong>Instant-on LED output</strong> → full scene illumination immediately on activation without warm-up time — critical for rapid scene setup on first-arriving units</li>
<li>
<strong>Multiple wattage configurations</strong> → available in varying output levels to match NFPA requirements across different apparatus classes</li>
<li>
<strong>Weather and wash-down sealed</strong> → IP-rated for permanent outdoor apparatus mounting</li>
</ul><h2>Technical Specs</h2><table><tbody>
<tr>
<td>LED Color</td>
<td>White</td>
</tr>
<tr>
<td>Application</td>
<td>Fire/EMS, Work Truck</td>
</tr>
<tr>
<td>Certifications</td>
<td>NFPA 1901</td>
</tr>
<tr>
<td>Warranty</td>
<td>Federal Signal standard warranty</td>
</tr>
</tbody></table><p><em>Contact us or log into your department account to confirm Plus vs. Plus-S configurations and output levels for your apparatus.</em></p><h2>Ordering from TFR Supply</h2><p>TFR Supply is an authorized Federal Signal dealer serving Texas law enforcement, fire, and EMS agencies. Every order ships direct to your location — no middleman, no inventory delays. Government and department accounts receive tax-exempt checkout and agency pricing. Need installation? Our sister company <a href=""https://www.tx1rs.com"">Texas First Response Services</a> provides professional upfit services across Texas. Create a department account or reach out directly to get started.</p>",Federal Signal,Vehicles & Parts > Vehicle Parts & Accessories > Motor Vehicle Parts > Motor Vehicle Lighting,Emergency Vehicle Warning Lights,"Application_Fire EMS, Application_Work Truck, Brand_Federal Signal, Category_Emergency Vehicle Equipment, Category_Scene Light, Commander, Family_Commander, Federal Signal, Fire EMS, Scene Light, Technology_LED, Use_Fleet Upfitting, Use_Law Enforcement, Use_Public Safety, Work Truck",false,Model,COMX-DC-260,,Lumens,"28,000",,Voltage,12/24 Vdc,,COMX-DC-260,0.0,,0,continue,manual,4290.00,,true,true,,,,,,https://cdn.shopify.com/s/files/1/0725/9330/9807/files/COMX-S-DC-570.jpg?v=1781074481,1,Commander® Plus & Plus-S Series Scene Light - COMX-S-DC-570 - Federal Signal emergency vehicle equipment,false,Commander® Plus & Plus-S Series Scene Light,Commander® Plus & Plus-S Series Scene Light | Federal Signal | TFRSupply,3318,,,COMX-DC-260,new,FALSE,,,,,,Commander® Plus & Plus-S Series Scene Light | Federal Signal | TFRSupply,Commander® Plus & Plus-S Series Scene Light,new,FALSE,3318,,,,,lb,,,draft
commander-plus-scene-light,,,,,,,,,COMX-DC-530,,,"28,000",,,12/24 Vdc,,COMX-DC-530,0.0,,0,continue,manual,6314.00,,true,true,,,,,,,,,,,,,,,,,,,,,,,,,,,,,,,,lb,,,
commander-plus-scene-light,,,,,,,,,COMX-DC-530SW,,,"28,000",,,12/24 Vdc,,COMX-DC-530SW,0.0,,0,continue,manual,6566.00,,true,true,,,,,,,,,,,,,,,,,,,,,,,,,,,,,,,,lb,,,
commander-plus-scene-light,,,,,,,,,COMX-S-DC-570,,,"28,000",,,12/24 Vdc,,COMX-S-DC-570,0.0,,0,continue,manual,5983.00,,true,true,,,,,,,,,,,,,,,,,,,,,,,,,,,,,,,,lb,,,
commander-plus-scene-light,,,,,,,,,COMX-120-ON-530,,,"28,000",,,120 Vac,,COMX-120-ON-530,0.0,,0,continue,manual,6510.00,,true,true,,,,,,,,,,,,,,,,,,,,,,,,,,,,,,,,lb,,,
commander-plus-scene-light,,,,,,,,,COMX-120-ON-600-603-P3,,,"28,000",,,120 Vac,,COMX-120-ON-600-603-P3,0.0,,0,continue,manual,7511.00,,true,true,,,,,,,,,,,,,,,,,,,,,,,,,,,,,,,,lb,,,
commander-scene-light,Commander® Series Scene Light,"<h1>Federal Signal Commander® Series Scene Light</h1><p>The Federal Signal Commander® Series LED scene light family provides the full range of fixed-mount scene illumination solutions for fire apparatus, EMS units, and work trucks — from compact step-mounted lights to high-output NFPA 1901-compliant fixtures. Commander scene lights replace halogen and HID predecessors with long-life, instant-on LED technology that reduces maintenance while improving scene illumination quality.</p><h2>Why departments choose the Commander Series</h2><ul>
<li>
<strong>Complete scene light family</strong> → Commander Series spans compact strip lights, surface-mount perimeter lights, and high-output fixed scene lights, providing a unified Federal Signal scene lighting solution across every apparatus position</li>
<li>
<strong>Instant-on LED output</strong> → no warm-up time — full scene illumination on activation for rapid scene setup on first-arriving apparatus</li>
<li>
<strong>Long LED service life</strong> → LED light sources dramatically reduce replacement intervals compared to halogen and HID predecessors</li>
<li>
<strong>NFPA 1901 compliant configurations</strong> → Commander Plus and Plus-S models meet NFPA 1901 scene lighting output requirements for fire apparatus</li>
<li>
<strong>Weather and wash-down sealed</strong> → all Commander models rated for outdoor apparatus mounting with IP-rated protection</li>
<li>
<strong>Multiple mounting options</strong> → surface mount, step mount, and body mount configurations across the family</li>
</ul><h2>Technical Specs</h2><table><tbody>
<tr>
<td>LED Color</td>
<td>White</td>
</tr>
<tr>
<td>Application</td>
<td>Fire/EMS, Work Truck</td>
</tr>
<tr>
<td>Certifications</td>
<td>NFPA 1901 (select models)</td>
</tr>
<tr>
<td>Warranty</td>
<td>Federal Signal standard warranty</td>
</tr>
</tbody></table><p><em>Contact us or log into your department account to discuss your apparatus scene lighting requirements and confirm the right Commander models.</em></p><h2>Ordering from TFR Supply</h2><p>TFR Supply is an authorized Federal Signal dealer serving Texas law enforcement, fire, and EMS agencies. Every order ships direct to your location — no middleman, no inventory delays. Government and department accounts receive tax-exempt checkout and agency pricing. Need installation? Our sister company <a href=""https://www.tx1rs.com"">Texas First Response Services</a> provides professional upfit services across Texas. Create a department account or reach out directly to get started.</p>",Federal Signal,Vehicles & Parts > Vehicle Parts & Accessories > Motor Vehicle Parts > Motor Vehicle Lighting,Emergency Vehicle Warning Lights,"Application_Fire EMS, Application_Work Truck, Brand_Federal Signal, Category_Emergency Vehicle Equipment, Category_Scene Light, Commander, Family_Commander, Federal Signal, Fire EMS, Scene Light, Technology_LED, Use_Fleet Upfitting, Use_Law Enforcement, Use_Public Safety, Work Truck",false,Model,COM15K,,Lumens,"15,000",,Voltage,12/24 Vdc,,COM15K,0.0,,0,continue,manual,4223.00,,true,true,,,,,,https://cdn.shopify.com/s/files/1/0725/9330/9807/files/COM120-ON-600-603.jpg?v=1781074481,1,Commander® Series Scene Light - COM120-ON-600-603 - Federal Signal emergency vehicle equipment,false,Commander® Series Scene Light,Commander® Series Scene Light | Federal Signal | TFRSupply,3318,,,COM15K,new,FALSE,,,,,,Commander® Series Scene Light | Federal Signal | TFRSupply,Commander® Series Scene Light,new,FALSE,3318,,,,,lb,,,draft
commander-scene-light,,,,,,,,,COM15K-260,,,"15,000",,,12/24 Vdc,,COM15K-260,0.0,,0,continue,manual,3803.00,,true,true,,,,,,,,,,,,,,,,,,,,,,,,,,,,,,,,lb,,,
commander-scene-light,,,,,,,,,COM15K-530,,,"15,000",,,12/24 Vdc,,COM15K-530,0.0,,0,continue,manual,5090.00,,true,true,,,,,,,,,,,,,,,,,,,,,,,,,,,,,,,,lb,,,
commander-scene-light,,,,,,,,,COM15K-530SW,,,"15,000",,,12/24 Vdc,,COM15K-530SW,0.0,,0,continue,manual,5331.00,,true,true,,,,,,,,,,,,,,,,,,,,,,,,,,,,,,,,lb,,,
commander-scene-light,,,,,,,,,COM15K-570,,,"15,000",,,12/24 Vdc,,COM15K-570,0.0,,0,continue,manual,4681.00,,true,true,,,,,,,,,,,,,,,,,,,,,,,,,,,,,,,,lb,,,
commander-scene-light,,,,,,,,,COM15K-800-03,,,"15,000",,,12/24 Vdc,,COM15K-800-03,0.0,,0,continue,manual,4506.00,,true,true,,,,,,,,,,,,,,,,,,,,,,,,,,,,,,,,lb,,,
commander-scene-light,,,,,,,,,COM15K-800-05,,,"15,000",,,12/24 Vdc,,COM15K-800-05,0.0,,0,continue,manual,4506.00,,true,true,,,,,,,,,,,,,,,,,,,,,,,,,,,,,,,,lb,,,
commander-scene-light,,,,,,,,,COM15K-800-08,,,"15,000",,,12/24 Vdc,,COM15K-800-08,0.0,,0,continue,manual,4506.00,,true,true,,,,,,,,,,,,,,,,,,,,,,,,,,,,,,,,lb,,,
commander-scene-light,,,,,,,,,COM15K-800-10,,,"15,000",,,12/24 Vdc,,COM15K-800-10,0.0,,0,continue,manual,4506.00,,true,true,,,,,,,,,,,,,,,,,,,,,,,,,,,,,,,,lb,,,
commander-scene-light,,,,,,,,,COM15K-830,,,"15,000",,,12 Vdc,,COM15K-830,0.0,,0,continue,manual,4391.00,,true,true,,,,,,,,,,,,,,,,,,,,,,,,,,,,,,,,lb,,,
commander-scene-light,,,,,,,,,COM20K,,,"20,000",,,12/24 Vdc,,COM20K,0.0,,0,continue,manual,4742.00,,true,true,,,,,,,,,,,,,,,,,,,,,,,,,,,,,,,,lb,,,
commander-scene-light,,,,,,,,,COM20K-510,,,"20,000",,,12/24 Vdc,,COM20K-510,0.0,,0,continue,manual,6655.00,,true,true,,,,,,,,,,,,,,,,,,,,,,,,,,,,,,,,lb,,,
commander-scene-light,,,,,,,,,COM20K-530SW,,,"20,000",,,12/24 Vdc,,COM20K-530SW,0.0,,0,continue,manual,6076.00,,true,true,,,,,,,,,,,,,,,,,,,,,,,,,,,,,,,,lb,,,
commander-scene-light,,,,,,,,,COM20K-530SW-BOB,,,"20,000",,,12/24 Vdc,,COM20K-530SW-BOB,0.0,,0,continue,manual,6076.00,,true,true,,,,,,,,,,,,,,,,,,,,,,,,,,,,,,,,lb,,,
commander-scene-light,,,,,,,,,COM20K-540TW,,,"20,000",,,12/24 Vdc,,COM20K-540TW,0.0,,0,continue,manual,4722.00,,true,true,,,,,,,,,,,,,,,,,,,,,,,,,,,,,,,,lb,,,
commander-scene-light,,,,,,,,,COM20K-ON-530SW,,,"20,000",,,12/24 Vdc,,COM20K-ON-530SW,0.0,,0,continue,manual,6263.00,,true,true,,,,,,,,,,,,,,,,,,,,,,,,,,,,,,,,lb,,,
commander-scene-light,,,,,,,,,COM120,,,"20,000",,,120 Vac,,COM120,0.0,,0,continue,manual,4742.00,,true,true,,,,,,,,,,,,,,,,,,,,,,,,,,,,,,,,lb,,,
commander-scene-light,,,,,,,,,COM120-260,,,"15,000",,,120 Vac,,COM120-260,0.0,,0,continue,manual,4742.00,,true,true,,,,,,,,,,,,,,,,,,,,,,,,,,,,,,,,lb,,,
commander-scene-light,,,,,,,,,COM120-510,,,"20,000",,,120 Vac,,COM120-510,0.0,,0,continue,manual,5356.00,,true,true,,,,,,,,,,,,,,,,,,,,,,,,,,,,,,,,lb,,,
commander-scene-light,,,,,,,,,COM120-570,,,"20,000",,,120 Vac,,COM120-570,0.0,,0,continue,manual,5474.00,,true,true,,,,,,,,,,,,,,,,,,,,,,,,,,,,,,,,lb,,,
commander-scene-light,,,,,,,,,COM120-ON,,,"20,000",,,120 Vac,,COM120-ON,0.0,,0,continue,manual,4633.00,,true,true,,,,,,,,,,,,,,,,,,,,,,,,,,,,,,,,lb,,,
commander-scene-light,,,,,,,,,COM120-ON-530,,,"20,000",,,120 Vac,,COM120-ON-530,0.0,,0,continue,manual,6020.00,,true,true,,,,,,,,,,,,,,,,,,,,,,,,,,,,,,,,lb,,,
commander-scene-light,,,,,,,,,COM120-ON-530SW,,,"20,000",,,120 Vac,,COM120-ON-530SW,0.0,,0,continue,manual,6263.00,,true,true,,,,,,,,,,,,,,,,,,,,,,,,,,,,,,,,lb,,,
commander-scene-light,,,,,,,,,COM120-ON-600-603,,,"20,000",,,120 Vac,,COM120-ON-600-603,0.0,,0,continue,manual,7028.00,,true,true,,,,,,,,,,,,,,,,,,,,,,,,,,,,,,,,lb,,,
vision-slr-light-bar-work-truck,Vision SLR® Light Bar — Work Truck,"<h1>Federal Signal Vision® SLR — Work Truck Light Bar</h1><p>The Vision® SLR Work Truck series brings Federal Signal's patented Solaris® LED rotator technology to utility, municipal, DOT, and construction fleets in Amber and Amber/White work zone configurations — the same 360-degree rotator sweep output that makes the Vision SLR a law enforcement standard, now configured for the work zone warning requirements that keep road crews and utility workers visible and compliant.</p><h2>Why fleets choose the Vision SLR Work Truck</h2><ul>
<li>
<strong>Patented Solaris® LED Rotator</strong> → produces a true 360-degree sweep of Amber light that flat LED bars cannot replicate — the rotating output pattern is proven to attract driver attention at the intersection angles and lateral distances where work zone conspicuity saves lives</li>
<li>
<strong>Amber work zone configurations</strong> → purpose-configured for work zone, utility, and municipal applications where Amber warning is required by regulation</li>
<li>
<strong>Pod-based scalability</strong> → the Vision SLR's individual pod architecture allows Amber pods to be combined across different bar lengths for the right coverage on any work truck platform</li>
<li>
<strong>Individual pod replacement</strong> → field-serviceable pod design reduces maintenance cost and downtime for work trucks on active job sites</li>
<li>
<strong>NFPA 1901 compliant configurations available</strong> → select NFPA-suffix SKUs for fire and EMS apparatus in work truck amber configurations</li>
<li>
<strong>FS Convergence Network compatible</strong> → integrates with Federal Signal controllers for fleet-wide programming</li>
<li>Five-year manufacturer warranty</li>
</ul><h2>Technical Specs</h2><table><tbody>
<tr>
<td>LED Colors</td>
<td>Amber, Amber/White (configuration dependent)</td>
</tr>
<tr>
<td>Application</td>
<td>Work Truck, Utility, Municipal, DOT, Construction</td>
</tr>
<tr>
<td>Certifications</td>
<td>NFPA 1901 (select SKUs), CCR Title 13, IP65</td>
</tr>
<tr>
<td>Warranty</td>
<td>Five years</td>
</tr>
</tbody></table><p><em>Contact us or log into your department account to confirm Amber work truck configurations and SKUs for your fleet.</em></p><h2>Ordering from TFR Supply</h2><p>TFR Supply is an authorized Federal Signal dealer serving Texas law enforcement, fire, and EMS agencies. Every order ships direct to your location — no middleman, no inventory delays. Government and department accounts receive tax-exempt checkout and agency pricing. Need installation? Our sister company <a href=""https://www.tx1rs.com"">Texas First Response Services</a> provides professional upfit services across Texas. Create a department account or reach out directly to get started.</p>",Federal Signal,Vehicles & Parts > Vehicle Parts & Accessories > Motor Vehicle Parts > Motor Vehicle Lighting,Emergency Vehicle Light Bars,"Application_Commercial, Application_Work Truck, Brand_Federal Signal, Category_Emergency Vehicle Equipment, Category_Light Bar, Family_Vision SLR, Family_Vision_SLR, Product_Light Bar, Technology_LED, Technology_Rotating, Use_Fleet Upfitting, Use_Law Enforcement, Use_Public Safety",false,Model,Vision SLR,,Length,"46""",,Color,Amber,,,0.0,,0,deny,manual,2319.00,,true,true,,,,,,,,,false,Vision SLR Work Truck Light Bar | Federal Signal Rotating LED | TFRSupply,Shop Federal Signal Vision SLR rotating LED light bars in Work Truck configurations at TFRSupply.,Vehicles & Parts > Vehicle Parts & Accessories > Motor Vehicle Parts > Motor Vehicle Lighting > Light Bars,,,,new,FALSE,,,,,,Shop Federal Signal Vision SLR rotating LED light bars in Work Truck configurations at TFRSupply.,Vision SLR Work Truck Light Bar | Federal Signal Rotating LED | TFRSupply,new,FALSE,Vehicles & Parts > Vehicle Parts & Accessories > Motor Vehicle Parts > Motor Vehicle Lighting > Light Bars,,,,,lb,,,draft
vision-slr-light-bar-work-truck,,,,,,,,,VSLR46-AMWH,,,"46""",,,Amber/White,,VSLR46-AMWH,0.0,shopify,0,continue,manual,2319.00,,true,true,,,,,,,,,,,,,,,,,,,,,,,,,,,,,,,,lb,,,
reliant-s2-light-bar-work-truck,Reliant® S2 Light Bar — Work Truck,"<h1>Federal Signal Reliant® S2 — Work Truck LED Lightbar</h1><p>The Reliant® S2 Work Truck series brings the ultra-low 1.3-inch profile and 28-flash-pattern capability of Federal Signal's flagship low-profile bar to utility, municipal, and construction fleets in Amber and Amber/White work zone configurations. At under 1.5 inches tall, the Reliant S2 Work Truck delivers full work zone warning output in the most aerodynamic, wind-noise-reducing bar profile available for high-mileage utility vehicles.</p><h2>Why fleets choose the Reliant S2 Work Truck</h2><ul>
<li>
<strong>Ultra-low 1.3"" profile</strong> → the lowest-profile full-featured work truck bar on the market — reduces wind drag and cabin noise on high-mileage utility vehicles while delivering full Amber warning output</li>
<li>
<strong>28 flash patterns</strong> → more programmable configurations than most competing work truck bars, adaptable across moving operations, stationary work zones, and traffic control scenarios</li>
<li>
<strong>SpectraLux® multicolor</strong> → Amber and White LED combinations for work zone warning and scene flood lighting in a single bar</li>
<li>
<strong>ROC (Reliable Onboard Circuitry™)</strong> → eliminates ~85% of connection failure points — critical for utility fleets on tight maintenance schedules</li>
<li>
<strong>Built-in SignalMaster® directional warning</strong> → integrated traffic direction without a separate controller or mount</li>
<li>
<strong>IP69K rated (select SKUs)</strong> → highest ingress protection rating, withstands pressure wash-down</li>
<li>
<strong>Low-power mode</strong> → protects vehicle battery during extended stationary work zone operations</li>
<li>
<strong>FS Convergence Network</strong> → Pathfinder® controller compatible</li>
</ul><h2>Technical Specs</h2><table><tbody>
<tr>
<td>Height</td>
<td>1.3 in</td>
</tr>
<tr>
<td>Flash Patterns</td>
<td>28</td>
</tr>
<tr>
<td>LED Colors</td>
<td>Amber, Amber/White</td>
</tr>
<tr>
<td>Application</td>
<td>Work Truck, Utility, Municipal, DOT, Construction</td>
</tr>
<tr>
<td>Certifications</td>
<td>CCR Title 13, IP69K (select SKUs)</td>
</tr>
<tr>
<td>Warranty</td>
<td>Five years</td>
</tr>
</tbody></table><p><em>Contact us or log into your department account to confirm Amber work truck SKUs for the Reliant S2.</em></p><h2>Ordering from TFR Supply</h2><p>TFR Supply is an authorized Federal Signal dealer serving Texas law enforcement, fire, and EMS agencies. Every order ships direct to your location — no middleman, no inventory delays. Government and department accounts receive tax-exempt checkout and agency pricing. Need installation? Our sister company <a href=""https://www.tx1rs.com"">Texas First Response Services</a> provides professional upfit services across Texas. Create a department account or reach out directly to get started.</p>",Federal Signal,Vehicles & Parts > Vehicle Parts & Accessories > Motor Vehicle Parts > Motor Vehicle Lighting,Emergency Vehicle Light Bars,"Application_Commercial, Application_Work Truck, Brand_Federal Signal, Category_Emergency Vehicle Equipment, Category_Light Bar, Family_Reliant, Product_Light Bar, Technology_LED, Use_Fleet Upfitting, Use_Law Enforcement, Use_Public Safety",false,Model,RLNT48-AMWH,,Length,"48""",,Color,Amber/White,,RLNT48-AMWH,0.0,shopify,0,continue,manual,1855.00,,true,true,,,,,,https://cdn.shopify.com/s/files/1/0725/9330/9807/files/relaitns2.avif?v=1781546301,1,"",false,Reliant S2 Work Truck Light Bar | Federal Signal Commercial LED | TFRSupply,Shop Federal Signal Reliant S2 light bars in Work Truck configurations at TFRSupply.,Vehicles & Parts > Vehicle Parts & Accessories > Motor Vehicle Parts > Motor Vehicle Lighting > Light Bars,,,,new,FALSE,,,,,,Shop Federal Signal Reliant S2 light bars in Work Truck configurations at TFRSupply.,Reliant S2 Work Truck Light Bar | Federal Signal Commercial LED | TFRSupply,new,FALSE,Vehicles & Parts > Vehicle Parts & Accessories > Motor Vehicle Parts > Motor Vehicle Lighting > Light Bars,amber,led,programmable-timer-function,,lb,,,draft
reliant-s2-light-bar-work-truck,,,,,,,,,RLNT48-AMBL,,,"48""",,,Amber/Blue,,RLNT48-AMBL,0.0,shopify,0,continue,manual,1855.00,,true,true,,,,,,,,,,,,,,,,,,,,,,,,,,,,,,,,lb,,,
reliant-s2-light-bar-work-truck,,,,,,,,,RLNT48-AMGN,,,"48""",,,Amber/Green,,RLNT48-AMGN,0.0,shopify,0,continue,manual,1855.00,,true,true,,,,,,,,,,,,,,,,,,,,,,,,,,,,,,,,lb,,,
reliant-s2-light-bar-work-truck,,,,,,,,,RLNT48J-AMBR2N4,,,"48""",,,Amber,,RLNT48J-AMBR2N4,0.0,shopify,0,continue,manual,2347.00,,true,true,,,,,,,,,,,,,,,,,,,,,,,,,,,,,,,,lb,,,
reliant-s2-light-bar-work-truck,,,,,,,,,RLNT48J-AMBR2H4,,,"48""",,,Amber-White,,RLNT48J-AMBR2H4,0.0,shopify,0,continue,manual,2347.00,,true,true,,,,,,,,,,,,,,,,,,,,,,,,,,,,,,,,lb,,,
reliant-s2-light-bar-work-truck,,,,,,,,,RLNT48J-AMBR2F4,,,"48""",,,Amber-White,,RLNT48J-AMBR2F4,0.0,shopify,0,continue,manual,2347.00,,true,true,,,,,,,,,,,,,,,,,,,,,,,,,,,,,,,,lb,,,
reliant-s2-light-bar-work-truck,,,,,,,,,RLNT48J-ABRH4,,,"48""",,,Amber-Blue,,RLNT48J-ABRH4,0.0,shopify,0,continue,manual,2442.00,,true,true,,,,,,,,,,,,,,,,,,,,,,,,,,,,,,,,lb,,,
reliant-s2-light-bar-work-truck,,,,,,,,,RLNT48J-ABWH4,,,"48""",,,Amber-Blue,,RLNT48J-ABWH4,0.0,shopify,0,continue,manual,2442.00,,true,true,,,,,,,,,,,,,,,,,,,,,,,,,,,,,,,,lb,,,
reliant-s2-light-bar-work-truck,,,,,,,,,RLNT48J-ABWF4,,,"48""",,,Amber-Blue,,RLNT48J-ABWF4,0.0,shopify,0,continue,manual,2442.00,,true,true,,,,,,,,,,,,,,,,,,,,,,,,,,,,,,,,lb,,,
reliant-s2-light-bar-work-truck,,,,,,,,,RLNT48J-AGWH4,,,"48""",,,Amber-Green,,RLNT48J-AGWH4,0.0,shopify,0,continue,manual,2442.00,,true,true,,,,,,,,,,,,,,,,,,,,,,,,,,,,,,,,lb,,,
navigator-light-bar-work-truck,Navigator® Light Bar — Work Truck,"<h1>Federal Signal Navigator® — Work Truck Light Bar</h1><p>The Navigator® Work Truck series delivers Federal Signal's rotator-based lightbar technology to tow trucks, utility vehicles, DOT equipment, and construction fleets in Amber work zone configurations — available in the full Navigator size range from compact 10"" units to 87"" apparatus bars, providing work zone warning output scaled to every vehicle in the fleet.</p><h2>Why fleets choose the Navigator Work Truck</h2><ul>
<li>
<strong>SLR Rotator and QuadraFlare® technology in Amber</strong> → the same patented Solaris® rotating output that makes the Navigator a fire apparatus standard, now in Amber work truck configurations for maximum work zone conspicuity</li>
<li>
<strong>Full size range — 10"" to 87""</strong> → work truck configurations available across the complete Navigator size lineup, covering everything from tow truck mini beacons to heavy utility apparatus full bars</li>
<li>
<strong>NFPA 1901 compliant configurations</strong> → select Navigator sizes available in NFPA-compliant Amber configurations for fire apparatus work truck applications</li>
<li>
<strong>30 flash patterns</strong> → full programmability across moving and stationary work zone scenarios</li>
<li>
<strong>White flood mode</strong> → activating White provides scene illumination for nighttime utility operations</li>
<li>
<strong>TCL (Traffic Clearing Light) available</strong> → 250+ feet of forward warning light for high-speed highway work zones</li>
<li>Five-year manufacturer warranty</li>
</ul><h2>Technical Specs</h2><table><tbody>
<tr>
<td>LED Colors</td>
<td>Amber, Amber/White</td>
</tr>
<tr>
<td>Available Sizes</td>
<td>10"" through 87""</td>
</tr>
<tr>
<td>Application</td>
<td>Work Truck, Tow, Utility, Municipal, DOT</td>
</tr>
<tr>
<td>Certifications</td>
<td>NFPA 1901 (select SKUs), SAE J845 Class 1</td>
</tr>
<tr>
<td>Warranty</td>
<td>Five years</td>
</tr>
</tbody></table><p><em>Contact us or log into your department account to confirm Amber work truck configurations and SKUs for your Navigator size.</em></p><h2>Ordering from TFR Supply</h2><p>TFR Supply is an authorized Federal Signal dealer serving Texas law enforcement, fire, and EMS agencies. Every order ships direct to your location — no middleman, no inventory delays. Government and department accounts receive tax-exempt checkout and agency pricing. Need installation? Our sister company <a href=""https://www.tx1rs.com"">Texas First Response Services</a> provides professional upfit services across Texas. Create a department account or reach out directly to get started.</p>",Federal Signal,Vehicles & Parts > Vehicle Parts & Accessories > Motor Vehicle Parts > Motor Vehicle Lighting,Emergency Vehicle Light Bars,"Application_Commercial, Application_Tow, Application_Work Truck, Brand_Federal Signal, Category_Emergency Vehicle Equipment, Category_Light Bar, Family_Navigator, Product_Light Bar, Technology_LED, Use_Fleet Upfitting, Use_Law Enforcement, Use_Public Safety",false,Model,Default Title,,Length,"45""",,Color,Amber,,,0.0,,0,deny,manual,1159.00,,true,true,,,,,,https://cdn.shopify.com/s/files/1/0725/9330/9807/files/work-truck-navigator-Hero_2.jpg?v=1781407372,1,"Navigator® Compact (10""-33"") product image for TFR Supply emergency vehicle upfitting",false,Navigator Work Truck Light Bar | Federal Signal Commercial LED | TFRSupply,Shop Federal Signal Navigator light bars in Work Truck and Commercial configurations at TFRSupply.,Vehicles & Parts > Vehicle Parts & Accessories > Motor Vehicle Parts > Motor Vehicle Lighting > Light Bars,,,,new,FALSE,,,,,,Shop Federal Signal Navigator light bars in Work Truck and Commercial configurations at TFRSupply.,Navigator Work Truck Light Bar | Federal Signal Commercial LED | TFRSupply,new,FALSE,Vehicles & Parts > Vehicle Parts & Accessories > Motor Vehicle Parts > Motor Vehicle Lighting > Light Bars,,,,,lb,,,draft
navigator-light-bar-work-truck,,,,,,,,,NAVG45Z-AMBRHC,,,"45""",,,Amber Hi-Count,,NAVG45Z-AMBRHC,0.0,shopify,0,continue,manual,1159.00,,true,true,,,,,,https://cdn.shopify.com/s/files/1/0725/9330/9807/files/navigator-serial-light-bar_hero_-900x600_jpg.webp?v=1780421257,2,"Navigator® Light Bar - 45"" product image for TFR Supply emergency vehicle upfitting",,,,,,,,,,,,,,,,,,,,,,,,lb,,,
navigator-light-bar-work-truck,,,,,,,,,NAVG45D-AMBRM,,,"45""",,,Amber,,NAVG45D-AMBRM,0.0,shopify,0,continue,manual,1043.00,,true,true,,,,,,https://cdn.shopify.com/s/files/1/0725/9330/9807/files/navigator-serial-light-bar_endflood-576x576_jpg.webp?v=1780421369,3,"Navigator® Light Bar - 45"" product image for TFR Supply emergency vehicle upfitting",,,,,,,,,,,,,,,,,,,,,,,,lb,,,
navigator-light-bar-work-truck,,,,,,,,,NAVG45D-AMBRHC,,,"45""",,,Amber Hi-Count,,NAVG45D-AMBRHC,0.0,shopify,0,continue,manual,1043.00,,true,true,,,,,,https://cdn.shopify.com/s/files/1/0725/9330/9807/files/navigator-serial-light-bar_rotator-576x576_jpg.webp?v=1780421369,4,"Navigator® Light Bar - 73"" product image for TFR Supply emergency vehicle upfitting",,,,,,,,,,,,,,,,,,,,,,,,lb,,,
navigator-light-bar-work-truck,,,,,,,,,NVG45Z-MUNI1HC6,,,"45""",,,Amber-White,,NVG45Z-MUNI1HC6,0.0,shopify,0,continue,manual,4859.00,,true,true,,,,,,https://cdn.shopify.com/s/files/1/0725/9330/9807/files/navigator-serial-light-bar_police-576x576_jpg.webp?v=1780421369,5,"Navigator® Compact (10""-33"") product image for TFR Supply emergency vehicle upfitting",,,,,,,,,,,,,,,,,,,,,,,,lb,,,
allegiant-light-bar-work-truck,Allegiant® Light Bar — Work Truck,"<h1>Federal Signal Allegiant® Max — Work Truck Light Bar</h1><p>The Allegiant® Max Work Truck series brings Federal Signal's full Allegiant Max platform to utility, municipal, tow, and construction fleets in Amber and Amber/White work zone configurations — available from the compact 21"" mini bar through the 94"" apparatus bar for work trucks of any size.</p><h2>Why fleets choose the Allegiant Max Work Truck</h2><ul>
<li>
<strong>Full Allegiant Max platform in Amber</strong> → SpectraLux® tri-color capability, Solaris® reflector technology, and the complete Allegiant Max lighting suite in Amber work zone configurations</li>
<li>
<strong>Complete size range — 21"" to 94""</strong> → work truck configurations available across the entire Allegiant Max lineup for any work vehicle platform</li>
<li>
<strong>Amber and Amber/White configurations</strong> → Amber-only for standard work zone compliance; Amber/White for combined warning and scene flood capability</li>
<li>
<strong>Rooftop-serviceable</strong> → field maintenance without removing the bar, critical for work trucks on active job sites</li>
<li>
<strong>Low-power mode</strong> → protects vehicle electrical systems during extended stationary work zone operations</li>
<li>
<strong>Discrete and Serial control options</strong> → match existing vehicle wiring or integrate with FS Convergence Network</li>
<li>NFPA 1900 certified, IP65 rated</li>
<li>Five-year manufacturer warranty</li>
</ul><h2>Technical Specs</h2><table><tbody>
<tr>
<td>LED Colors</td>
<td>Amber, Amber/White</td>
</tr>
<tr>
<td>Available Sizes</td>
<td>21"" through 94""</td>
</tr>
<tr>
<td>Application</td>
<td>Work Truck, Tow, Utility, Municipal, DOT, Construction</td>
</tr>
<tr>
<td>Certifications</td>
<td>NFPA 1900, IP65</td>
</tr>
<tr>
<td>Warranty</td>
<td>Five years</td>
</tr>
</tbody></table><p><em>Contact us or log into your department account to confirm Amber work truck configurations and SKUs for your Allegiant size.</em></p><h2>Ordering from TFR Supply</h2><p>TFR Supply is an authorized Federal Signal dealer serving Texas law enforcement, fire, and EMS agencies. Every order ships direct to your location — no middleman, no inventory delays. Government and department accounts receive tax-exempt checkout and agency pricing. Need installation? Our sister company <a href=""https://www.tx1rs.com"">Texas First Response Services</a> provides professional upfit services across Texas. Create a department account or reach out directly to get started.</p>",Federal Signal,Vehicles & Parts > Vehicle Parts & Accessories > Motor Vehicle Parts > Motor Vehicle Lighting > Light Bars,Emergency Vehicle Light Bars,"Application_Commercial, Application_Tow, Application_Work Truck, Brand_Federal Signal, Category_Emergency Vehicle Equipment, Category_Light Bar, Family_Allegiant, Product_Light Bar, Technology_LED, Use_Fleet Upfitting, Use_Law Enforcement, Use_Public Safety",false,Model,ALGT21D-AMBR3BF,,Length,"21""",,Color,Amber,,ALGT21D-AMBR3BF,0.0,,0,continue,manual,1104.00,,true,true,,,,,,https://cdn.shopify.com/s/files/1/0725/9330/9807/files/allegiant-21-inch-mini-light-barALGT21-menu-576x576.png?v=1781063131,1,"Allegiant® Light Bar - 53"" product image for TFR Supply emergency vehicle upfitting",false,Allegiant Work Truck Light Bar | Federal Signal Amber LED | TFRSupply,Shop the Federal Signal Allegiant Work Truck Light Bar at TFRSupply. Authorized distributor.,Vehicles & Parts > Vehicle Parts & Accessories > Motor Vehicle Parts > Motor Vehicle Lighting > Light Bars,,,ALGT21D-AMBR3BF,new,FALSE,,,,,,Shop the Federal Signal Allegiant Work Truck Light Bar at TFRSupply. Authorized distributor.,Allegiant Work Truck Light Bar | Federal Signal Amber LED | TFRSupply,new,FALSE,Vehicles & Parts > Vehicle Parts & Accessories > Motor Vehicle Parts > Motor Vehicle Lighting > Light Bars,,,,,lb,,,draft
allegiant-light-bar-work-truck,,,,,,,,,ALGT21D-AMBRF,,,"21""",,,Amber,,ALGT21D-AMBRF,0.0,,0,continue,manual,974.00,,true,true,,,,,,https://cdn.shopify.com/s/files/1/0725/9330/9807/files/allegiant-21-inch-mini-light-bar-hero2_-1-900x600.jpg?v=1781063131,2,"Allegiant® Light Bar - 53"" product image for TFR Supply emergency vehicle upfitting",,,,,,,,,,,,,,,,,,,,,,,,lb,,,
allegiant-light-bar-work-truck,,,,,,,,,ALGT21D-AMBRM,,,"21""",,,Amber,,ALGT21D-AMBRM,0.0,,0,continue,manual,1003.00,,true,true,,,,,,,,,,,,,,,,,,,,,,,,,,,,,,,,lb,,,
allegiant-light-bar-work-truck,,,,,,,,,ALGT21D-AMBRP,,,"21""",,,Amber,,ALGT21D-AMBRP,0.0,,0,continue,manual,974.00,,true,true,,,,,,,,,,,,,,,,,,,,,,,,,,,,,,,,lb,,,
allegiant-light-bar-work-truck,,,,,,,,,ALGT21J-AMBR3BP4,,,"21""",,,Amber,,ALGT21J-AMBR3BP4,0.0,,0,continue,manual,1428.00,,true,true,,,,,,,,,,,,,,,,,,,,,,,,,,,,,,,,lb,,,
valor-light-bar-work-truck,Valor® Light Bar — Work Truck,"<h1>Federal Signal Valor® — Work Truck LED Lightbar (44"" &amp; 51"")</h1><p>The Valor® Work Truck series brings Federal Signal's most distinctive low-profile lightbar to utility, municipal, DOT, and construction fleets — the same V-shape non-linear design, Solaris® LED reflector technology, and ROC reliability as the patrol-spec Valor, now in Amber and Amber/White work zone configurations. No other low-profile work truck bar delivers 360-degree Amber output through a non-linear geometry.</p><h2>Why fleets choose the Valor Work Truck</h2><ul>
<li>
<strong>V-shape non-linear design</strong> → delivers true 360-degree Amber output and superior off-axis warning at the lateral angles where work zone visibility is most critical — flat linear bars at the same height cannot physically replicate this coverage</li>
<li>
<strong>Under 2"" tall</strong> → one of the lowest-profile full-featured work truck bars on the market, ideal for high-mileage utility vehicles where aerodynamics and wind noise matter</li>
<li>
<strong>Amber and Amber/White configurations</strong> → Amber-only for pure work zone compliance; Amber/White for warning plus scene flood lighting in a single bar</li>
<li>
<strong>ROC (Reliable Onboard Circuitry™)</strong> → eliminates ~85% of connection failure points for utility fleets on tight maintenance schedules</li>
<li>
<strong>Integrated Vortex™ generators</strong> → reduce aerodynamic drag and wind noise at highway speeds</li>
<li>Built-in SignalMaster® directional warning</li>
<li>HotFoot® mounting available for additional alley and takedown lights</li>
<li>CCR Title 13 certified, IP65 rated</li>
<li>Five-year manufacturer warranty</li>
</ul><h2>Technical Specs</h2><table><tbody>
<tr>
<td>Available Lengths</td>
<td>44 in, 51 in</td>
</tr>
<tr>
<td>Height</td>
<td>1.96 in</td>
</tr>
<tr>
<td>LED Colors</td>
<td>Amber (AMBR2), Amber/White (AMBR3)</td>
</tr>
<tr>
<td>Application</td>
<td>Work Truck, Utility, Municipal, DOT, Construction</td>
</tr>
<tr>
<td>Certifications</td>
<td>CCR Title 13, IP65</td>
</tr>
<tr>
<td>Warranty</td>
<td>Five years</td>
</tr>
</tbody></table><p><em>Available SKUs: VALR44J-AMBR2 ($5,184), VALR44J-AMBR3 ($5,544), VALR51J-AMBR2 ($5,849), VALR51J-AMBR3 ($6,209). AMBR2 = Amber only. AMBR3 = Amber/White. Contact us or create a department account to order.</em></p><h2>Ordering from TFR Supply</h2><p>TFR Supply is an authorized Federal Signal dealer serving Texas law enforcement, fire, and EMS agencies. Every order ships direct to your location — no middleman, no inventory delays. Government and department accounts receive tax-exempt checkout and agency pricing. Need installation? Our sister company <a href=""https://www.tx1rs.com"">Texas First Response Services</a> provides professional upfit services across Texas. Create a department account or reach out directly to get started.</p>",Federal Signal,Vehicles & Parts > Vehicle Parts & Accessories > Motor Vehicle Parts > Motor Vehicle Lighting > Light Bars,Emergency Vehicle Light Bars,"Application_Commercial, Application_Work Truck, Brand_Federal Signal, Category_Emergency Vehicle Equipment, Category_Light Bar, Family_Valor, Product_Light Bar, Technology_LED, Use_Fleet Upfitting, Use_Law Enforcement, Use_Public Safety",false,Model,VALR44J-AMBR2,,Length,"44""",,Color,Amber,,VALR44J-AMBR2,0.0,,0,continue,manual,5184.00,,true,true,,,,,,https://cdn.shopify.com/s/files/1/0725/9330/9807/files/download_1.avif?v=1780427824,1,Valor® Light Bar — Work Truck - VALR44J-AMBR2 - Federal Signal emergency vehicle equipment,false,Valor Work Truck Light Bar | Federal Signal Commercial LED | TFRSupply,Shop the Federal Signal Valor Work Truck Light Bar at TFRSupply. Authorized distributor.,Vehicles & Parts > Vehicle Parts & Accessories > Motor Vehicle Parts > Motor Vehicle Lighting > Light Bars,,,VALR44J-AMBR2,new,FALSE,,,,,,Shop the Federal Signal Valor Work Truck Light Bar at TFRSupply. Authorized distributor.,Valor Work Truck Light Bar | Federal Signal Commercial LED | TFRSupply,new,FALSE,Vehicles & Parts > Vehicle Parts & Accessories > Motor Vehicle Parts > Motor Vehicle Lighting > Light Bars,,,,,lb,,,draft
valor-light-bar-work-truck,,,,,,,,,VALR44J-AMBR3,,,"44""",,,Amber,,VALR44J-AMBR3,0.0,,0,continue,manual,5544.00,,true,true,,,,,,https://cdn.shopify.com/s/files/1/0725/9330/9807/files/valor-light-bar_heroA_-900x600_jpg.webp?v=1780427824,2,"Valor® Light Bar - 44"" product image for TFR Supply emergency vehicle upfitting",,,,,,,,,,,,,,,,,,,,,,,,lb,,,
valor-light-bar-work-truck,,,,,,,,,VALR51J-AMBR2,,,"51""",,,Amber,,VALR51J-AMBR2,0.0,,0,continue,manual,5849.00,,true,true,,,,,,https://cdn.shopify.com/s/files/1/0725/9330/9807/files/Valor-LED-Light-Bar_interal-576x576_jpg.webp?v=1780427824,3,"Valor® Light Bar - 44"" product image for TFR Supply emergency vehicle upfitting",,,,,,,,,,,,,,,,,,,,,,,,lb,,,
valor-light-bar-work-truck,,,,,,,,,VALR51J-AMBR3,,,"51""",,,Amber,,VALR51J-AMBR3,0.0,,0,continue,manual,6209.00,,true,true,,,,,,,,,,,,,,,,,,,,,,,,,,,,,,,,lb,,,
integrity-light-bar-work-truck,Integrity® Light Bar — Work Truck,"<h1>Federal Signal Integrity® — Work Truck LED Lightbar (44"" &amp; 51"")</h1><p>The Integrity® Work Truck series brings Federal Signal's most feature-complete low-profile linear lightbar to utility, municipal, DOT, and construction fleets in Amber and Amber/White work zone configurations. The same 28 flash patterns, ROC reliability, and full flood capability that makes the Integrity the benchmark low-profile bar for law enforcement — now configured for the work zone warning requirements that keep road crews and municipal fleets visible and compliant.</p><h2>Why fleets choose the Integrity Work Truck</h2><ul>
<li>
<strong>28 flash patterns</strong> → more programmable configurations than most competing work truck bars</li>
<li>
<strong>SpectraLux® multicolor</strong> → Amber and White combinations for work zone warning plus scene flood from a single bar</li>
<li>
<strong>ROC (Reliable Onboard Circuitry™)</strong> → eliminates ~85% of connection failure points for high-rotation utility fleets</li>
<li>
<strong>Full lighting suite</strong> → front flood, rear flood, alley lights, work lights, and stop/tail/turn available</li>
<li>
<strong>Built-in SignalMaster® directional warning</strong> → critical for moving work zone operations</li>
<li>
<strong>Under 2"" tall</strong> → ultra-low profile reduces wind drag and cabin noise on high-mileage utility vehicles</li>
<li>
<strong>OBDII-integrated S/T/T</strong> → reduces wiring complexity on commercial vehicle builds</li>
<li>
<strong>Easy rooftop service</strong> → field-serviceable without bar removal</li>
<li>CCR Title 13 certified, IP65 rated</li>
<li>Five-year manufacturer warranty</li>
</ul><h2>Technical Specs</h2><table><tbody>
<tr>
<td>Available Lengths</td>
<td>44 in, 51 in</td>
</tr>
<tr>
<td>Height</td>
<td>1.96 in</td>
</tr>
<tr>
<td>LED Colors</td>
<td>Amber (AMBR2), Amber/White (AMBR3)</td>
</tr>
<tr>
<td>Application</td>
<td>Work Truck, Utility, Municipal, DOT, Construction</td>
</tr>
<tr>
<td>Certifications</td>
<td>CCR Title 13, IP65</td>
</tr>
<tr>
<td>Warranty</td>
<td>Five years</td>
</tr>
</tbody></table><p><em>Available SKUs: INTG44J-AMBR2 ($4,952), INTG44J-AMBR3 ($5,312), INTG51J-AMBR2 ($5,370), INTG51J-AMBR3 ($5,730). AMBR2 = Amber only. AMBR3 = Amber/White. Contact us or create a department account to order.</em></p><h2>Ordering from TFR Supply</h2><p>TFR Supply is an authorized Federal Signal dealer serving Texas law enforcement, fire, and EMS agencies. Every order ships direct to your location — no middleman, no inventory delays. Government and department accounts receive tax-exempt checkout and agency pricing. Need installation? Our sister company <a href=""https://www.tx1rs.com"">Texas First Response Services</a> provides professional upfit services across Texas. Create a department account or reach out directly to get started.</p>",Federal Signal,Vehicles & Parts > Vehicle Parts & Accessories > Motor Vehicle Parts > Motor Vehicle Lighting > Light Bars,Emergency Vehicle Light Bars,"Application_Commercial, Application_Work Truck, Brand_Federal Signal, Category_Emergency Vehicle Equipment, Category_Light Bar, Family_Integrity, Product_Light Bar, Technology_LED, Use_Fleet Upfitting, Use_Law Enforcement, Use_Public Safety",false,Model,INTG44J-AMBR2,,Length,"44""",,Color,Amber,,INTG44J-AMBR2,0.0,,0,continue,manual,4952.00,,true,true,,,,,,https://cdn.shopify.com/s/files/1/0725/9330/9807/files/download.avif?v=1780431358,1,Integrity® Light Bar — Work Truck - INTG44J-AMBR2 - Federal Signal emergency vehicle equipment,false,Integrity Work Truck Light Bar | Federal Signal Commercial LED | TFRSupply,Shop the Federal Signal Integrity Work Truck Light Bar at TFRSupply. Authorized distributor.,Vehicles & Parts > Vehicle Parts & Accessories > Motor Vehicle Parts > Motor Vehicle Lighting > Light Bars,,,INTG44J-AMBR2,new,FALSE,,,,,,Shop the Federal Signal Integrity Work Truck Light Bar at TFRSupply. Authorized distributor.,Integrity Work Truck Light Bar | Federal Signal Commercial LED | TFRSupply,new,FALSE,Vehicles & Parts > Vehicle Parts & Accessories > Motor Vehicle Parts > Motor Vehicle Lighting > Light Bars,,,,,lb,,,draft
integrity-light-bar-work-truck,,,,,,,,,INTG44J-AMBR3,,,"44""",,,Amber,,INTG44J-AMBR3,0.0,,0,continue,manual,5312.00,,true,true,,,,,,https://cdn.shopify.com/s/files/1/0725/9330/9807/files/integrity-light-bar_hero_-900x600_jpg.webp?v=1780431361,2,"Integrity® Light Bar - 44"" product image for TFR Supply emergency vehicle upfitting",,,,,,,,,,,,,,,,,,,,,,,,lb,,,
integrity-light-bar-work-truck,,,,,,,,,INTG51J-AMBR2,,,"51""",,,Amber,,INTG51J-AMBR2,0.0,,0,continue,manual,5370.00,,true,true,,,,,,https://cdn.shopify.com/s/files/1/0725/9330/9807/files/integrity-light-bar_signalmaster-576x576_jpg.webp?v=1780431473,3,"Integrity® Light Bar - 44"" product image for TFR Supply emergency vehicle upfitting",,,,,,,,,,,,,,,,,,,,,,,,lb,,,
integrity-light-bar-work-truck,,,,,,,,,INTG51J-AMBR3,,,"51""",,,Amber,,INTG51J-AMBR3,0.0,,0,continue,manual,5730.00,,true,true,,,,,,https://cdn.shopify.com/s/files/1/0725/9330/9807/files/vkctrjXOZwLGAztb.jpg?v=1781069147,4,Integrity® Light Bar — Work Truck - INTG51J-AMBR3 - Federal Signal emergency vehicle equipment,,,,,,,,,,,,,,,,,,,,,,,,lb,,,
integrity-light-bar-work-truck,,,,,,,,,,,,,,,,,,,,,,,,,,,,,,,,https://cdn.shopify.com/s/files/1/0725/9330/9807/files/zvaNbOYxhqPhLKca.jpg?v=1781069147,5,Integrity® Light Bar — Work Truck - Federal Signal emergency vehicle equipment,,,,,,,,,,,,,,,,,,,,,,,,,,,
vision-slr-mini-light-bar,Vision SLR® Compact Beacon Series,"<h1>Federal Signal Vision® SLR — Compact Beacon Series</h1><p>The Vision® SLR Compact Beacon Series brings Federal Signal's patented Solaris® LED rotator technology into individual scalable beacon heads — available in 1, 3, 6, and 8-head configurations for fire apparatus, command vehicles, and any platform where the rotator's 360-degree sweep output is required but a full-size lightbar isn't practical. Each beacon head is independently serviceable and fully compatible with the Vision SLR full-bar system for seamless integration into a larger installation.</p><h2>Why departments choose the Vision SLR Beacon Series</h2><ul>
<li>
<strong>Patented Solaris® LED Rotator</strong> → produces the true rotational sweep of light that flat LED flashers cannot replicate — proven critical for intersection visibility and aerial scene location on fire apparatus</li>
<li>
<strong>Scalable 1 to 8-head configurations</strong> → spec exactly what the apparatus needs from a single corner beacon to a full 8-head apparatus package</li>
<li>
<strong>NFPA 1901 compliant NFPA-suffix SKUs</strong> → NFPA1 through NFPA4 suffix models meet fire apparatus lighting standards out of the box</li>
<li>
<strong>IMPAXX6 combo models</strong> → select SKUs pair the SLR rotator with an integrated Amber IMPAXX6 secondary warning light in a single housing</li>
<li>
<strong>Individual head replacement in under two minutes</strong> → field-serviceable without removing the unit from the apparatus</li>
<li>Available in Amber, Red, Blue, Green, Red/White, and combination configurations</li>
<li>Five-year manufacturer warranty</li>
</ul><h2>Technical Specs</h2><table><tbody>
<tr>
<td>Configurations</td>
<td>1, 3, 6, or 8-head</td>
</tr>
<tr>
<td>Input Voltage</td>
<td>12 VDC</td>
</tr>
<tr>
<td>Flash Patterns</td>
<td>15</td>
</tr>
<tr>
<td>Certifications</td>
<td>NFPA 1901 (select SKUs), IP-rated</td>
</tr>
<tr>
<td>Warranty</td>
<td>Five years</td>
</tr>
</tbody></table><p><em>Note: These are individual beacon/pod units — not a full-size linear lightbar. Contact us or log into your department account to confirm the right configuration for your apparatus.</em></p><h2>Ordering from TFR Supply</h2><p>TFR Supply is an authorized Federal Signal dealer serving Texas law enforcement, fire, and EMS agencies. Every order ships direct to your location — no middleman, no inventory delays. Government and department accounts receive tax-exempt checkout and agency pricing. Need installation? Our sister company <a href=""https://www.tx1rs.com"">Texas First Response Services</a> provides professional upfit services across Texas. Create a department account or reach out directly to get started.</p>",Federal Signal,Vehicles & Parts > Vehicle Parts & Accessories > Vehicle Safety & Security > Vehicle Safety Equipment,Emergency Vehicle Light Bars,"Application_Fire EMS, Application_Law Enforcement, Brand_Federal Signal, Category_Emergency Vehicle Equipment, Category_Light Bar, Family_Vision SLR, Family_Vision_SLR, Product_Light Bar, Technology_LED, Technology_Rotating, Use_Fleet Upfitting, Use_Law Enforcement, Use_Public Safety",true,Model,VSLR1-A1,,Length,Mini (1-8 Head),,Color,Amber,,VSLR1-A1,0.0,shopify,0,continue,manual,934.00,934.00,true,true,,,,,,https://cdn.shopify.com/s/files/1/0725/9330/9807/files/three-pod-visionslr-light-bar-menu-768x768.png?v=1781535533,1,"Vision SLR® Light Bar - 46"" product image for TFR Supply emergency vehicle upfitting",false,Vision SLR Light Bar Mini (1-8 Head) | Federal Signal LED Light Bar | TFRSupply,Shop the Federal Signal Vision SLR Light Bar Mini (1-8 Head) LED light bar at TFRSupply. Authorized distributor.,Vehicles & Parts > Vehicle Parts & Accessories > Motor Vehicle Parts > Motor Vehicle Lighting > Light Bars,,,VSLR1-A1,new,FALSE,,,,,,Shop the Federal Signal Vision SLR Light Bar Mini (1-8 Head) LED light bar at TFRSupply. Authorized distributor.,Vision SLR Light Bar Mini (1-8 Head) | Federal Signal LED Light Bar | TFRSupply,new,FALSE,Vehicles & Parts > Vehicle Parts & Accessories > Motor Vehicle Parts > Motor Vehicle Lighting > Light Bars,red; white; blue; amber; green,led,,,lb,,,active
vision-slr-mini-light-bar,,,,,,,,,VSLR1-A2,,,Mini (1-8 Head),,,Amber,,VSLR1-A2,0.0,shopify,0,continue,manual,934.00,934.00,true,true,,,,,,https://cdn.shopify.com/s/files/1/0725/9330/9807/files/ivp-slr-beacon-VSLR1-R1-menu-768x768.png?v=1781535536,2,Vision SLR® Mini Light Bar product image for TFR Supply emergency vehicle upfitting,,,,,,,,,,,,,,,,,,,,,,,,lb,,,
vision-slr-mini-light-bar,,,,,,,,,VSLR1-R1,,,Mini (1-8 Head),,,Red,,VSLR1-R1,0.0,shopify,0,continue,manual,934.00,934.00,true,true,,,,,,https://cdn.shopify.com/s/files/1/0725/9330/9807/files/Visionslr-light-bar_service-576x576_jpg.webp?v=1780417573,3,"Vision SLR® Light Bar - 46"" product image for TFR Supply emergency vehicle upfitting",,,,,,,,,,,,,,,,,,,,,,,,lb,,,
vision-slr-mini-light-bar,,,,,,,,,VSLR1-R2,,,Mini (1-8 Head),,,Red,,VSLR1-R2,0.0,shopify,0,continue,manual,934.00,934.00,true,true,,,,,,https://cdn.shopify.com/s/files/1/0725/9330/9807/files/Visionslr-light-bar_rotator-576x576_jpg.webp?v=1780417574,4,"Vision SLR® Light Bar - 46"" product image for TFR Supply emergency vehicle upfitting",,,,,,,,,,,,,,,,,,,,,,,,lb,,,
vision-slr-mini-light-bar,,,,,,,,,VSLR3S-NFPA1,,,Mini (1-8 Head),,,Red-White,,VSLR3S-NFPA1,0.0,shopify,0,continue,manual,2819.00,2819.00,true,true,,,,,,https://cdn.shopify.com/s/files/1/0725/9330/9807/files/Visionslr-light-barSignalmaster_jpg.webp?v=1780417574,5,"Vision SLR® Light Bar - 46"" product image for TFR Supply emergency vehicle upfitting",,,,,,,,,,,,,,,,,,,,,,,,lb,,,
vision-slr-mini-light-bar,,,,,,,,,VSLR3S-NFPA3,,,Mini (1-8 Head),,,Red-White,,VSLR3S-NFPA3,0.0,shopify,0,continue,manual,2819.00,2819.00,true,true,,,,,,https://cdn.shopify.com/s/files/1/0725/9330/9807/files/split-visionslr-light-bar-fire-menu-768x768.png?v=1781535534,6,"Vision SLR® Light Bar - 46"" product image for TFR Supply emergency vehicle upfitting",,,,,,,,,,,,,,,,,,,,,,,,lb,,,
vision-slr-mini-light-bar,,,,,,,,,VSLR6S-NFPA1,,,Mini (1-8 Head),,,Red-White,,VSLR6S-NFPA1,0.0,shopify,0,continue,manual,5903.00,5903.00,true,true,,,,,,,,,,,,,,,,,,,,,,,,,,,,,,,,lb,,,
vision-slr-mini-light-bar,,,,,,,,,VSLR6S-NFPA3,,,Mini (1-8 Head),,,Red-White,,VSLR6S-NFPA3,0.0,shopify,0,continue,manual,5903.00,5903.00,true,true,,,,,,,,,,,,,,,,,,,,,,,,,,,,,,,,lb,,,
vision-slr-mini-light-bar,,,,,,,,,VSLR8S-NFPA1,,,Mini (1-8 Head),,,Red-White,,VSLR8S-NFPA1,0.0,shopify,0,continue,manual,6009.00,6009.00,true,true,,,,,,,,,,,,,,,,,,,,,,,,,,,,,,,,lb,,,
vision-slr-mini-light-bar,,,,,,,,,VSLR8S-NFPA2,,,Mini (1-8 Head),,,Red-White,,VSLR8S-NFPA2,0.0,shopify,0,continue,manual,6409.00,6409.00,true,true,,,,,,,,,,,,,,,,,,,,,,,,,,,,,,,,lb,,,
vision-slr-mini-light-bar,,,,,,,,,VSLR8S-NFPA3,,,Mini (1-8 Head),,,Red-White,,VSLR8S-NFPA3,0.0,shopify,0,continue,manual,6009.00,6009.00,true,true,,,,,,,,,,,,,,,,,,,,,,,,,,,,,,,,lb,,,
vision-slr-mini-light-bar,,,,,,,,,VSLR8S-NFPA4,,,Mini (1-8 Head),,,Red-White,,VSLR8S-NFPA4,0.0,shopify,0,continue,manual,6409.00,6409.00,true,true,,,,,,,,,,,,,,,,,,,,,,,,,,,,,,,,lb,,,
vision-slr-mini-light-bar,,,,,,,,,VSLR1-B1,,,Mini (1-8 Head),,,Blue,,VSLR1-B1,0.0,shopify,0,continue,manual,934.00,934.00,true,true,,,,,,,,,,,,,,,,,,,,,,,,,,,,,,,,lb,,,
vision-slr-mini-light-bar,,,,,,,,,VSLR1-B2,,,Mini (1-8 Head),,,Blue,,VSLR1-B2,0.0,shopify,0,continue,manual,934.00,934.00,true,true,,,,,,,,,,,,,,,,,,,,,,,,,,,,,,,,lb,,,
vision-slr-mini-light-bar,,,,,,,,,VSLR1-G1,,,Mini (1-8 Head),,,Green,,VSLR1-G1,0.0,shopify,0,continue,manual,934.00,934.00,true,true,,,,,,,,,,,,,,,,,,,,,,,,,,,,,,,,lb,,,
vision-slr-mini-light-bar,,,,,,,,,VSLR1-G2,,,Mini (1-8 Head),,,Green,,VSLR1-G2,0.0,shopify,0,continue,manual,934.00,934.00,true,true,,,,,,,,,,,,,,,,,,,,,,,,,,,,,,,,lb,,,
vision-slr-mini-light-bar,,,,,,,,,VSLR1-A1A02,,,Mini (1-8 Head),,,See Description,,VSLR1-A1A02,0.0,shopify,0,continue,manual,1192.00,1192.00,true,true,,,,,,,,,,,,,,,,,,,,,,,,,,,,,,,,lb,,,
vision-slr-mini-light-bar,,,,,,,,,VSLR1-A1R02,,,Mini (1-8 Head),,,See Description,,VSLR1-A1R02,0.0,shopify,0,continue,manual,1230.00,1230.00,true,true,,,,,,,,,,,,,,,,,,,,,,,,,,,,,,,,lb,,,
vision-slr-mini-light-bar,,,,,,,,,VSLR1-A2R02,,,Mini (1-8 Head),,,See Description,,VSLR1-A2R02,0.0,shopify,0,continue,manual,1230.00,1230.00,true,true,,,,,,,,,,,,,,,,,,,,,,,,,,,,,,,,lb,,,
vision-slr-mini-light-bar,,,,,,,,,VSLR1-B1A02,,,Mini (1-8 Head),,,See Description,,VSLR1-B1A02,0.0,shopify,0,continue,manual,1192.00,1192.00,true,true,,,,,,,,,,,,,,,,,,,,,,,,,,,,,,,,lb,,,
vision-slr-mini-light-bar,,,,,,,,,VSLR1-R1A02,,,Mini (1-8 Head),,,See Description,,VSLR1-R1A02,0.0,shopify,0,continue,manual,1192.00,1192.00,true,true,,,,,,,,,,,,,,,,,,,,,,,,,,,,,,,,lb,,,
vision-slr-mini-light-bar,,,,,,,,,VSLR1-R1B12,,,Mini (1-8 Head),,,See Description,,VSLR1-R1B12,0.0,shopify,0,continue,manual,1192.00,1192.00,true,true,,,,,,,,,,,,,,,,,,,,,,,,,,,,,,,,lb,,,
vision-slr-mini-light-bar,,,,,,,,,VSLR1-R1R02,,,Mini (1-8 Head),,,See Description,,VSLR1-R1R02,0.0,shopify,0,continue,manual,1192.00,1192.00,true,true,,,,,,,,,,,,,,,,,,,,,,,,,,,,,,,,lb,,,
vision-slr-mini-light-bar,,,,,,,,,VSLR1-R1R21,,,Mini (1-8 Head),,,See Description,,VSLR1-R1R21,0.0,shopify,0,continue,manual,1192.00,1192.00,true,true,,,,,,,,,,,,,,,,,,,,,,,,,,,,,,,,lb,,,
vision-slr-mini-light-bar,,,,,,,,,VSLR1-R2A02,,,Mini (1-8 Head),,,See Description,,VSLR1-R2A02,0.0,shopify,0,continue,manual,1192.00,1192.00,true,true,,,,,,,,,,,,,,,,,,,,,,,,,,,,,,,,lb,,,
vision-slr-mini-light-bar,,,,,,,,,VSLR1D-A2R02,,,Mini (1-8 Head),,,See Description,,VSLR1D-A2R02,0.0,shopify,0,continue,manual,1157.00,1157.00,true,true,,,,,,,,,,,,,,,,,,,,,,,,,,,,,,,,lb,,,
vision-slr-mini-light-bar,,,,,,,,,VSLR1P-A2R02,,,Mini (1-8 Head),,,See Description,,VSLR1P-A2R02,0.0,shopify,0,continue,manual,1157.00,1157.00,true,true,,,,,,,,,,,,,,,,,,,,,,,,,,,,,,,,lb,,,
vision-slr-light-bar-60,"Vision SLR® Light Bar - 60""","<h2>Federal Signal Vision® SLR — 60"" Full-Size Lightbar</h2>
<ul>
<li>The Vision® SLR 60"" is Federal Signal's largest and most capable full-size lightbar — engineered for maximum scene presence, intersection dominance, and NFPA compliance on the vehicles that need it most. If your department runs full-size pursuit vehicles, large SUVs, or apparatus that demands the highest output available, this is the bar.</li>
<li>Built around Federal Signal's exclusive Solaris® LED Rotator technology and the distinctive V-shape non-linear design, the 60"" Vision SLR doesn't just warn — it commands.</li>
</ul>
<h3>Why departments choose the Vision SLR 60""</h3>
<ul>
<li>Largest footprint in the Vision SLR family → 60"" coverage delivers the most aggressive light output and widest side-angle warning of any bar in the lineup, critical for high-speed pursuit and busy urban intersections</li>
<li>Solaris® LED Rotator technology → the patented SLR sweep produces 360-degree output that flat LED bars physically cannot match — seen farther, processed faster by oncoming drivers</li>
<li>SpectraLux® multicolor technology → a single light head switches between Red, Blue, Amber, and White, enabling NFPA 1901 compliance without adding hardware or complexity</li>
<li>FS Convergence Network → plug-and-play wiring connection dramatically reduces installation time and eliminates the rats-nest wiring common on competitive bars</li>
<li>Aerial view LEDs on every pod → dual upward-projecting LEDs per pod make your scene visible to aircraft and elevated observers — increasingly required for federal and major metro deployments</li>
<li>SignalMaster® directional warning available → optional arrow-stick integration for traffic direction built directly into the bar, no separate controller needed</li>
<li>Left/right/full-flood and alley lights available → full scene lighting package in one unit, reducing the number of separately mounted accessories on the vehicle</li>
<li>Individual pod replacement → field-serviceable in minutes without removing the bar, a critical advantage for high-volume fleets on tight maintenance schedules</li>
<li>Five-year manufacturer warranty → the longest standard warranty in its class</li>
</ul>
<h3>Technical Specs</h3>
<p>Length59.3 in (150.6 cm)Width33.2 in (84.3 cm)Height5.8 in (14.7 cm)Ship Weight67.5 lbInput Voltage12 VDCOperating Current25A @ 12 VDCFlash Patterns15Operating Temp-40°F to +149°F (-40°C to +65°C)LED ColorsRed, White, Blue (SpectraLux multicolor)Dome ColorsClear, Red, Blue (variant dependent)WiringSerial / FS Convergence NetworkMountingHook-onCertificationsNFPA 1901, CCR Title 13, IP65WarrantyFive years</p>
<h3>Available SKUs — 60"" Series</h3>
<p>SKUConfigurationVSLR60S-NFPA1Red/White, Clear &amp; Red Domes, SerialVSLR60S-NFPA2Red/White, Clear &amp; Red Domes, SerialVSLR60S-NFPA3Red/White, Clear Dome, SerialVSLR60S-NFPA4Red/White, Clear Dome, Serial</p>
<ul>
<li>NFPA suffix indicates compliance configuration level. Contact us or log into your department account to confirm the right NFPA configuration for your apparatus and jurisdiction.</li>
</ul>
<h3>Ordering from TFR Supply</h3>
<p>TFR Supply is an authorized Federal Signal dealer serving Texas law enforcement, fire, and EMS agencies. Every order ships direct to your location — no middleman, no inventory delays. Government and department accounts receive tax-exempt checkout and agency pricing. Need installation? Our sister company Texas First Response Services provides professional upfit services across Texas. Create a department account or reach out directly to get started.</p>
<p>One flag worth noting: the 60"" SKU list from the Federal Signal page shows only NFPA-suffix models, meaning this length appears to be configured specifically for fire and EMS apparatus compliance rather than law enforcement patrol. When Blake gets the full product data feed, confirm whether there are law enforcement SKUs in the 60"" size or if LE buyers in this family top out at the 53"". That may affect how you categorize this page — fire/EMS vs. universal.</p>
<p>Ready for the 53"" or want to move to a different product family?You said: yesyesJun 2Claude responded: Here's the 53"" description — I already have all the specs needed:Here's the 53"" description — I already have all the specs needed:</p>",Federal Signal,Vehicles & Parts > Vehicle Parts & Accessories > Motor Vehicle Parts > Motor Vehicle Lighting > Light Bars,Emergency Vehicle Light Bars,"Application_Fire EMS, Application_Law Enforcement, Brand_Federal Signal, Category_Emergency Vehicle Equipment, Category_Light Bar, Family_Vision SLR, Family_Vision_SLR, Length_60, Product_Light Bar, Technology_LED, Technology_Rotating, Use_Fleet Upfitting, Use_Law Enforcement, Use_Public Safety",true,Model,VSLR60S-NFPA1,,Length,"60""",,Color,Red-White,,VSLR60S-NFPA1,0.0,shopify,0,continue,manual,6627.00,6627.00,true,true,,,,,,https://cdn.shopify.com/s/files/1/0725/9330/9807/files/split-visionslr-light-bar-fire-menu-768x768.png?v=1781535534,1,"Vision SLR® Light Bar - 46"" product image for TFR Supply emergency vehicle upfitting",false,"Vision SLR Light Bar 60"" | Federal Signal LED Light Bar | TFRSupply","Shop the Federal Signal Vision SLR Light Bar 60"" LED light bar at TFRSupply. Authorized distributor.",Vehicles & Parts > Vehicle Parts & Accessories > Motor Vehicle Parts > Motor Vehicle Lighting > Light Bars,,,VSLR60S-NFPA1,new,FALSE,,,,,,"Shop the Federal Signal Vision SLR Light Bar 60"" LED light bar at TFRSupply. Authorized distributor.","Vision SLR Light Bar 60"" | Federal Signal LED Light Bar | TFRSupply",new,FALSE,Vehicles & Parts > Vehicle Parts & Accessories > Motor Vehicle Parts > Motor Vehicle Lighting > Light Bars,,,,,lb,,,active
vision-slr-light-bar-60,,,,,,,,,VSLR60S-NFPA2,,,"60""",,,Red-White,,VSLR60S-NFPA2,0.0,shopify,0,continue,manual,6827.00,6827.00,true,true,,,,,,https://cdn.shopify.com/s/files/1/0725/9330/9807/files/Visionslr-light-bar_hero_-900x600_jpg.webp?v=1780417490,2,"Vision SLR® Light Bar - 46"" product image for TFR Supply emergency vehicle upfitting",,,,,,,,,,,,,,,,,,,,,,,,lb,,,
vision-slr-light-bar-60,,,,,,,,,VSLR60S-NFPA3,,,"60""",,,Red-White,,VSLR60S-NFPA3,0.0,shopify,0,continue,manual,6627.00,6627.00,true,true,,,,,,https://cdn.shopify.com/s/files/1/0725/9330/9807/files/Visionslr-light-bar_redblue-576x576_jpg.webp?v=1780417507,3,"Vision SLR® Light Bar - 46"" product image for TFR Supply emergency vehicle upfitting",,,,,,,,,,,,,,,,,,,,,,,,lb,,,
vision-slr-light-bar-60,,,,,,,,,VSLR60S-NFPA4,,,"60""",,,Red-White,,VSLR60S-NFPA4,0.0,shopify,0,continue,manual,6827.00,6827.00,true,true,,,,,,https://cdn.shopify.com/s/files/1/0725/9330/9807/files/Visionslr-light-bar_service-576x576_jpg.webp?v=1780417573,4,"Vision SLR® Light Bar - 46"" product image for TFR Supply emergency vehicle upfitting",,,,,,,,,,,,,,,,,,,,,,,,lb,,,
vision-slr-light-bar-60,,,,,,,,,,,,,,,,,,,,,,,,,,,,,,,,https://cdn.shopify.com/s/files/1/0725/9330/9807/files/Visionslr-light-bar_red_-576x576_jpg.webp?v=1780417573,5,"Vision SLR® Light Bar - 46"" product image for TFR Supply emergency vehicle upfitting",,,,,,,,,,,,,,,,,,,,,,,,,,,
vision-slr-light-bar-53,"Vision SLR® Light Bar - 53""","<h2>Federal Signal Vision® SLR — 53"" Full-Size Lightbar</h2>
<ul>
<li>The Vision® SLR 53"" is the sweet spot of the Vision SLR lineup — delivering the full power of Federal Signal's Solaris® LED Rotator platform in a size that fits the widest range of emergency vehicles on the road today. For departments that need maximum output without the footprint of the 60"", this is the bar most fleets standardize on.</li>
</ul>
<p>From Ford Police Interceptor Utilities to Chevy Tahoe PPVs to mid-size fire apparatus, the 53"" Vision SLR is the most versatile full-size bar in the family.</p>
<h3>Why departments choose the Vision SLR 53""</h3>
<ul>
<li>The most fleet-compatible size in the Vision SLR family → fits the majority of pursuit vehicles, SUVs, and mid-size apparatus without overhang or clearance issues that plague the 60"" on smaller platforms</li>
<li>Solaris® LED Rotator technology → the patented SLR sweep delivers 360-degree output at intersection angles where lives are on the line, outperforming flat LED bars in the situations that matter most</li>
<li>SpectraLux® multicolor technology → single light heads switch between Red, Blue, Amber, and White, giving you NFPA 1901 compliance and multi-function capability without adding hardware</li>
<li>FS Convergence Network → plug-and-play wiring eliminates the installation complexity that adds hours to a build and creates long-term reliability issues</li>
<li>Aerial view LEDs on every pod → dual upward-projecting LEDs per pod keep your scene visible to aircraft and elevated observers, increasingly standard for federal and major metro contracts</li>
<li>Left/right/full-flood and alley lights available → complete scene lighting in one bar reduces the number of separately wired accessories on every vehicle</li>
<li>SignalMaster® directional warning available → arrow-stick traffic direction built into the bar itself, no separate controller or mounting hardware required</li>
<li>Individual pod replacement → any pod swapped in minutes without pulling the bar — the right design for departments running high vehicle counts on tight service schedules</li>
<li>Five-year manufacturer warranty → Federal Signal's standard, and the longest in its class</li>
</ul>
<h3>Technical Specs</h3>
<p>Length52.3 in (132.8 cm)Width30.2 in (76.7 cm)Height5.8 in (14.7 cm)Ship Weight64.4 lbInput Voltage12 VDCOperating Current25A @ 12 VDCFlash Patterns15Operating Temp-40°F to +149°F (-40°C to +65°C)LED ColorsRed, White, Blue (SpectraLux multicolor)Dome ColorsClear, Red, Blue (variant dependent)WiringSerial / FS Convergence NetworkMountingHook-onCertificationsNFPA 1901, CCR Title 13, IP65WarrantyFive years</p>
<h3>Available SKUs — 53"" Series</h3>
<p>SKUConfigurationVSLR53S-NFPA1Red/White, Clear &amp; Red Domes, SerialVSLR53S-NFPA2Red/White, Clear &amp; Red Domes, SerialVSLR53S-NFPA3Red/White, Clear Dome, SerialVSLR53S-NFPA4Red/White, Clear Dome, Serial</p>
<ul>
<li>NFPA suffix indicates compliance configuration level. Contact us or log into your department account to confirm the correct configuration for your apparatus and jurisdiction requirements.</li>
</ul>
<h3>Ordering from TFR Supply</h3>
<p>TFR Supply is an authorized Federal Signal dealer serving Texas law enforcement, fire, and EMS agencies. Every order ships direct to your location — no middleman, no inventory delays. Government and department accounts receive tax-exempt checkout and agency pricing. Need installation? Our sister company Texas First Response Services provides professional upfit services across Texas. Create a department account or reach out directly to get started.</p>
<p>Same flag as the 60"" — the 53"" SKUs from the Federal Signal page also show only NFPA-suffix configurations, suggesting this size is also oriented toward fire and EMS compliance builds. Confirm with Blake whether law enforcement SKUs exist at this length when the product data comes in.</p>
<p>Want the 46"" next, or is there a different product family you want to jump to?You said: yesyesJun 2Claude responded: Here's the 46"" description:Here's the 46"" description:</p>",Federal Signal,Vehicles & Parts > Vehicle Parts & Accessories > Motor Vehicle Parts > Motor Vehicle Lighting > Light Bars,Emergency Vehicle Light Bars,"Application_Fire EMS, Application_Law Enforcement, Brand_Federal Signal, Category_Emergency Vehicle Equipment, Category_Light Bar, Family_Vision SLR, Family_Vision_SLR, Length_53, Product_Light Bar, Technology_LED, Technology_Rotating, Use_Fleet Upfitting, Use_Law Enforcement, Use_Public Safety",true,Model,VSLR53S-NFPA1,,Length,"53""",,Color,Red-White,,VSLR53S-NFPA1,0.0,shopify,0,continue,manual,6510.00,6510.00,true,true,,,,,,https://cdn.shopify.com/s/files/1/0725/9330/9807/files/split-visionslr-light-bar-fire-menu-768x768.png?v=1781535534,1,"Vision SLR® Light Bar - 46"" product image for TFR Supply emergency vehicle upfitting",false,"Vision SLR Light Bar 53"" | Federal Signal LED Light Bar | TFRSupply","Shop the Federal Signal Vision SLR Light Bar 53"" LED light bar at TFRSupply. Authorized distributor.",Vehicles & Parts > Vehicle Parts & Accessories > Motor Vehicle Parts > Motor Vehicle Lighting > Light Bars,,,VSLR53S-NFPA1,new,FALSE,,,,,,"Shop the Federal Signal Vision SLR Light Bar 53"" LED light bar at TFRSupply. Authorized distributor.","Vision SLR Light Bar 53"" | Federal Signal LED Light Bar | TFRSupply",new,FALSE,Vehicles & Parts > Vehicle Parts & Accessories > Motor Vehicle Parts > Motor Vehicle Lighting > Light Bars,,,,,lb,,,active
vision-slr-light-bar-53,,,,,,,,,VSLR53S-NFPA2,,,"53""",,,Red-White,,VSLR53S-NFPA2,0.0,shopify,0,continue,manual,6710.00,6710.00,true,true,,,,,,https://cdn.shopify.com/s/files/1/0725/9330/9807/files/Visionslr-light-bar_hero_-900x600_jpg.webp?v=1780417490,2,"Vision SLR® Light Bar - 46"" product image for TFR Supply emergency vehicle upfitting",,,,,,,,,,,,,,,,,,,,,,,,lb,,,
vision-slr-light-bar-53,,,,,,,,,VSLR53S-NFPA3,,,"53""",,,Red-White,,VSLR53S-NFPA3,0.0,shopify,0,continue,manual,6510.00,6510.00,true,true,,,,,,https://cdn.shopify.com/s/files/1/0725/9330/9807/files/Visionslr-light-bar_redblue-576x576_jpg.webp?v=1780417507,3,"Vision SLR® Light Bar - 46"" product image for TFR Supply emergency vehicle upfitting",,,,,,,,,,,,,,,,,,,,,,,,lb,,,
vision-slr-light-bar-53,,,,,,,,,VSLR53S-NFPA4,,,"53""",,,Red-White,,VSLR53S-NFPA4,0.0,shopify,0,continue,manual,6710.00,6710.00,true,true,,,,,,https://cdn.shopify.com/s/files/1/0725/9330/9807/files/Visionslr-light-bar_service-576x576_jpg.webp?v=1780417573,4,"Vision SLR® Light Bar - 46"" product image for TFR Supply emergency vehicle upfitting",,,,,,,,,,,,,,,,,,,,,,,,lb,,,
vision-slr-light-bar-53,,,,,,,,,,,,,,,,,,,,,,,,,,,,,,,,https://cdn.shopify.com/s/files/1/0725/9330/9807/files/Visionslr-light-bar_red_-576x576_jpg.webp?v=1780417573,5,"Vision SLR® Light Bar - 46"" product image for TFR Supply emergency vehicle upfitting",,,,,,,,,,,,,,,,,,,,,,,,,,,
vision-slr-light-bar-46,"Vision SLR® Light Bar - 46""","<h2>Federal Signal Vision® SLR — 46"" Full-Size Lightbar</h2>
<ul>
<li>The Vision® SLR 46"" is where the Vision SLR family opens up to law enforcement. Shorter in footprint than the 53"" and 60"" NFPA-configured models, the 46"" is available in both fire/EMS compliance configurations and law enforcement Red/Blue/White combinations — making it the most versatile full-size bar in the lineup and the natural choice for patrol fleets standardizing on a single bar across mixed vehicle types.</li>
</ul>
<p>If your department runs a mix of pursuit vehicles and larger platforms and wants one bar that works across all of them, the 46"" Vision SLR is where that conversation starts.</p>
<h3>Why departments choose the Vision SLR 46""</h3>
<ul>
<li>The only full-size Vision SLR available in Red/Blue/White law enforcement configuration → while the 53"" and 60"" are NFPA fire/EMS builds, the 46"" serves both worlds — LE and apparatus — in a single product family</li>
<li>Fits the widest range of patrol vehicles → sized for Ford PIU, Chevy Tahoe PPV, Dodge Durango Pursuit, and Silverado SSV without clearance or aesthetic compromise</li>
<li>Solaris® LED Rotator technology → 360-degree sweep output at intersection angles that flat LED bars cannot replicate, where split-second visibility saves lives</li>
<li>SpectraLux® multicolor technology → single light heads switch between Red, Blue, Amber, and White, enabling full compliance and multi-function capability without adding hardware</li>
<li>FS Convergence Network → plug-and-play wiring dramatically reduces installation time and long-term reliability issues from over-complex wiring</li>
<li>Aerial view LEDs on every pod → dual upward-projecting LEDs per pod for aircraft and elevated scene visibility, increasingly required on federal and major metro contracts</li>
<li>Left/right/full-flood and alley lights available → complete scene and traffic lighting in one bar</li>
<li>SignalMaster® directional warning available → traffic direction arrow-stick built into the bar, no separate mount or controller required</li>
<li>Individual pod replacement → field-serviceable in minutes without pulling the bar from the vehicle</li>
<li>Five-year manufacturer warranty → industry-leading coverage, standard across the Vision SLR family</li>
</ul>
<h3>Technical Specs</h3>
<p>Length45.4 in (115.3 cm)Width27.9 in (70.9 cm)Height5.8 in (14.7 cm)Ship Weight59.3 lbInput Voltage12 VDCOperating Current25A @ 12 VDCFlash Patterns15Operating Temp-40°F to +149°F (-40°C to +65°C)LED ColorsRed, Blue, White (LE configs); Red, White (NFPA configs)Dome ColorsClear, Red, Blue (variant dependent)WiringSerial / FS Convergence NetworkMountingHook-onCertificationsNFPA 1901 (select SKUs), CCR Title 13, IP65WarrantyFive years</p>
<h3>Available SKUs — 46"" Series</h3>
<p>SKUConfigurationApplicationVSLR46S-NFPA1Red/White, Clear &amp; Red DomesFire/EMS — NFPA compliantVSLR46S-NFPA2Red/White, Clear &amp; Red DomesFire/EMS — NFPA compliantVSLR46S-NFPA3Red/White, Clear DomeFire/EMS — NFPA compliantVSLR46S-NFPA4Red/White, Clear DomeFire/EMS — NFPA compliantVSLR46S-2664009Red/Blue/White, Clear DomeLaw EnforcementVSLR46S-2664014Red/Blue/White, Clear DomeLaw EnforcementVSLR46-2664017Red/Blue/White, Blue/Clear/Red DomesLaw EnforcementVSLR46-2664023Red/Blue/White, Blue/Clear/Red DomesLaw Enforcement</p>
<p>Not sure which SKU fits your vehicle and jurisdiction? Create a department account or contact us — we'll confirm the right configuration before you order.</p>
<h3>Ordering from TFR Supply</h3>
<p>TFR Supply is an authorized Federal Signal dealer serving Texas law enforcement, fire, and EMS agencies. Every order ships direct to your location — no middleman, no inventory delays. Government and department accounts receive tax-exempt checkout and agency pricing. Need installation? Our sister company Texas First Response Services provides professional upfit services across Texas. Create a department account or reach out directly to get started.</p>
<ul>
<li>The 46"" is actually your most important Vision SLR listing because it's the only size with confirmed law enforcement SKUs in the data — the Red/Blue/White configurations are explicitly LE. That's your patrol fleet bar and the one most likely to drive volume from police departments.</li>
</ul>
<p>One thing worth flagging for when you build the Shopify page: the LE SKUs use a numeric suffix (2664009, 2664014, etc.) instead of the NFPA naming convention, so customers may not immediately understand the difference. The application column in that SKU table above does that work for them.</p>
<p>Want to move to a different product family now, or keep going with another Federal Signal line?You said: Reliant Light bar 48""Reliant Light bar 48""Jun 2Claude responded: Let me pull the current specs on that one.Let me pull the current specs on that one.Searched the webSearched the webGot everything I need. One important note before the description — the current Federal Signal product is actually the Reliant S2, the updated generation. Worth knowing because that's what you're actually selling. Here's the description:</p>",Federal Signal,Vehicles & Parts > Vehicle Parts & Accessories > Vehicle Safety & Security > Vehicle Safety Equipment,Emergency Vehicle Light Bars,"Application_Fire EMS, Application_Law Enforcement, Brand_Federal Signal, Category_Emergency Vehicle Equipment, Category_Light Bar, Family_Vision SLR, Family_Vision_SLR, Length_46, Product_Light Bar, Technology_LED, Technology_Rotating, Use_Fleet Upfitting, Use_Law Enforcement, Use_Public Safety",true,Model,VSLR46S-NFPA1,,Length,"46""",,Color,Red-White,,VSLR46S-NFPA1,0.0,shopify,0,continue,manual,6276.00,6276.00,true,true,,,,,,https://cdn.shopify.com/s/files/1/0725/9330/9807/files/split-visionslr-light-bar-fire-menu-768x768.png?v=1781535534,1,"Vision SLR® Light Bar - 46"" product image for TFR Supply emergency vehicle upfitting",false,"Vision SLR Light Bar 46"" | Federal Signal LED Light Bar | TFRSupply","Shop the Federal Signal Vision SLR Light Bar 46"" LED light bar at TFRSupply. Authorized distributor.",Vehicles & Parts > Vehicle Parts & Accessories > Motor Vehicle Parts > Motor Vehicle Lighting > Light Bars,,,VSLR46S-NFPA1,new,FALSE,,,,,,"Shop the Federal Signal Vision SLR Light Bar 46"" LED light bar at TFRSupply. Authorized distributor.","Vision SLR Light Bar 46"" | Federal Signal LED Light Bar | TFRSupply",new,FALSE,Vehicles & Parts > Vehicle Parts & Accessories > Motor Vehicle Parts > Motor Vehicle Lighting > Light Bars,red; white; blue,led,,https://cdn.shopify.com/s/files/1/0725/9330/9807/files/Visionslr-light-bar_red_-576x576_jpg.webp?v=1780417573,lb,,,active
vision-slr-light-bar-46,,,,,,,,,VSLR46S-NFPA2,,,"46""",,,Red-White,,VSLR46S-NFPA2,0.0,shopify,0,continue,manual,6476.00,6476.00,true,true,,,,,,https://cdn.shopify.com/s/files/1/0725/9330/9807/files/Visionslr-light-bar_hero_-900x600_jpg.webp?v=1780417490,2,"Vision SLR® Light Bar - 46"" product image for TFR Supply emergency vehicle upfitting",,,,,,,,,,,,,,,,,,,,,,,https://cdn.shopify.com/s/files/1/0725/9330/9807/files/Visionslr-light-bar_red_-576x576_jpg.webp?v=1780417573,lb,,,
vision-slr-light-bar-46,,,,,,,,,VSLR46S-NFPA3,,,"46""",,,Red-White,,VSLR46S-NFPA3,0.0,shopify,0,continue,manual,6276.00,6276.00,true,true,,,,,,https://cdn.shopify.com/s/files/1/0725/9330/9807/files/Visionslr-light-bar_redblue-576x576_jpg.webp?v=1780417507,3,"Vision SLR® Light Bar - 46"" product image for TFR Supply emergency vehicle upfitting",,,,,,,,,,,,,,,,,,,,,,,https://cdn.shopify.com/s/files/1/0725/9330/9807/files/Visionslr-light-bar_red_-576x576_jpg.webp?v=1780417573,lb,,,
vision-slr-light-bar-46,,,,,,,,,VSLR46S-NFPA4,,,"46""",,,Red-White,,VSLR46S-NFPA4,0.0,shopify,0,continue,manual,6476.00,6476.00,true,true,,,,,,https://cdn.shopify.com/s/files/1/0725/9330/9807/files/Visionslr-light-bar_service-576x576_jpg.webp?v=1780417573,4,"Vision SLR® Light Bar - 46"" product image for TFR Supply emergency vehicle upfitting",,,,,,,,,,,,,,,,,,,,,,,https://cdn.shopify.com/s/files/1/0725/9330/9807/files/Visionslr-light-bar_red_-576x576_jpg.webp?v=1780417573,lb,,,
vision-slr-light-bar-46,,,,,,,,,VSLR46S-2664014,,,"46""",,,Red-Blue,,VSLR46S-2664014,0.0,shopify,0,continue,manual,7351.00,7351.00,true,true,,,,,,https://cdn.shopify.com/s/files/1/0725/9330/9807/files/Visionslr-light-bar_red_-576x576_jpg.webp?v=1780417573,5,"Vision SLR® Light Bar - 46"" product image for TFR Supply emergency vehicle upfitting",,,,,,,,,,,,,,,,,,,,,,,,lb,,,
vision-slr-light-bar-46,,,,,,,,,VSLR46-2664017,,,"46""",,,Red-Blue-White,,VSLR46-2664017,0.0,shopify,0,continue,manual,6576.00,6576.00,true,true,,,,,,https://cdn.shopify.com/s/files/1/0725/9330/9807/files/Visionslr-light-bar_rotator-576x576_jpg.webp?v=1780417574,6,"Vision SLR® Light Bar - 46"" product image for TFR Supply emergency vehicle upfitting",,,,,,,,,,,,,,,,,,,,,,,https://cdn.shopify.com/s/files/1/0725/9330/9807/files/Visionslr-light-bar_redblue-576x576_jpg.webp?v=1780417507,lb,,,
vision-slr-light-bar-46,,,,,,,,,VSLR46-2664023,,,"46""",,,Red-Blue-White,,VSLR46-2664023,0.0,shopify,0,continue,manual,6726.00,6726.00,true,true,,,,,,https://cdn.shopify.com/s/files/1/0725/9330/9807/files/Visionslr-light-barSignalmaster_jpg.webp?v=1780417574,7,"Vision SLR® Light Bar - 46"" product image for TFR Supply emergency vehicle upfitting",,,,,,,,,,,,,,,,,,,,,,,,lb,,,
vision-slr-light-bar-46,,,,,,,,,VSLR46S-2664009,,,"46""",,,See Description,,VSLR46S-2664009,0.0,shopify,0,continue,manual,7201.00,7201.00,true,true,,,,,,https://cdn.shopify.com/s/files/1/0725/9330/9807/files/three-pod-visionslr-light-bar-menu-768x768.png?v=1781535533,8,"Vision SLR® Light Bar - 46"" product image for TFR Supply emergency vehicle upfitting",,,,,,,,,,,,,,,,,,,,,,,https://cdn.shopify.com/s/files/1/0725/9330/9807/files/Visionslr-light-bar_hero_-900x600_jpg.webp?v=1780417490,lb,,,
vision-slr-light-bar-46,,,,,,,,,,,,,,,,,,,,,,,,,,,,,,,,https://cdn.shopify.com/s/files/1/0725/9330/9807/files/VSLR46S-2664014.jpg?v=1780419583,9,"",,,,,,,,,,,,,,,,,,,,,,,,,,,
vision-slr-light-bar-46,,,,,,,,,,,,,,,,,,,,,,,,,,,,,,,,https://cdn.shopify.com/s/files/1/0725/9330/9807/files/VSLR46-2664023.jpg?v=1780419584,10,"",,,,,,,,,,,,,,,,,,,,,,,,,,,
reliant-light-bar-48,"Reliant® Light Bar - 48""","<h2>Federal Signal Reliant® S2 — 48"" Low-Profile LED Lightbar</h2>
<ul>
<li>The Reliant® S2 is Federal Signal's ultra-low-profile full-featured lightbar — packing 28 flash patterns, built-in SignalMaster® directional warning, full flood and takedown capability, and SpectraLux® multicolor technology into a bar that sits just 1.3"" above the roofline. For departments that want maximum function without the visual bulk of a traditional full-size bar, the Reliant S2 is the answer.</li>
</ul>
<p>At under 1.5"" in height, this is one of the lowest-profile full-featured lightbars on the market — and it doesn't sacrifice a single capability to get there.</p>
<h3>Why departments choose the Reliant S2</h3>
<ul>
<li>Ultra-low 1.3"" profile → dramatically reduces wind drag, vehicle noise, and visual bulk while delivering full emergency warning output — ideal for unmarked and semi-marked patrol vehicles</li>
<li>28 flash patterns → more programmable configurations than most competing bars, giving your fleet flexibility across patrol, traffic, and scene functions without purchasing additional hardware</li>
<li>Built-in SignalMaster® directional warning → integrated traffic direction arrow-stick means no separate controller, no separate mount, no additional wiring — just program and go</li>
<li>SpectraLux® multicolor per module → each module switches between Amber, Blue, Red, and White through user-selected flash patterns, covering law enforcement, fire, and EMS applications in a single bar</li>
<li>Solaris® LED reflector technology → eliminates dark spots and increases off-axis warning visibility, so your bar is seen at angles where standard LED arrays go dark</li>
<li>ROC (Reliable Onboard Circuitry™) → replaces traditional wires, connectors, and assemblies with integrated PCB assemblies, dramatically reducing failure points and cutting repair time when service is needed</li>
<li>Full lighting suite built in → front flood, rear flood, left flood, right flood, takedowns, alley lights, work lights, and OBDII-integrated stop/tail/turn all available in one unit</li>
<li>Low-power mode → reduces electrical load on the vehicle during extended stationary operation, protecting your battery and alternator on long traffic stops or scene work</li>
<li>FS Convergence Network → plug-and-play RJ45 connection for fast installation and full programmability via Pathfinder® controller — no proprietary tools required</li>
<li>IP69K rated (select SKUs) → highest ingress protection rating available, withstanding high-pressure wash-down — critical for vehicles operating in harsh field conditions</li>
<li>Five-year manufacturer warranty → Federal Signal's standard across the lineup</li>
</ul>
<h3>Technical Specs</h3>
<p>Length47.6 in (120.9 cm)Width11.6 in (29.5 cm)Height1.3 in (3.3 cm)Ship Weight20.5 lbInput Voltage12 VDCOperating Current8.5–9A @ 50% duty cycleFlash Patterns28Operating Temp-40°F to +149°F (-40°C to +65°C)LED ColorsRed, Blue, White (tri-color); Amber, Green (select configs)Dome ColorsClear or Red (variant dependent)WiringSerial / FS Convergence Network (RJ45)MountingLow hook mountCertificationsCCR Title 13, IP69K (select SKUs)WarrantyFive years</p>
<h3>Available SKUs — Reliant S2 48""</h3>
<p>SKUColor ConfigDomeApplicationRLNT48J-01CCRed/Blue/WhiteClearLaw Enforcement — Tri-ColorRLNT48J-01RRRed/Blue/WhiteRedLaw Enforcement — Tri-ColorRLNT48J-02CCRed/Blue/WhiteClearLaw Enforcement — Tri-ColorRLNT48J-02RRRed/Blue/WhiteRedLaw Enforcement — Tri-ColorRLNT48-P1LCConfigurableClearMulti-applicationRLNT48-P1LRBConfigurable—Multi-applicationRLNT48-P2LBConfigurable—Multi-applicationRLNT48-P2LCConfigurableClearMulti-applicationRLNT48-P3LCConfigurableClearMulti-applicationRLNT48-P3LRBConfigurable—Multi-applicationRLNT48-P4LBConfigurable—Multi-applicationRLNT48-P4LCConfigurableClearMulti-application</p>
<p>Not sure which SKU fits your vehicle and department requirements? Create a department account or contact us — we'll confirm the right configuration before you order.</p>
<p>Note: The Reliant S2 requires a Pathfinder® or compatible serial interface controller to operate. Controller sold separately — contact us if you need help identifying the right controller for your existing setup.</p>
<h3>Ordering from TFR Supply</h3>
<p>TFR Supply is an authorized Federal Signal dealer serving Texas law enforcement, fire, and EMS agencies. Every order ships direct to your location — no middleman, no inventory delays. Government and department accounts receive tax-exempt checkout and agency pricing. Need installation? Our sister company Texas First Response Services provides professional upfit services across Texas. Create a department account or reach out directly to get started.</p>
<h3>Two things worth flagging here</h3>
<ul>
<li>The controller note at the bottom is important — the Reliant requires a Pathfinder or Universal Serial Controller to operate and is not included. That's a detail that will generate support questions if it's not on the page, and it's also a natural upsell opportunity — you could eventually bundle the controller as an add-on product. Ridgenet</li>
</ul>
<p>Also, at only 1.3"" high not including the mount kit, the Reliant S2 is genuinely one of the lowest-profile bars on the market — that's a real differentiator worth leading with in any marketing for this product. Sigma Safety Corp.</p>
<p>Ready for the next one?You said: now navigator ""compact series"" which we're calling the 10""-33""now navigator ""compact series"" which we're calling the 10""-33""Jun 2Claude responded: On it.On it.Searched the webSearched the webGot everything. Quick note before the description — the Navigator compact series officially runs 10"", 18"", and 25"" from Federal Signal. There's no 33"" in the Navigator family; the next size up is 45"". Since you're calling this your ""Compact Series (10""–33"")"" as a store category label, I'd suggest either adjusting the label to 10""–25"" to match what actually exists, or keeping 10""–33"" as a catch-all category name in case you add other compact bars later. Here's the description written to cover all three compact sizes on one page:</p>",Federal Signal,Vehicles & Parts > Vehicle Parts & Accessories > Motor Vehicle Parts > Motor Vehicle Lighting > Light Bars,Emergency Vehicle Light Bars,"Application_Fire EMS, Application_Law Enforcement, Brand_Federal Signal, Category_Emergency Vehicle Equipment, Category_Light Bar, Family_Reliant, Length_48, Product_Light Bar, Technology_LED, Use_Fleet Upfitting, Use_Law Enforcement, Use_Public Safety",true,Model,RLNT48J-AMBR2N4,,Length,"48""",,Color,Amber,,RLNT48J-AMBR2N4,0.0,shopify,0,continue,manual,2347.00,2347.00,true,true,,,,,,https://cdn.shopify.com/s/files/1/0725/9330/9807/files/reliant-light-bar-police-menu-1-png.webp?v=1781535533,1,"Reliant® Light Bar - 48"" product image for TFR Supply emergency vehicle upfitting",false,"Reliant Light Bar 48"" | Federal Signal LED Light Bar | TFRSupply","Shop the Federal Signal Reliant Light Bar 48"" LED light bar at TFRSupply. Authorized distributor.",Vehicles & Parts > Vehicle Parts & Accessories > Motor Vehicle Parts > Motor Vehicle Lighting > Light Bars,,,RLNT48J-AMBR2N4,new,FALSE,,,,,,"Shop the Federal Signal Reliant Light Bar 48"" LED light bar at TFRSupply. Authorized distributor.","Reliant Light Bar 48"" | Federal Signal LED Light Bar | TFRSupply",new,FALSE,Vehicles & Parts > Vehicle Parts & Accessories > Motor Vehicle Parts > Motor Vehicle Lighting > Light Bars,red; white; blue; amber,led,,,lb,,,active
reliant-light-bar-48,,,,,,,,,RLNT48J-AMBR2H4,,,"48""",,,Amber-White,,RLNT48J-AMBR2H4,0.0,shopify,0,continue,manual,2347.00,2347.00,true,true,,,,,,https://cdn.shopify.com/s/files/1/0725/9330/9807/files/reliant-light-bar-fire-menu-768x768.png?v=1781535531,2,"Reliant® Light Bar - 48"" product image for TFR Supply emergency vehicle upfitting",,,,,,,,,,,,,,,,,,,,,,,,lb,,,
reliant-light-bar-48,,,,,,,,,RLNT48J-AMBR2F4,,,"48""",,,Amber-White,,RLNT48J-AMBR2F4,0.0,shopify,0,continue,manual,2347.00,2347.00,true,true,,,,,,https://cdn.shopify.com/s/files/1/0725/9330/9807/files/reliant-light-bar_alleylights-576x576_jpg.webp?v=1780419844,3,"Reliant® Light Bar - 48"" product image for TFR Supply emergency vehicle upfitting",,,,,,,,,,,,,,,,,,,,,,,,lb,,,
reliant-light-bar-48,,,,,,,,,RLNT48J-ABRH4,,,"48""",,,Amber-Blue,,RLNT48J-ABRH4,0.0,shopify,0,continue,manual,2442.00,2442.00,true,true,,,,,,https://cdn.shopify.com/s/files/1/0725/9330/9807/files/reliant-light-bar_brakelights-576x576_jpg.webp?v=1780419844,4,"Reliant® Light Bar - 48"" product image for TFR Supply emergency vehicle upfitting",,,,,,,,,,,,,,,,,,,,,,,,lb,,,
reliant-light-bar-48,,,,,,,,,RLNT48J-ABWH4,,,"48""",,,Amber-Blue,,RLNT48J-ABWH4,0.0,shopify,0,continue,manual,2442.00,2442.00,true,true,,,,,,https://cdn.shopify.com/s/files/1/0725/9330/9807/files/reliant-light-bar_floodlights-576x576_jpg.webp?v=1780419844,5,"Reliant® Light Bar - 48"" product image for TFR Supply emergency vehicle upfitting",,,,,,,,,,,,,,,,,,,,,,,,lb,,,
reliant-light-bar-48,,,,,,,,,RLNT48J-ABWF4,,,"48""",,,Amber-Blue,,RLNT48J-ABWF4,0.0,shopify,0,continue,manual,2442.00,2442.00,true,true,,,,,,https://cdn.shopify.com/s/files/1/0725/9330/9807/files/reliant-light-bar_hero_-1-900x600_jpg.webp?v=1780419844,6,"Reliant® Light Bar - 48"" product image for TFR Supply emergency vehicle upfitting",,,,,,,,,,,,,,,,,,,,,,,,lb,,,
reliant-light-bar-48,,,,,,,,,RLNT48J-AGWH4,,,"48""",,,Amber-Green,,RLNT48J-AGWH4,0.0,shopify,0,continue,manual,2442.00,2442.00,true,true,,,,,,https://cdn.shopify.com/s/files/1/0725/9330/9807/files/reliant-light-bar_red_-576x576_jpg.webp?v=1780419844,7,"Reliant® Light Bar - 48"" product image for TFR Supply emergency vehicle upfitting",,,,,,,,,,,,,,,,,,,,,,,,lb,,,
reliant-light-bar-48,,,,,,,,,RLNT48J-ARWH4,,,"48""",,,Red-White,,RLNT48J-ARWH4,0.0,shopify,0,continue,manual,2442.00,2442.00,true,true,,,,,,https://cdn.shopify.com/s/files/1/0725/9330/9807/files/reliant-light-bar_redblue-576x576_jpg.webp?v=1780419844,8,"Reliant® Light Bar - 48"" product image for TFR Supply emergency vehicle upfitting",,,,,,,,,,,,,,,,,,,,,,,,lb,,,
reliant-light-bar-48,,,,,,,,,RLNT48J-01BB,,,"48""",,,Red-Blue-White,,RLNT48J-01BB,0.0,shopify,0,continue,manual,2204.00,2204.00,true,true,,,,,,https://cdn.shopify.com/s/files/1/0725/9330/9807/files/reliant-light-bar_signalmaster-576x576_jpg.webp?v=1780419844,9,"Reliant® Light Bar - 48"" product image for TFR Supply emergency vehicle upfitting",,,,,,,,,,,,,,,,,,,,,,,,lb,,,
reliant-light-bar-48,,,,,,,,,RLNT48J-01CC,,,"48""",,,Red-Blue-White,,RLNT48J-01CC,0.0,shopify,0,continue,manual,2204.00,2204.00,true,true,,,,,,,,,,,,,,,,,,,,,,,,,,,,,,,,lb,,,
reliant-light-bar-48,,,,,,,,,RLNT48J-01RB,,,"48""",,,Red-Blue-White,,RLNT48J-01RB,0.0,shopify,0,continue,manual,2204.00,2204.00,true,true,,,,,,,,,,,,,,,,,,,,,,,,,,,,,,,https://cdn.shopify.com/s/files/1/0725/9330/9807/files/reliant-light-bar_redblue-576x576_jpg.webp?v=1780419844,lb,,,
reliant-light-bar-48,,,,,,,,,RLNT48J-01RR,,,"48""",,,Red-Blue-White,,RLNT48J-01RR,0.0,shopify,0,continue,manual,2204.00,2204.00,true,true,,,,,,,,,,,,,,,,,,,,,,,,,,,,,,,https://cdn.shopify.com/s/files/1/0725/9330/9807/files/reliant-light-bar_red_-576x576_jpg.webp?v=1780419844,lb,,,
reliant-light-bar-48,,,,,,,,,RLNT48J-02BB,,,"48""",,,Red-Blue-White,,RLNT48J-02BB,0.0,shopify,0,continue,manual,2204.00,2204.00,true,true,,,,,,,,,,,,,,,,,,,,,,,,,,,,,,,,lb,,,
reliant-light-bar-48,,,,,,,,,RLNT48J-02CC,,,"48""",,,Red-Blue-White,,RLNT48J-02CC,0.0,shopify,0,continue,manual,2204.00,2204.00,true,true,,,,,,,,,,,,,,,,,,,,,,,,,,,,,,,,lb,,,
reliant-light-bar-48,,,,,,,,,RLNT48J-02RB,,,"48""",,,Red-Blue-White,,RLNT48J-02RB,0.0,shopify,0,continue,manual,2204.00,2204.00,true,true,,,,,,,,,,,,,,,,,,,,,,,,,,,,,,,https://cdn.shopify.com/s/files/1/0725/9330/9807/files/reliant-light-bar_redblue-576x576_jpg.webp?v=1780419844,lb,,,
reliant-light-bar-48,,,,,,,,,RLNT48J-02RR,,,"48""",,,Red-Blue-White,,RLNT48J-02RR,0.0,shopify,0,continue,manual,2204.00,2204.00,true,true,,,,,,,,,,,,,,,,,,,,,,,,,,,,,,,https://cdn.shopify.com/s/files/1/0725/9330/9807/files/reliant-light-bar_red_-576x576_jpg.webp?v=1780419844,lb,,,
reliant-light-bar-48,,,,,,,,,RLNT48J-ABWF,,,"48""",,,See Description,,RLNT48J-ABWF,0.0,shopify,0,continue,manual,2442.00,2442.00,true,true,,,,,,,,,,,,,,,,,,,,,,,,,,,,,,,,lb,,,
reliant-light-bar-48,,,,,,,,,RLNT48J-ABWN4,,,"48""",,,See Description,,RLNT48J-ABWN4,0.0,shopify,0,continue,manual,2442.00,2442.00,true,true,,,,,,,,,,,,,,,,,,,,,,,,,,,,,,,,lb,,,
reliant-light-bar-48,,,,,,,,,RLNT48J-AGWCC,,,"48""",,,See Description,,RLNT48J-AGWCC,0.0,shopify,0,continue,manual,2204.00,2204.00,true,true,,,,,,,,,,,,,,,,,,,,,,,,,,,,,,,,lb,,,
reliant-light-bar-48,,,,,,,,,RLNT48J-AGWF4-STT,,,"48""",,,See Description,,RLNT48J-AGWF4-STT,0.0,shopify,0,continue,manual,2442.00,2442.00,true,true,,,,,,,,,,,,,,,,,,,,,,,,,,,,,,,,lb,,,
reliant-light-bar-48,,,,,,,,,RLNT48J-AGWN4,,,"48""",,,See Description,,RLNT48J-AGWN4,0.0,shopify,0,continue,manual,2442.00,2442.00,true,true,,,,,,,,,,,,,,,,,,,,,,,,,,,,,,,,lb,,,
navigator-light-bar-compact-series-10-33,"Navigator® Light Bar - Compact Series (10""-33"")","<h2>Federal Signal Navigator® — Compact Series (10"", 18"" &amp; 25"")</h2>
<ul>
<li>The Navigator® Compact Series brings Federal Signal's full-size rotator platform down to a mini lightbar form factor — available in 10"", 18"", and 25"" lengths for command vehicles, supervisor trucks, volunteer apparatus, motorcycles, and any platform where a full-size bar is impractical but full-strength warning output isn't negotiable.</li>
</ul>
<p>Same Solaris® LED reflector and SLR rotator technology as the full Navigator lineup. Smaller footprint. Same Federal Signal reliability.</p>
<h3>Why departments choose the Navigator Compact Series</h3>
<ul>
<li>Three sizes, one platform → 10"", 18"", and 25"" lengths let you match the bar to the vehicle without switching product families, keeping fleet aesthetics consistent across command cars, patrol units, and apparatus</li>
<li>Patented SLR rotator technology → combines LED rotating reflectors with QuadraFlare® modules for true 360-degree output — the rotator sweep that flat mini bars simply cannot replicate at this size class</li>
<li>Dual-color LED capability → Red, Blue, Amber, White, and Green available in two-color combinations per module, covering law enforcement, fire, EMS, and DOT applications across your entire compact fleet</li>
<li>Flood light capability on White mode → activating White LEDs provides front scene illumination that virtually eliminates the need for additional spotlights on supervisor and command vehicles</li>
<li>Front and rear light bar cut-off feature → independently control front and rear output for enhanced tactical and safety flexibility during traffic stops and scene work</li>
<li>NFPA 1901, SAE J845 Class 1, GSA-KKK-A-1822F, and CAC Title 13 approved → pre-configured models meet compliance requirements out of the box across federal, state, and fire apparatus standards</li>
<li>High-profile design → taller 4.5"" housing maximizes output and visibility at the compact size where lower-profile mini bars lose effectiveness</li>
<li>30 flash patterns → more programmability than most competing mini bars, adaptable across multiple operational scenarios without reprogramming the entire unit</li>
<li>Built Federal Signal tough → same manufacturing standard and quality control as full-size Navigator bars, not a stripped-down compact variant</li>
</ul>
<h3>Technical Specs</h3>
<ul>
<li>Available Lengths10 in, 18 in, 25 inWidth12.5 in (31.8 cm)Height4.5 in (11.4 cm)Input Voltage12 VDCAmp Draw1.5A per QuadraFlare head / 2.5A per SLR rotatorFlash Patterns30LED ColorsRed, Blue, Amber, White, Green — dual-color combinationsDome ColorsAmber, Blue, Clear, RedCertificationsNFPA 1901, SAE J845 Class 1, GSA-KKK-A-1822F, CAC Title 13ModulesSLR rotator, QuadraFlare®, or mixed configuration</li>
</ul>
<h3>Choosing your size</h3>
<ul>
<li>10"" → motorcycle, single-vehicle command post, tight-clearance utility vehicles, or secondary warning on larger apparatus</li>
<li>18"" → supervisor and fleet vehicles, compact SUVs, pickup-based command trucks where a 25"" creates clearance issues</li>
<li>25"" → the most popular compact size — fits most mid-size SUVs and trucks, delivers the highest output in the series while staying well under full-size bar dimensions</li>
</ul>
<p>Custom configurations mixing SLR rotator and QuadraFlare modules are available. Contact us or log into your department account to spec a custom build.</p>
<h3>Ordering from TFR Supply</h3>
<p>TFR Supply is an authorized Federal Signal dealer serving Texas law enforcement, fire, and EMS agencies. Every order ships direct to your location — no middleman, no inventory delays. Government and department accounts receive tax-exempt checkout and agency pricing. Need installation? Our sister company Texas First Response Services provides professional upfit services across Texas. Create a department account or reach out directly to get started.</p>
<h3>A couple of things worth flagging as you build this Shopify page</h3>
<p>Street pricing on the Navigator compact series runs roughly $787–$1,157 on the 10"" and $1,522–$1,662 on the 25"" — useful reference when you set your markup against dealer cost. MAJOR POLICE SUPPLY</p>
<p>Also, custom configurations are available that allow mixing SLR, QuadraFlare, and TCL modules — that's worth highlighting for fire departments that want to spec something specific, and it's another natural reason for departments to create an account and contact you directly rather than just ordering off the shelf. Federal Signal</p>
<p>Ready for the next one?You said: navigator 87""navigator 87""Jun 2Claude responded: On it.On it.Searched the webSearched the webGot everything I need. The 87"" is the largest Navigator made — it's a pure fire apparatus bar, pre-configured with SLR rotators in Red and Red/White combinations with rear-blocking mirrors, designed for the roof of a full-size engine or ladder truck. Here's the description: Federal Signal</p>",Federal Signal,Vehicles & Parts > Vehicle Parts & Accessories > Motor Vehicle Parts > Motor Vehicle Lighting > Light Bars,Emergency Vehicle Light Bars,"Application_Fire EMS, Application_Law Enforcement, Brand_Federal Signal, Category_Emergency Vehicle Equipment, Category_Light Bar, Family_Navigator, Length_Compact, Product_Light Bar, Technology_LED, Use_Fleet Upfitting, Use_Law Enforcement, Use_Public Safety",true,Model,NVG10-3AF,,Length,"10""",,Color,Amber,,NVG10-3AF,0.0,shopify,0,continue,manual,1084.00,1084.00,true,true,,,,,,https://cdn.shopify.com/s/files/1/0725/9330/9807/files/NVG10_Navigator-menu-768x768.png?v=1781535535,1,"Navigator® Compact (10""-33"") product image for TFR Supply emergency vehicle upfitting",false,"Navigator Light Bar Compact Series (10""-33"") | Federal Signal LED Light Bar | TFRSupply","Shop the Federal Signal Navigator Light Bar Compact Series (10""-33"") LED light bar at TFRSupply. Authorized distributor.",Vehicles & Parts > Vehicle Parts & Accessories > Motor Vehicle Parts > Motor Vehicle Lighting > Light Bars,,,NVG10-3AF,new,FALSE,,,,,,"Shop the Federal Signal Navigator Light Bar Compact Series (10""-33"") LED light bar at TFRSupply. Authorized distributor.","Navigator Light Bar Compact Series (10""-33"") | Federal Signal LED Light Bar | TFRSupply",new,FALSE,Vehicles & Parts > Vehicle Parts & Accessories > Motor Vehicle Parts > Motor Vehicle Lighting > Light Bars,red; white; blue; amber; green,led,,,lb,,,active
navigator-light-bar-compact-series-10-33,,,,,,,,,NVG10-4AF,,,"10""",,,Amber,,NVG10-4AF,0.0,shopify,0,continue,manual,1264.00,1264.00,true,true,,,,,,https://cdn.shopify.com/s/files/1/0725/9330/9807/files/NavigatorMini_Lightbar-600x450.jpg?v=1781535533,2,"Navigator® Compact (10""-33"") product image for TFR Supply emergency vehicle upfitting",,,,,,,,,,,,,,,,,,,,,,,,lb,,,
navigator-light-bar-compact-series-10-33,,,,,,,,,NVG10-AAF,,,"10""",,,Amber,,NVG10-AAF,0.0,shopify,0,continue,manual,844.00,844.00,true,true,,,,,,https://cdn.shopify.com/s/files/1/0725/9330/9807/files/navigator-serial-light-bar-fire-menu-768x768.png?v=1781535530,3,"Navigator® Light Bar - 45"" product image for TFR Supply emergency vehicle upfitting",,,,,,,,,,,,,,,,,,,,,,,,lb,,,
navigator-light-bar-compact-series-10-33,,,,,,,,,NVG18D-AMBR1FC,,,"18""",,,Amber,,NVG18D-AMBR1FC,0.0,shopify,0,continue,manual,1938.00,1938.00,true,true,,,,,,https://cdn.shopify.com/s/files/1/0725/9330/9807/files/navigator-serial-light-bar_hero_-900x600_jpg.webp?v=1780421257,4,"Navigator® Light Bar - 45"" product image for TFR Supply emergency vehicle upfitting",,,,,,,,,,,,,,,,,,,,,,,,lb,,,
navigator-light-bar-compact-series-10-33,,,,,,,,,NVG18D-AMBR1RFC,,,"18""",,,Amber,,NVG18D-AMBR1RFC,0.0,shopify,0,continue,manual,1558.00,1558.00,true,true,,,,,,https://cdn.shopify.com/s/files/1/0725/9330/9807/files/navigator-serial-light-bar_endflood-576x576_jpg.webp?v=1780421369,5,"Navigator® Light Bar - 45"" product image for TFR Supply emergency vehicle upfitting",,,,,,,,,,,,,,,,,,,,,,,,lb,,,
navigator-light-bar-compact-series-10-33,,,,,,,,,NVG25D-AMBR1FC,,,"25""",,,Amber,,NVG25D-AMBR1FC,0.0,shopify,0,continue,manual,2388.00,2388.00,true,true,,,,,,https://cdn.shopify.com/s/files/1/0725/9330/9807/files/navigator-serial-light-bar_redblue-576x576_jpg.webp?v=1780421369,6,"Navigator® Light Bar - 53"" product image for TFR Supply emergency vehicle upfitting",,,,,,,,,,,,,,,,,,,,,,,,lb,,,
navigator-light-bar-compact-series-10-33,,,,,,,,,NVG25D-AMBR1RFB,,,"25""",,,Amber,,NVG25D-AMBR1RFB,0.0,shopify,0,continue,manual,2008.00,2008.00,true,true,,,,,,https://cdn.shopify.com/s/files/1/0725/9330/9807/files/Navigator-LED-Serial-Light-Bar_red_-576x576_jpg.webp?v=1780421369,7,"Navigator® Light Bar - 53"" product image for TFR Supply emergency vehicle upfitting",,,,,,,,,,,,,,,,,,,,,,,,lb,,,
navigator-light-bar-compact-series-10-33,,,,,,,,,NVG25D-AMBR1RFC,,,"25""",,,Amber,,NVG25D-AMBR1RFC,0.0,shopify,0,continue,manual,2008.00,2008.00,true,true,,,,,,https://cdn.shopify.com/s/files/1/0725/9330/9807/files/navigator-serial-light-bar_fire_-576x576_jpg.webp?v=1780421369,8,"Navigator® Light Bar - 60"" product image for TFR Supply emergency vehicle upfitting",,,,,,,,,,,,,,,,,,,,,,,,lb,,,
navigator-light-bar-compact-series-10-33,,,,,,,,,NVG25D-MUNI2RFC,,,"25""",,,Amber,,NVG25D-MUNI2RFC,0.0,shopify,0,continue,manual,2008.00,2008.00,true,true,,,,,,https://cdn.shopify.com/s/files/1/0725/9330/9807/files/navigator-serial-light-bar_rotator-576x576_jpg.webp?v=1780421369,9,"Navigator® Light Bar - 73"" product image for TFR Supply emergency vehicle upfitting",,,,,,,,,,,,,,,,,,,,,,,,lb,,,
navigator-light-bar-compact-series-10-33,,,,,,,,,NVG10-4AWF,,,"10""",,,Amber-White,,NVG10-4AWF,0.0,shopify,0,continue,manual,1424.00,1424.00,true,true,,,,,,https://cdn.shopify.com/s/files/1/0725/9330/9807/files/navigator-serial-light-bar_police-576x576_jpg.webp?v=1780421369,10,"Navigator® Compact (10""-33"") product image for TFR Supply emergency vehicle upfitting",,,,,,,,,,,,,,,,,,,,,,,,lb,,,
navigator-light-bar-compact-series-10-33,,,,,,,,,NVG10-AWF,,,"10""",,,Amber-White,,NVG10-AWF,0.0,shopify,0,continue,manual,919.00,919.00,true,true,,,,,,https://cdn.shopify.com/s/files/1/0725/9330/9807/files/work-truck-navigator-Hero_2.jpg?v=1781407372,11,"Navigator® Compact (10""-33"") product image for TFR Supply emergency vehicle upfitting",,,,,,,,,,,,,,,,,,,,,,,,lb,,,
navigator-light-bar-compact-series-10-33,,,,,,,,,NVG18D-MUNI1RFC,,,"18""",,,Amber-White,,NVG18D-MUNI1RFC,0.0,shopify,0,continue,manual,1708.00,1708.00,true,true,,,,,,https://cdn.shopify.com/s/files/1/0725/9330/9807/files/60-inch-navigator.jpg?v=1781407372,12,"Navigator® Compact (10""-33"") product image for TFR Supply emergency vehicle upfitting",,,,,,,,,,,,,,,,,,,,,,,,lb,,,
navigator-light-bar-compact-series-10-33,,,,,,,,,NVG10-4ABF,,,"10""",,,Amber-Blue,,NVG10-4ABF,0.0,shopify,0,continue,manual,1424.00,1424.00,true,true,,,,,,https://cdn.shopify.com/s/files/1/0725/9330/9807/files/45-inch-Navigator.jpg?v=1781407372,13,"Navigator® Compact (10""-33"") product image for TFR Supply emergency vehicle upfitting",,,,,,,,,,,,,,,,,,,,,,,,lb,,,
navigator-light-bar-compact-series-10-33,,,,,,,,,NVG10-ABF,,,"10""",,,Amber-Blue,,NVG10-ABF,0.0,shopify,0,continue,manual,919.00,919.00,true,true,,,,,,https://cdn.shopify.com/s/files/1/0725/9330/9807/files/53-inch-navigator.jpg?v=1781407372,14,"Navigator® Compact (10""-33"") product image for TFR Supply emergency vehicle upfitting",,,,,,,,,,,,,,,,,,,,,,,,lb,,,
navigator-light-bar-compact-series-10-33,,,,,,,,,NVG10-4AGF,,,"10""",,,Amber-Green,,NVG10-4AGF,0.0,shopify,0,continue,manual,1424.00,1424.00,true,true,,,,,,https://cdn.shopify.com/s/files/1/0725/9330/9807/files/73-in-navigator.jpg?v=1781407372,15,"Navigator® Compact (10""-33"") product image for TFR Supply emergency vehicle upfitting",,,,,,,,,,,,,,,,,,,,,,,,lb,,,
navigator-light-bar-compact-series-10-33,,,,,,,,,NVG10-AGF,,,"10""",,,Amber-Green,,NVG10-AGF,0.0,shopify,0,continue,manual,919.00,919.00,true,true,,,,,,https://cdn.shopify.com/s/files/1/0725/9330/9807/files/87-in-Navigator.jpg?v=1781407372,16,"Navigator® Compact (10""-33"") product image for TFR Supply emergency vehicle upfitting",,,,,,,,,,,,,,,,,,,,,,,,lb,,,
navigator-light-bar-compact-series-10-33,,,,,,,,,NVG25D-NFPA21,,,"25""",,,Red,,NVG25D-NFPA21,0.0,shopify,0,continue,manual,1848.00,1848.00,true,true,,,,,,https://cdn.shopify.com/s/files/1/0725/9330/9807/files/FireMegaMenuMiniNavigator900x600.png?v=1781535536,17,"Navigator® Compact (10""-33"") product image for TFR Supply emergency vehicle upfitting",,,,,,,,,,,,,,,,,,,,,,,,lb,,,
navigator-light-bar-compact-series-10-33,,,,,,,,,NVG10D-NFPA20,,,"10""",,,Red,,NVG10D-NFPA20,0.0,shopify,0,continue,manual,1264.00,1264.00,true,true,,,,,,https://cdn.shopify.com/s/files/1/0725/9330/9807/files/FireMegaMenuNavigator900x600.png?v=1781535537,18,"Navigator® Compact (10""-33"") product image for TFR Supply emergency vehicle upfitting",,,,,,,,,,,,,,,,,,,,,,,,lb,,,
navigator-light-bar-compact-series-10-33,,,,,,,,,NVG10D-NFPA21-D,,,"10""",,,Red,,NVG10D-NFPA21-D,0.0,shopify,0,continue,manual,904.00,904.00,true,true,,,,,,,,,,,,,,,,,,,,,,,,,,,,,,,https://cdn.shopify.com/s/files/1/0725/9330/9807/files/Navigator-LED-Serial-Light-Bar_red_-576x576_jpg.webp?v=1780421369,lb,,,
navigator-light-bar-compact-series-10-33,,,,,,,,,NVG10D-NFPA21-P,,,"10""",,,Red,,NVG10D-NFPA21-P,0.0,shopify,0,continue,manual,904.00,904.00,true,true,,,,,,,,,,,,,,,,,,,,,,,,,,,,,,,https://cdn.shopify.com/s/files/1/0725/9330/9807/files/Navigator-LED-Serial-Light-Bar_red_-576x576_jpg.webp?v=1780421369,lb,,,
navigator-light-bar-compact-series-10-33,,,,,,,,,NVG10D-NFPA22-D,,,"10""",,,Red,,NVG10D-NFPA22-D,0.0,shopify,0,continue,manual,894.00,894.00,true,true,,,,,,,,,,,,,,,,,,,,,,,,,,,,,,,https://cdn.shopify.com/s/files/1/0725/9330/9807/files/Navigator-LED-Serial-Light-Bar_red_-576x576_jpg.webp?v=1780421369,lb,,,
navigator-light-bar-compact-series-10-33,,,,,,,,,NVG10D-NFPA22-P,,,"10""",,,Red,,NVG10D-NFPA22-P,0.0,shopify,0,continue,manual,894.00,894.00,true,true,,,,,,,,,,,,,,,,,,,,,,,,,,,,,,,https://cdn.shopify.com/s/files/1/0725/9330/9807/files/Navigator-LED-Serial-Light-Bar_red_-576x576_jpg.webp?v=1780421369,lb,,,
navigator-light-bar-compact-series-10-33,,,,,,,,,NVG18D-NFPA20-D,,,"18""",,,Red-White,,NVG18D-NFPA20-D,0.0,shopify,0,continue,manual,1478.00,1478.00,true,true,,,,,,,,,,,,,,,,,,,,,,,,,,,,,,,,lb,,,
navigator-light-bar-compact-series-10-33,,,,,,,,,NVG18D-NFPA20-P,,,"18""",,,Red-White,,NVG18D-NFPA20-P,0.0,shopify,0,continue,manual,1478.00,1478.00,true,true,,,,,,,,,,,,,,,,,,,,,,,,,,,,,,,,lb,,,
navigator-light-bar-compact-series-10-33,,,,,,,,,NVG25D-NFPA20-D,,,"25""",,,Red-White,,NVG25D-NFPA20-D,0.0,shopify,0,continue,manual,1708.00,1708.00,true,true,,,,,,,,,,,,,,,,,,,,,,,,,,,,,,,,lb,,,
navigator-light-bar-compact-series-10-33,,,,,,,,,NVG25D-NFPA20-P,,,"25""",,,Red-White,,NVG25D-NFPA20-P,0.0,shopify,0,continue,manual,1708.00,1708.00,true,true,,,,,,,,,,,,,,,,,,,,,,,,,,,,,,,,lb,,,
navigator-light-bar-87,"Navigator® Light Bar - 87""","<h2>Federal Signal Navigator® — 87"" Full-Size Apparatus Lightbar</h2>
<ul>
<li>The Navigator® 87"" is the largest lightbar in the Federal Signal lineup — built specifically for full-size fire apparatus where maximum scene coverage, NFPA 1901 compliance, and the ability to be seen from every angle at every distance isn't optional. If your department runs engines, ladder trucks, or heavy rescue units and needs a bar that matches the scale of the apparatus, this is it.</li>
</ul>
<p>At up to 87 inches, the Navigator spans the full roofline of large fire apparatus, delivering unified coverage from end to end with no dark zones, no gaps, and no compromise on output. ManualsLib</p>
<h3>Why departments choose the Navigator 87""</h3>
<ul>
<li>Built for full-size fire apparatus → available in 73"" and 87"" lengths for engines, ladder trucks, and heavy rescue units where smaller bars leave critical coverage gaps on large rooflines Federal Signal</li>
<li>SLR rotator and QuadraFlare® module platform → patented Solaris® technology incorporated in both SLR and QuadraFlare modules delivers true 360-degree output — the rotating sweep that aerial and intersection coverage demands at apparatus scale Federal Signal</li>
<li>Rear-blocking mirror configuration → SLR rotators with rear-blocking mirrors on pre-configured 87"" models direct maximum output forward and to the sides where it matters most during intersection approach, reducing glare on following vehicles Federal Signal</li>
<li>Red and Red/White pre-configured combinations → pre-configured with SLR rotators in Red and Red/White combinations with clear domes for immediate NFPA 1901 compliance without custom ordering Federal Signal</li>
<li>Dual-color LED capability → Red, Blue, Amber, White, and Green in two-color combinations per module, covering every function from en-route warning to scene flood lighting in a single bar</li>
<li>White flood mode → activating White mode provides impressive flood capability to light up an emergency scene, virtually eliminating the need for separately mounted scene lights on apparatus Federal Signal</li>
<li>Front and rear cut-off feature → independently control front and rear output for tactical flexibility during scene operations and station approach</li>
<li>TCL (Traffic Clearing Light) available → TCL produces 250+ feet of directional light to the front of the emergency vehicle directed at the driver's rear view mirror, warning civilian traffic well before the apparatus reaches an intersection Federal Signal</li>
<li>Black or clear bulkhead options → choose between black or clear bulkhead colors to match apparatus aesthetics and department specifications Federal Signal</li>
<li>30 flash patterns → full programmability across every operational scenario including the flood option</li>
<li>NFPA 1901, SAE J845 Class 1, GSA-KKK-A-1822F, and CAC Title 13 approved → meets compliance requirements across federal, state, and fire apparatus standards out of the box</li>
<li>Five-year manufacturer warranty → Federal Signal's industry-leading standard across the entire Navigator family</li>
</ul>
<h3>Technical Specs</h3>
<p>Length87 inWidth12.5 in (31.8 cm)Height4.5 in (11.4 cm)Input Voltage12 VDCAmp Draw1.5A per QuadraFlare head / 2.5A per SLR rotatorFlash Patterns30LED ColorsRed, Blue, Amber, White, Green — dual-color combinationsDome ColorsAmber, Blue, Clear, RedBulkhead ColorsBlack or ClearModulesSLR rotator, QuadraFlare®, TCL (optional)WiringDiscrete multi-conductorCertificationsNFPA 1901, SAE J845 Class 1, GSA-KKK-A-1822F, CAC Title 13WarrantyFive years</p>
<h3>Pre-configured 87"" model</h3>
<ul>
<li>The standard 87"" Navigator ships with 2 SLR rotators in Red with end mirrors and 3 SLR rotators in Red/White with rear-blocking mirrors, clear domes. Custom configurations mixing SLR, QuadraFlare, and TCL modules are available — contact us or log into your department account to spec a custom build for your apparatus. Federal Signal</li>
</ul>
<p>Note: Due to the size and custom nature of 87"" configurations, contact us before ordering to confirm availability and lead time.</p>
<h3>Ordering from TFR Supply</h3>
<p>TFR Supply is an authorized Federal Signal dealer serving Texas law enforcement, fire, and EMS agencies. Every order ships direct to your location — no middleman, no inventory delays. Government and department accounts receive tax-exempt checkout and agency pricing. Need installation? Our sister company Texas First Response Services provides professional upfit services across Texas. Create a department account or reach out directly to get started.</p>
<p>One strategic note on this product specifically: the 87"" is a high-dollar, high-complexity purchase that fire apparatus fleet managers don't make lightly. The ""contact us before ordering"" note at the bottom is intentional — this bar is a natural entry point for a conversation that could easily lead to a full apparatus upfit quote through TFR Services. Every 87"" inquiry is a potential services lead worth capturing personally.</p>
<p>Ready for the next one?You said: 73"" Navigator73"" NavigatorJun 2Claude responded: Already have everything I need from the research.Already have everything I need from the research. Here's the description:</p>",Federal Signal,Vehicles & Parts > Vehicle Parts & Accessories > Motor Vehicle Parts > Motor Vehicle Lighting > Light Bars,Emergency Vehicle Light Bars,"Application_Fire EMS, Application_Law Enforcement, Brand_Federal Signal, Category_Emergency Vehicle Equipment, Category_Light Bar, Family_Navigator, Length_87, Product_Light Bar, Technology_LED, Use_Fleet Upfitting, Use_Law Enforcement, Use_Public Safety",false,Model,NVG87D-AMBR3RFC,,Length,"87""",,Color,Amber,,NVG87D-AMBR3RFC,0.0,shopify,0,continue,manual,6073.00,6073.00,true,true,,,,,,https://cdn.shopify.com/s/files/1/0725/9330/9807/files/navigator-serial-light-bar-fire-menu-768x768.png?v=1781535530,1,"Navigator® Light Bar - 45"" product image for TFR Supply emergency vehicle upfitting",false,"Navigator Light Bar 87"" | Federal Signal LED Light Bar | TFRSupply","Shop the Federal Signal Navigator Light Bar 87"" LED light bar at TFRSupply. Authorized distributor.",Vehicles & Parts > Vehicle Parts & Accessories > Motor Vehicle Parts > Motor Vehicle Lighting > Light Bars,,,NVG87D-AMBR3RFC,new,FALSE,,,,,,"Shop the Federal Signal Navigator Light Bar 87"" LED light bar at TFRSupply. Authorized distributor.","Navigator Light Bar 87"" | Federal Signal LED Light Bar | TFRSupply",new,FALSE,Vehicles & Parts > Vehicle Parts & Accessories > Motor Vehicle Parts > Motor Vehicle Lighting > Light Bars,,,,,lb,,,draft
navigator-light-bar-87,,,,,,,,,NVG87D-NFPA20,,,"87""",,,Red-White,,NVG87D-NFPA20,0.0,shopify,0,continue,manual,4104.00,4104.00,true,true,,,,,,https://cdn.shopify.com/s/files/1/0725/9330/9807/files/navigator-serial-light-bar_hero_-900x600_jpg.webp?v=1780421257,2,"Navigator® Light Bar - 45"" product image for TFR Supply emergency vehicle upfitting",,,,,,,,,,,,,,,,,,,,,,,,lb,,,
navigator-light-bar-87,,,,,,,,,NVG87D-NFPA22,,,"87""",,,Red-White,,NVG87D-NFPA22,0.0,shopify,0,continue,manual,4119.00,4119.00,true,true,,,,,,https://cdn.shopify.com/s/files/1/0725/9330/9807/files/navigator-serial-light-bar_endflood-576x576_jpg.webp?v=1780421369,3,"Navigator® Light Bar - 45"" product image for TFR Supply emergency vehicle upfitting",,,,,,,,,,,,,,,,,,,,,,,,lb,,,
navigator-light-bar-87,,,,,,,,,,,,,,,,,,,,,,,,,,,,,,,,https://cdn.shopify.com/s/files/1/0725/9330/9807/files/Navigator-LED-Serial-Light-Bar_red_-576x576_jpg.webp?v=1780421369,4,"Navigator® Light Bar - 53"" product image for TFR Supply emergency vehicle upfitting",,,,,,,,,,,,,,,,,,,,,,,,,,,
navigator-light-bar-73,"Navigator® Light Bar - 73""","<h2>Federal Signal Navigator® — 73"" Full-Size Apparatus Lightbar</h2>
<ul>
<li>The Navigator® 73"" sits at the top of the Navigator full-size apparatus lineup alongside the 87"" — purpose-built for large fire engines, ladder trucks, and heavy rescue units where a 60"" leaves roofline coverage gaps but a full 87"" exceeds the platform. For departments standardizing on a single bar across a mixed heavy apparatus fleet, the 73"" is the size that fits where others don't.</li>
</ul>
<p>Same Solaris® LED rotator platform, same NFPA 1901 compliance, same five-year Federal Signal warranty — in the length that covers large apparatus without overhang.</p>
<h3>Why departments choose the Navigator 73""</h3>
<ul>
<li>The large apparatus size between 60"" and 87"" → fills the coverage gap on mid-to-large fire engines and ladder trucks where a 60"" falls short and an 87"" creates mounting or clearance issues on certain platforms</li>
<li>SLR rotator and QuadraFlare® module platform → patented Solaris® technology in both SLR and QuadraFlare modules delivers true 360-degree output across the full roofline, eliminating the dark zones and coverage gaps that single-point beacons leave at intersection angles</li>
<li>Pre-configured Red and Red/White combinations → pre-configured with QuadraFlare heads in Red and Red/White combinations with clear domes and clear bulkheads for immediate NFPA 1901 compliance without custom ordering Federal Signal</li>
<li>Dual-color LED capability → Red, Blue, Amber, White, and Green in two-color combinations per module, covering en-route warning, scene flood, and intersection clearing in a single bar</li>
<li>White flood mode → activating White mode illuminates the emergency scene from the roofline down, virtually eliminating the need for separately mounted scene lights on apparatus</li>
<li>Front and rear cut-off feature → independently control front and rear output for tactical flexibility during scene operations and station approach</li>
<li>TCL (Traffic Clearing Light) available → optional TCL module produces 250+ feet of directional light toward oncoming drivers' rear-view mirrors, warning civilian traffic well before the apparatus clears an intersection</li>
<li>Black or clear bulkhead options → match apparatus aesthetics and department specifications without a custom order</li>
<li>30 flash patterns → full programmability across every operational scenario including flood mode</li>
<li>NFPA 1901, SAE J845 Class 1, GSA-KKK-A-1822F, and CAC Title 13 approved → meets compliance requirements across federal, state, and fire apparatus standards out of the box</li>
<li>Five-year manufacturer warranty → Federal Signal's standard across the entire Navigator family</li>
</ul>
<h3>Technical Specs</h3>
<p>Length73 inWidth12.5 in (31.8 cm)Height4.5 in (11.4 cm)Input Voltage12 VDCAmp Draw1.5A per QuadraFlare head / 2.5A per SLR rotatorFlash Patterns30LED ColorsRed, Blue, Amber, White, Green — dual-color combinationsDome ColorsAmber, Blue, Clear, RedBulkhead ColorsBlack or ClearModulesSLR rotator, QuadraFlare®, TCL (optional)WiringDiscrete multi-conductorCertificationsNFPA 1901, SAE J845 Class 1, GSA-KKK-A-1822F, CAC Title 13WarrantyFive years</p>
<h3>Pre-configured 73"" model</h3>
<ul>
<li>The standard 73"" Navigator ships with 4 QuadraFlare heads in Red, 4 QuadraFlare heads in Red, and 4 QuadraFlare heads in Red/White, with clear domes and clear bulkheads. Custom configurations mixing SLR rotators, QuadraFlare, and TCL modules are available — contact us or log into your department account to spec a custom build for your apparatus. Federal Signal</li>
</ul>
<p>Due to the size and custom nature of 73"" configurations, contact us before ordering to confirm availability and lead time.</p>
<h3>Ordering from TFR Supply</h3>
<p>TFR Supply is an authorized Federal Signal dealer serving Texas law enforcement, fire, and EMS agencies. Every order ships direct to your location — no middleman, no inventory delays. Government and department accounts receive tax-exempt checkout and agency pricing. Need installation? Our sister company Texas First Response Services provides professional upfit services across Texas. Create a department account or reach out directly to get started.</p>
<p>Same strategic note as the 87"" — any department shopping a 73"" bar is running serious apparatus and is almost certainly a candidate for a full upfit conversation through TFR Services. Treat every inquiry on this product as a services lead, not just a parts sale.</p>
<p>Ready for the next one?You said: navigator 60""navigator 60""Jun 2Claude responded: Already have everything I need.Already have everything I need. Here's the description:</p>",Federal Signal,Vehicles & Parts > Vehicle Parts & Accessories > Motor Vehicle Parts > Motor Vehicle Lighting > Light Bars,Emergency Vehicle Light Bars,"Application_Fire EMS, Application_Law Enforcement, Brand_Federal Signal, Category_Emergency Vehicle Equipment, Category_Light Bar, Family_Navigator, Length_73, Product_Light Bar, Technology_LED, Use_Fleet Upfitting, Use_Law Enforcement, Use_Public Safety",false,Model,NVG73D-AMBR1FC,,Length,"73""",,Color,Amber,,NVG73D-AMBR1FC,0.0,shopify,0,continue,manual,5618.00,5618.00,true,true,,,,,,https://cdn.shopify.com/s/files/1/0725/9330/9807/files/navigator-serial-light-bar-fire-menu-768x768.png?v=1781535530,1,"Navigator® Light Bar - 45"" product image for TFR Supply emergency vehicle upfitting",false,"Navigator Light Bar 73"" | Federal Signal LED Light Bar | TFRSupply","Shop the Federal Signal Navigator Light Bar 73"" LED light bar at TFRSupply. Authorized distributor.",Vehicles & Parts > Vehicle Parts & Accessories > Motor Vehicle Parts > Motor Vehicle Lighting > Light Bars,,,NVG73D-AMBR1FC,new,FALSE,,,,,,"Shop the Federal Signal Navigator Light Bar 73"" LED light bar at TFRSupply. Authorized distributor.","Navigator Light Bar 73"" | Federal Signal LED Light Bar | TFRSupply",new,FALSE,Vehicles & Parts > Vehicle Parts & Accessories > Motor Vehicle Parts > Motor Vehicle Lighting > Light Bars,,,,,lb,,,draft
navigator-light-bar-73,,,,,,,,,NVG73D-TOW5FC,,,"73""",,,Amber,,NVG73D-TOW5FC,0.0,shopify,0,continue,manual,5685.00,5685.00,true,true,,,,,,https://cdn.shopify.com/s/files/1/0725/9330/9807/files/navigator-serial-light-bar_hero_-900x600_jpg.webp?v=1780421257,2,"Navigator® Light Bar - 45"" product image for TFR Supply emergency vehicle upfitting",,,,,,,,,,,,,,,,,,,,,,,,lb,,,
navigator-light-bar-73,,,,,,,,,NVG73D-NFPA23,,,"73""",,,Red,,NVG73D-NFPA23,0.0,shopify,0,continue,manual,4178.00,4178.00,true,true,,,,,,https://cdn.shopify.com/s/files/1/0725/9330/9807/files/navigator-serial-light-bar_endflood-576x576_jpg.webp?v=1780421369,3,"Navigator® Light Bar - 45"" product image for TFR Supply emergency vehicle upfitting",,,,,,,,,,,,,,,,,,,,,,,https://cdn.shopify.com/s/files/1/0725/9330/9807/files/Navigator-LED-Serial-Light-Bar_red_-576x576_jpg.webp?v=1780421369,lb,,,
navigator-light-bar-73,,,,,,,,,NVG73D-NFPA20,,,"73""",,,Red-White,,NVG73D-NFPA20,0.0,shopify,0,continue,manual,3538.00,3538.00,true,true,,,,,,https://cdn.shopify.com/s/files/1/0725/9330/9807/files/navigator-serial-light-bar_redblue-576x576_jpg.webp?v=1780421369,4,"Navigator® Light Bar - 53"" product image for TFR Supply emergency vehicle upfitting",,,,,,,,,,,,,,,,,,,,,,,,lb,,,
navigator-light-bar-73,,,,,,,,,NVG73D-NFPA21,,,"73""",,,Red-White,,NVG73D-NFPA21,0.0,shopify,0,continue,manual,4288.00,4288.00,true,true,,,,,,https://cdn.shopify.com/s/files/1/0725/9330/9807/files/Navigator-LED-Serial-Light-Bar_red_-576x576_jpg.webp?v=1780421369,5,"Navigator® Light Bar - 53"" product image for TFR Supply emergency vehicle upfitting",,,,,,,,,,,,,,,,,,,,,,,,lb,,,
navigator-light-bar-73,,,,,,,,,NVG73D-NFPA22,,,"73""",,,Red-White,,NVG73D-NFPA22,0.0,shopify,0,continue,manual,4380.00,4380.00,true,true,,,,,,https://cdn.shopify.com/s/files/1/0725/9330/9807/files/navigator-serial-light-bar_fire_-576x576_jpg.webp?v=1780421369,6,"Navigator® Light Bar - 60"" product image for TFR Supply emergency vehicle upfitting",,,,,,,,,,,,,,,,,,,,,,,https://cdn.shopify.com/s/files/1/0725/9330/9807/files/Navigator-LED-Serial-Light-Bar_red_-576x576_jpg.webp?v=1780421369,lb,,,
navigator-light-bar-73,,,,,,,,,NVG73D-NFPA24,,,"73""",,,Red-White,,NVG73D-NFPA24,0.0,shopify,0,continue,manual,4338.00,4338.00,true,true,,,,,,https://cdn.shopify.com/s/files/1/0725/9330/9807/files/navigator-serial-light-bar_rotator-576x576_jpg.webp?v=1780421369,7,"Navigator® Light Bar - 73"" product image for TFR Supply emergency vehicle upfitting",,,,,,,,,,,,,,,,,,,,,,,,lb,,,
navigator-light-bar-60,"Navigator® Light Bar - 60""","<h2>Federal Signal Navigator® — 60"" Full-Size Lightbar</h2>
<ul>
<li>The Navigator® 60"" is the largest Navigator available in discrete, serial, and custom configurations — and the longest size that includes SignalMaster® directional warning integration. For departments running full-size fire apparatus, large SUV command vehicles, or any platform that demands maximum roofline coverage with the full Navigator feature set, the 60"" delivers everything the platform offers in one bar.</li>
</ul>
<p>Where the 73"" and 87"" are purpose-built apparatus bars, the 60"" bridges both worlds — equally at home on a heavy fire engine or a large law enforcement command vehicle.</p>
<h3>Why departments choose the Navigator 60""</h3>
<ul>
<li>The largest Navigator with SignalMaster® integration → SignalMaster directional warning is available on the 45"", 53"", and 60"" models — making the 60"" the longest bar in the family that includes built-in traffic direction capability without a separate controller or mount Federal Signal</li>
<li>Available in discrete and serial configurations → the 45"", 53"", and 60"" are available in discrete or serial variations, giving your installation team flexibility to match existing vehicle wiring infrastructure or plug into the FS Convergence Network Federal Signal</li>
<li>Full feature set in the largest configurable size → front flood, takedowns, alley lights, work lights, stop/tail/turn, and low-power mode all available — the complete Navigator capability package at maximum length</li>
<li>SLR rotator and QuadraFlare® module platform → Solaris® technology in both module types delivers true 360-degree output across the full roofline with no dark zones at intersection angles</li>
<li>TCL (Traffic Clearing Light) available → optional module produces 250+ feet of directional light toward oncoming drivers' rear-view mirrors, warning civilian traffic well before the apparatus reaches an intersection</li>
<li>Dual-color LED capability → Red, Blue, Amber, White, and Green in two-color combinations per module, covering law enforcement, fire, EMS, and DOT applications in a single bar</li>
<li>White flood mode → activating White mode illuminates the scene from the roofline, virtually eliminating the need for separately mounted scene lights</li>
<li>Front and rear cut-off feature → independently control front and rear output for tactical flexibility during scene work and station approach</li>
<li>Black or clear bulkhead options → match apparatus or vehicle aesthetics without a custom order</li>
<li>Low-power mode → reduces electrical load during extended stationary operation, protecting the vehicle battery and alternator on long scenes</li>
<li>30 flash patterns → full programmability across every operational scenario including the flood option</li>
<li>NFPA 1901, SAE J845 Class 1, GSA-KKK-A-1822F, and CAC Title 13 approved → meets compliance requirements across federal, state, and fire apparatus standards out of the box</li>
<li>Five-year manufacturer warranty → Federal Signal's standard across the entire Navigator family</li>
</ul>
<h3>Technical Specs</h3>
<p>Length60 inWidth12.5 in (31.8 cm)Height4.5 in (11.4 cm)Input Voltage12 VDCAmp Draw1.5A per QuadraFlare head / 2.5A per SLR rotatorFlash Patterns30LED ColorsRed, Blue, Amber, White, Green — dual-color combinationsDome ColorsAmber, Blue, Clear, RedBulkhead ColorsBlack or ClearModulesSLR rotator, QuadraFlare®, TCL (optional), SignalMaster® (optional)WiringDiscrete multi-conductor or Serial (FS Convergence Network)CertificationsNFPA 1901, SAE J845 Class 1, GSA-KKK-A-1822F, CAC Title 13WarrantyFive years</p>
<h3>Configuration options</h3>
<ul>
<li>The Navigator 60"" is available in three wiring variations — discrete, serial, and custom — and can be built with any combination of SLR rotator, QuadraFlare, and TCL modules. Custom configurations allow you to mix module types to match your exact operational requirements and apparatus layout.</li>
</ul>
<p>Contact us or log into your department account before ordering to confirm the right configuration, wiring type, and module mix for your vehicle.</p>
<h3>Ordering from TFR Supply</h3>
<p>TFR Supply is an authorized Federal Signal dealer serving Texas law enforcement, fire, and EMS agencies. Every order ships direct to your location — no middleman, no inventory delays. Government and department accounts receive tax-exempt checkout and agency pricing. Need installation? Our sister company Texas First Response Services provides professional upfit services across Texas. Create a department account or reach out directly to get started.</p>
<ul>
<li>The 60"" is actually your most strategically interesting Navigator listing because it's the crossover bar — fire departments want it for apparatus, law enforcement wants it for command vehicles and large SUVs. It's also the longest bar with SignalMaster built in, which is a meaningful differentiator worth highlighting in any paid search or email campaigns down the road.</li>
</ul>
<p>Ready for the next one?You said: navigator 53"" and 45""navigator 53"" and 45""Jun 2Claude responded: Already have everything I need for both.Already have everything I need for both. Here they are:</p>",Federal Signal,Vehicles & Parts > Vehicle Parts & Accessories > Motor Vehicle Parts > Motor Vehicle Lighting > Light Bars,Emergency Vehicle Light Bars,"Application_Fire EMS, Application_Law Enforcement, Brand_Federal Signal, Category_Emergency Vehicle Equipment, Category_Light Bar, Family_Navigator, Length_60, Product_Light Bar, Technology_LED, Use_Fleet Upfitting, Use_Law Enforcement, Use_Public Safety",true,Model,NVG60D-TOW1FC,,Length,"60""",,Color,Amber,,NVG60D-TOW1FC,0.0,shopify,0,continue,manual,5130.00,5130.00,true,true,,,,,,https://cdn.shopify.com/s/files/1/0725/9330/9807/files/navigator-serial-light-bar-fire-menu-768x768.png?v=1781535530,1,"Navigator® Light Bar - 45"" product image for TFR Supply emergency vehicle upfitting",false,"Navigator Light Bar 60"" | Federal Signal LED Light Bar | TFRSupply","Shop the Federal Signal Navigator Light Bar 60"" LED light bar at TFRSupply. Authorized distributor.",Vehicles & Parts > Vehicle Parts & Accessories > Motor Vehicle Parts > Motor Vehicle Lighting > Light Bars,,,NVG60D-TOW1FC,new,FALSE,,,,,,"Shop the Federal Signal Navigator Light Bar 60"" LED light bar at TFRSupply. Authorized distributor.","Navigator Light Bar 60"" | Federal Signal LED Light Bar | TFRSupply",new,FALSE,Vehicles & Parts > Vehicle Parts & Accessories > Motor Vehicle Parts > Motor Vehicle Lighting > Light Bars,,,,,lb,,,active
navigator-light-bar-60,,,,,,,,,NVG60D-NFPA20,,,"60""",,,Red-White,,NVG60D-NFPA20,0.0,shopify,0,continue,manual,3450.00,3450.00,true,true,,,,,,https://cdn.shopify.com/s/files/1/0725/9330/9807/files/navigator-serial-light-bar_hero_-900x600_jpg.webp?v=1780421257,2,"Navigator® Light Bar - 45"" product image for TFR Supply emergency vehicle upfitting",,,,,,,,,,,,,,,,,,,,,,,,lb,,,
navigator-light-bar-60,,,,,,,,,NVG60D-NFPA21,,,"60""",,,Red-White,,NVG60D-NFPA21,0.0,shopify,0,continue,manual,3850.00,3850.00,true,true,,,,,,https://cdn.shopify.com/s/files/1/0725/9330/9807/files/navigator-serial-light-bar_endflood-576x576_jpg.webp?v=1780421369,3,"Navigator® Light Bar - 45"" product image for TFR Supply emergency vehicle upfitting",,,,,,,,,,,,,,,,,,,,,,,,lb,,,
navigator-light-bar-60,,,,,,,,,NVG60D-NFPA22,,,"60""",,,Red-White,,NVG60D-NFPA22,0.0,shopify,0,continue,manual,4290.00,4290.00,true,true,,,,,,https://cdn.shopify.com/s/files/1/0725/9330/9807/files/navigator-serial-light-bar_redblue-576x576_jpg.webp?v=1780421369,4,"Navigator® Light Bar - 53"" product image for TFR Supply emergency vehicle upfitting",,,,,,,,,,,,,,,,,,,,,,,https://cdn.shopify.com/s/files/1/0725/9330/9807/files/Navigator-LED-Serial-Light-Bar_red_-576x576_jpg.webp?v=1780421369,lb,,,
navigator-light-bar-60,,,,,,,,,NVG60D-TOW2FC,,,"60""",,,See Description,,NVG60D-TOW2FC,0.0,shopify,0,continue,manual,4750.00,4750.00,true,true,,,,,,https://cdn.shopify.com/s/files/1/0725/9330/9807/files/Navigator-LED-Serial-Light-Bar_red_-576x576_jpg.webp?v=1780421369,5,"Navigator® Light Bar - 53"" product image for TFR Supply emergency vehicle upfitting",,,,,,,,,,,,,,,,,,,,,,,https://cdn.shopify.com/s/files/1/0725/9330/9807/files/Navigator-LED-Serial-Light-Bar_red_-576x576_jpg.webp?v=1780421369,lb,,,
navigator-light-bar-60,,,,,,,,,NVG60Z-TOW2FC6,,,"60""",,,See Description,,NVG60Z-TOW2FC6,0.0,shopify,0,continue,manual,5210.00,5210.00,true,true,,,,,,https://cdn.shopify.com/s/files/1/0725/9330/9807/files/navigator-serial-light-bar_fire_-576x576_jpg.webp?v=1780421369,6,"Navigator® Light Bar - 60"" product image for TFR Supply emergency vehicle upfitting",,,,,,,,,,,,,,,,,,,,,,,https://cdn.shopify.com/s/files/1/0725/9330/9807/files/Navigator-LED-Serial-Light-Bar_red_-576x576_jpg.webp?v=1780421369,lb,,,
navigator-light-bar-53,"Navigator® Light Bar - 53""","<h2>Federal Signal Navigator® — 53"" Full-Size Lightbar</h2>
<ul>
<li>The Navigator® 53"" is the most versatile full-size bar in the Navigator lineup — large enough for serious apparatus and patrol applications, short enough to fit cleanly on the widest range of vehicles in service today. Available in discrete, serial, and custom configurations with the full Navigator feature set including optional SignalMaster® directional warning, the 53"" is the size most mixed fleets standardize on when they want one bar that works across everything.</li>
</ul>
<p>From Ford Police Interceptor Utilities and Tahoe PPVs to mid-size fire apparatus and command vehicles, the 53"" Navigator covers the fleet.</p>
<h3>Why departments choose the Navigator 53""</h3>
<ul>
<li>The most fleet-universal Navigator size → fits the majority of patrol vehicles, SUVs, mid-size apparatus, and command trucks without clearance or overhang issues — the natural choice for departments standardizing across a mixed fleet</li>
<li>Available in discrete and serial configurations → match existing vehicle wiring infrastructure or plug directly into the FS Convergence Network for plug-and-play installation and programming</li>
<li>SignalMaster® directional warning available → integrated traffic direction arrow-stick on the 53"" means no separate controller, no separate mount, no additional wiring</li>
<li>SLR rotator and QuadraFlare® module platform → Solaris® technology in both module types delivers true 360-degree output with no dark zones at the intersection angles where it matters most</li>
<li>Full feature set → front flood, takedowns, alley lights, work lights, stop/tail/turn, and low-power mode all available in one bar</li>
<li>TCL (Traffic Clearing Light) available → optional module produces 250+ feet of directional light toward oncoming drivers' rear-view mirrors, clearing intersections before the vehicle gets there</li>
<li>Dual-color LED capability → Red, Blue, Amber, White, and Green in two-color combinations per module, covering law enforcement, fire, EMS, and DOT in a single platform</li>
<li>White flood mode → activating White mode illuminates the scene from the roofline, reducing the need for separately mounted scene lights</li>
<li>Front and rear cut-off feature → independently control front and rear output for tactical flexibility at traffic stops and scene operations</li>
<li>Low-power mode → reduces electrical load during extended stationary use, protecting battery and alternator health on long traffic stops and scenes</li>
<li>Black or clear bulkhead options → match vehicle or apparatus aesthetics without a custom order</li>
<li>30 flash patterns → full programmability across every operational scenario including flood mode</li>
<li>NFPA 1901, SAE J845 Class 1, GSA-KKK-A-1822F, and CAC Title 13 approved</li>
<li>Five-year manufacturer warranty</li>
</ul>
<h3>Technical Specs</h3>
<p>Length53 inWidth12.5 in (31.8 cm)Height4.5 in (11.4 cm)Input Voltage12 VDCAmp Draw1.5A per QuadraFlare head / 2.5A per SLR rotatorFlash Patterns30LED ColorsRed, Blue, Amber, White, Green — dual-color combinationsDome ColorsAmber, Blue, Clear, RedBulkhead ColorsBlack or ClearModulesSLR rotator, QuadraFlare®, TCL (optional), SignalMaster® (optional)WiringDiscrete multi-conductor or Serial (FS Convergence Network)CertificationsNFPA 1901, SAE J845 Class 1, GSA-KKK-A-1822F, CAC Title 13WarrantyFive years</p>
<h3>Configuration options</h3>
<ul>
<li>Available in discrete, serial, and custom configurations. Custom builds allow any combination of SLR rotator, QuadraFlare, and TCL modules to match your exact operational requirements.</li>
</ul>
<p>Contact us or log into your department account to confirm the right configuration and wiring type for your vehicle before ordering.</p>
<h3>Ordering from TFR Supply</h3>
<p>TFR Supply is an authorized Federal Signal dealer serving Texas law enforcement, fire, and EMS agencies. Every order ships direct to your location — no middleman, no inventory delays. Government and department accounts receive tax-exempt checkout and agency pricing. Need installation? Our sister company Texas First Response Services provides professional upfit services across Texas. Create a department account or reach out directly to get started.</p>",Federal Signal,Vehicles & Parts > Vehicle Parts & Accessories > Motor Vehicle Parts > Motor Vehicle Lighting > Light Bars,Emergency Vehicle Light Bars,"Application_Fire EMS, Application_Law Enforcement, Brand_Federal Signal, Category_Emergency Vehicle Equipment, Category_Light Bar, Family_Navigator, Length_53, Product_Light Bar, Technology_LED, Use_Fleet Upfitting, Use_Law Enforcement, Use_Public Safety",true,Model,NVG53D-MUNI1HC,,Length,"53""",,Color,Amber-White,,NVG53D-MUNI1HC,0.0,shopify,0,continue,manual,4862.00,4862.00,true,true,,,,,,https://cdn.shopify.com/s/files/1/0725/9330/9807/files/navigator-serial-light-bar-fire-menu-768x768.png?v=1781535530,1,"Navigator® Light Bar - 45"" product image for TFR Supply emergency vehicle upfitting",false,"Navigator Light Bar 53"" | Federal Signal LED Light Bar | TFRSupply","Shop the Federal Signal Navigator Light Bar 53"" LED light bar at TFRSupply. Authorized distributor.",Vehicles & Parts > Vehicle Parts & Accessories > Motor Vehicle Parts > Motor Vehicle Lighting > Light Bars,,,NVG53D-MUNI1HC,new,FALSE,,,,,,"Shop the Federal Signal Navigator Light Bar 53"" LED light bar at TFRSupply. Authorized distributor.","Navigator Light Bar 53"" | Federal Signal LED Light Bar | TFRSupply",new,FALSE,Vehicles & Parts > Vehicle Parts & Accessories > Motor Vehicle Parts > Motor Vehicle Lighting > Light Bars,,,,,lb,,,active
navigator-light-bar-53,,,,,,,,,NVG53D-MUNI1RHC,,,"53""",,,Amber-White,,NVG53D-MUNI1RHC,0.0,shopify,0,continue,manual,4552.00,4552.00,true,true,,,,,,https://cdn.shopify.com/s/files/1/0725/9330/9807/files/navigator-serial-light-bar_hero_-900x600_jpg.webp?v=1780421257,2,"Navigator® Light Bar - 45"" product image for TFR Supply emergency vehicle upfitting",,,,,,,,,,,,,,,,,,,,,,,,lb,,,
navigator-light-bar-53,,,,,,,,,NVG53Z-MUNI1RHC6,,,"53""",,,Amber-White,,NVG53Z-MUNI1RHC6,0.0,shopify,0,continue,manual,5012.00,5012.00,true,true,,,,,,https://cdn.shopify.com/s/files/1/0725/9330/9807/files/navigator-serial-light-bar_endflood-576x576_jpg.webp?v=1780421369,3,"Navigator® Light Bar - 45"" product image for TFR Supply emergency vehicle upfitting",,,,,,,,,,,,,,,,,,,,,,,,lb,,,
navigator-light-bar-53,,,,,,,,,NVG53Z-NFPA20,,,"53""",,,Red-White,,NVG53Z-NFPA20,0.0,shopify,0,continue,manual,5142.00,5142.00,true,true,,,,,,https://cdn.shopify.com/s/files/1/0725/9330/9807/files/navigator-serial-light-bar_redblue-576x576_jpg.webp?v=1780421369,4,"Navigator® Light Bar - 53"" product image for TFR Supply emergency vehicle upfitting",,,,,,,,,,,,,,,,,,,,,,,,lb,,,
navigator-light-bar-53,,,,,,,,,NVG53Z-NFPA21,,,"53""",,,Red-White,,NVG53Z-NFPA21,0.0,shopify,0,continue,manual,4752.00,4752.00,true,true,,,,,,https://cdn.shopify.com/s/files/1/0725/9330/9807/files/Navigator-LED-Serial-Light-Bar_red_-576x576_jpg.webp?v=1780421369,5,"Navigator® Light Bar - 53"" product image for TFR Supply emergency vehicle upfitting",,,,,,,,,,,,,,,,,,,,,,,,lb,,,
navigator-light-bar-45,"Navigator® Light Bar - 45""","<h2>Federal Signal Navigator® — 45"" Full-Size Lightbar</h2>
<ul>
<li>The Navigator® 45"" is where the Navigator full-size platform meets law enforcement patrol — the shortest full-size bar in the Navigator lineup and the entry point for departments that want the complete Navigator feature set on pursuit vehicles, mid-size SUVs, and smaller apparatus without the footprint of the 53"" or 60"". Available in discrete, serial, and custom configurations with optional SignalMaster® directional warning, the 45"" brings everything the Navigator platform offers to the vehicles that need it most.</li>
</ul>
<p>If your department runs a tight fleet and needs a full-featured bar that fits cleanly on a Ford PIU or Tahoe PPV without compromise, the 45"" Navigator is where the conversation starts.</p>
<h3>Why departments choose the Navigator 45""</h3>
<ul>
<li>The most patrol-friendly full-size Navigator → shortest full-size bar in the lineup, sized for pursuit vehicles, smaller SUVs, and compact apparatus without sacrificing a single Navigator feature</li>
<li>Available in discrete and serial configurations → match existing vehicle wiring or plug into the FS Convergence Network for fast, clean installation on high-volume fleet builds</li>
<li>SignalMaster® directional warning available → the 45"" is the smallest Navigator with SignalMaster integration — integrated traffic direction in the most patrol-compatible size in the family</li>
<li>SLR rotator and QuadraFlare® module platform → Solaris® technology in both module types delivers true 360-degree output on smaller vehicles where single-point beacons and lower-output mini bars fall short</li>
<li>Full feature set → front flood, takedowns, alley lights, work lights, stop/tail/turn, and low-power mode all available — no capability stripped out for the smaller size</li>
<li>TCL (Traffic Clearing Light) available → optional module produces 250+ feet of directional light toward oncoming drivers' rear-view mirrors, a meaningful safety upgrade on high-speed patrol routes</li>
<li>Dual-color LED capability → Red, Blue, Amber, White, and Green in two-color combinations per module, covering patrol, traffic, and scene functions without swapping equipment</li>
<li>White flood mode → activating White mode provides scene illumination from the roofline, reducing the need for handheld or separately mounted lights at traffic stops</li>
<li>Front and rear cut-off feature → independent front and rear output control for tactical flexibility at stops and scenes</li>
<li>Low-power mode → protects battery and alternator during extended stationary use on long patrol stops</li>
<li>Black or clear bulkhead options → match vehicle aesthetics across the fleet without a custom order</li>
<li>30 flash patterns → full programmability including flood mode</li>
<li>NFPA 1901, SAE J845 Class 1, GSA-KKK-A-1822F, and CAC Title 13 approved</li>
<li>Five-year manufacturer warranty</li>
</ul>
<h3>Technical Specs</h3>
<p>Length45 inWidth12.5 in (31.8 cm)Height4.5 in (11.4 cm)Input Voltage12 VDCAmp Draw1.5A per QuadraFlare head / 2.5A per SLR rotatorFlash Patterns30LED ColorsRed, Blue, Amber, White, Green — dual-color combinationsDome ColorsAmber, Blue, Clear, RedBulkhead ColorsBlack or ClearModulesSLR rotator, QuadraFlare®, TCL (optional), SignalMaster® (optional)WiringDiscrete multi-conductor or Serial (FS Convergence Network)CertificationsNFPA 1901, SAE J845 Class 1, GSA-KKK-A-1822F, CAC Title 13WarrantyFive years</p>
<h3>Configuration options</h3>
<ul>
<li>Available in discrete, serial, and custom configurations. Custom builds allow any combination of SLR rotator, QuadraFlare, and TCL modules to match your exact operational requirements and vehicle platform.</li>
</ul>
<p>Contact us or log into your department account to confirm the right configuration and wiring type for your vehicle before ordering.</p>
<h3>Ordering from TFR Supply</h3>
<p>TFR Supply is an authorized Federal Signal dealer serving Texas law enforcement, fire, and EMS agencies. Every order ships direct to your location — no middleman, no inventory delays. Government and department accounts receive tax-exempt checkout and agency pricing. Need installation? Our sister company Texas First Response Services provides professional upfit services across Texas. Create a department account or reach out directly to get started.</p>
<p>That completes the full Navigator lineup across all eight sizes. You now have descriptions for every bar from the 10"" compact all the way up to the 87"" apparatus bar — a complete product family ready to load into Shopify.</p>
<p>Want to move to a different product category next, or is there another Federal Signal family you want to tackle?You said: Allegiant 94""Allegiant 94""Jun 2Claude responded: On it.On it.Searched the webSearched the webGood — I have what I need, with one important flag before the description. The 94"" is exclusive to the Allegiant Max Discrete variant — the Allegiant Max Discrete is available in 45"", 53"", 61"", 70"", 80"", and 94"" lengths, while the Serial version tops out at 80"". Also worth noting this is the newer Allegiant Max generation, not the original Allegiant — make sure your Shopify page reflects that distinction. Here's the description: Federal Signal</p>",Federal Signal,Vehicles & Parts > Vehicle Parts & Accessories > Motor Vehicle Parts > Motor Vehicle Lighting > Light Bars,Emergency Vehicle Light Bars,"Application_Fire EMS, Application_Law Enforcement, Brand_Federal Signal, Category_Emergency Vehicle Equipment, Category_Light Bar, Family_Navigator, Length_45, Product_Light Bar, Technology_LED, Use_Fleet Upfitting, Use_Law Enforcement, Use_Public Safety",true,Model,NVG45Z-MUNI1HC6,,Length,"45""",,Color,Amber-White,,NVG45Z-MUNI1HC6,0.0,shopify,0,continue,manual,4859.00,4859.00,true,true,,,,,,https://cdn.shopify.com/s/files/1/0725/9330/9807/files/navigator-serial-light-bar-fire-menu-768x768.png?v=1781535530,1,"Navigator® Light Bar - 45"" product image for TFR Supply emergency vehicle upfitting",false,"Navigator Light Bar 45"" | Federal Signal LED Light Bar | TFRSupply","Shop the Federal Signal Navigator Light Bar 45"" LED light bar at TFRSupply. Authorized distributor.",Vehicles & Parts > Vehicle Parts & Accessories > Motor Vehicle Parts > Motor Vehicle Lighting > Light Bars,,,NVG45Z-MUNI1HC6,new,FALSE,,,,,,"Shop the Federal Signal Navigator Light Bar 45"" LED light bar at TFRSupply. Authorized distributor.","Navigator Light Bar 45"" | Federal Signal LED Light Bar | TFRSupply",new,FALSE,Vehicles & Parts > Vehicle Parts & Accessories > Motor Vehicle Parts > Motor Vehicle Lighting > Light Bars,,,,,lb,,,active
navigator-light-bar-45,,,,,,,,,NVG45Z-NFPA20,,,"45""",,,Red-White,,NVG45Z-NFPA20,0.0,shopify,0,continue,manual,4639.00,4639.00,true,true,,,,,,https://cdn.shopify.com/s/files/1/0725/9330/9807/files/navigator-serial-light-bar_hero_-900x600_jpg.webp?v=1780421257,2,"Navigator® Light Bar - 45"" product image for TFR Supply emergency vehicle upfitting",,,,,,,,,,,,,,,,,,,,,,,,lb,,,
navigator-light-bar-45,,,,,,,,,NVG45Z-NFPA21,,,"45""",,,Red-White,,NVG45Z-NFPA21,0.0,shopify,0,continue,manual,4249.00,4249.00,true,true,,,,,,https://cdn.shopify.com/s/files/1/0725/9330/9807/files/navigator-serial-light-bar_endflood-576x576_jpg.webp?v=1780421369,3,"Navigator® Light Bar - 45"" product image for TFR Supply emergency vehicle upfitting",,,,,,,,,,,,,,,,,,,,,,,,lb,,,
allegiant-light-bar-94,"Allegiant ® Max Discrete Light Bar - 94""","<h2>Federal Signal Allegiant® Max Discrete — 94"" Full-Size Apparatus Lightbar</h2>
<ul>
<li>The Allegiant® Max Discrete 94"" is Federal Signal's longest and most capable low-profile lightbar — engineered exclusively for the largest fire apparatus in service. At 94 inches, this bar spans the full roofline of a heavy pumper, aerial ladder, or large rescue unit, delivering maximum multi-color warning coverage, advanced scene illumination, and full NFPA 1900 compliance in a low-profile linear form factor that the Navigator's high-profile design can't match on aerodynamically sensitive platforms.</li>
</ul>
<p>If your department runs heavy apparatus and needs the most output Federal Signal makes in a low-profile package, this is the bar.</p>
<h3>Why departments choose the Allegiant Max Discrete 94""</h3>
<ul>
<li>The longest low-profile lightbar Federal Signal makes → available in lengths up to 94"", the Allegiant Max Discrete 94"" delivers full roofline coverage on the largest apparatus where high-profile bars create clearance, aerodynamic, or aesthetic issues Federal Signal</li>
<li>SpectraLux® tri-color per module → each module switches between Amber, Blue, Green, Red, and White with up to three colors per module — more color flexibility per module than any other bar in the Federal Signal lineup, covering every operational function from en-route warning to scene flood in a single unit Federal Signal</li>
<li>Solaris® reflector technology → enhances off-axis visibility and minimizes dark spots for full-scene illumination, critical on large apparatus where roofline height and bar length create unique optical challenges Federal Signal</li>
<li>Patent-pending rollback safety reflectors → a feature exclusive to the Allegiant Max Discrete, rollback reflectors redirect light output at critical rear angles, improving visibility to following traffic and aerial observers at large incident scenes Federal Signal</li>
<li>Complete lighting suite → front flood, rear flood, alley lights, work lights, external power stop/tail/turn, bed light, and alley ground lights all available — the most comprehensive integrated lighting package in the Federal Signal lightbar lineup Federal Signal</li>
<li>Discrete control → discrete bars larger than 21 inches send commands by a nine-conductor cable, providing direct, reliable control without network dependency on the largest apparatus platforms Federal Signal</li>
<li>Easy rooftop service → designed for easy service while installed on the rooftop — no bar removal required for field maintenance, critical for departments running high apparatus counts on tight service schedules Federal Signal</li>
<li>SignalMaster® directional warning → built-in SignalMaster directional warning for integrated traffic direction without a separate controller or mount Federal Signal</li>
<li>Low-power mode → reduces electrical load during extended stationary scene operations, protecting apparatus electrical systems during long incidents</li>
<li>30 flash patterns → full programmability across every operational scenario</li>
<li>NFPA 1900, SAE J845 Class 1, SAE J595 Class 1 certified, IP65-rated → meets the compliance requirements for the most demanding fire apparatus procurement specifications Federal Signal</li>
<li>Five-year manufacturer warranty</li>
</ul>
<h3>Technical Specs</h3>
<p>Length94 inInput Voltage12 VDCFlash Patterns30LED ColorsAmber, Blue, Green, Red, White — tri-color per moduleControl TypeDiscrete (9-conductor cable)CertificationsNFPA 1900, SAE J845 Class 1, SAE J595 Class 1, IP65Special FeaturesPatent-pending rollback safety reflectorsAvailable FunctionsFront flood, rear flood, alley lights, work lights, bed light, alley ground lights, S/T/T, SignalMaster®ServiceRooftop-serviceable without removalWarrantyFive years</p>
<h3>Important notes for procurement</h3>
<ul>
<li>The Allegiant Max Discrete 94"" is a large apparatus bar available only in discrete control — the Serial version tops out at 80"". Due to the size and custom nature of 94"" configurations, contact us or log into your department account before ordering to confirm SKU, availability, and lead time.</li>
</ul>
<h3>Ordering from TFR Supply</h3>
<p>TFR Supply is an authorized Federal Signal dealer serving Texas law enforcement, fire, and EMS agencies. Every order ships direct to your location — no middleman, no inventory delays. Government and department accounts receive tax-exempt checkout and agency pricing. Need installation? Our sister company Texas First Response Services provides professional upfit services across Texas. Create a department account or reach out directly to get started.</p>
<p>Same strategic note as the Navigator 87"" and 73"" — any department shopping a 94"" bar is running serious heavy apparatus, and every inquiry is a potential full apparatus upfit conversation for TFR Services. The bed light and alley ground light features are also worth flagging when you talk to fire departments — those are scene lighting capabilities that smaller bars don't offer and that fire apparatus chiefs specifically look for.</p>
<p>Ready for the next one?You said: Do 80"" - 45""Do 80"" - 45""Jun 2Claude responded: Already have everything I need for all of these.Already have everything I need for all of these. Here they are:</p>",Federal Signal,Vehicles & Parts > Vehicle Parts & Accessories > Motor Vehicle Parts > Motor Vehicle Lighting > Light Bars,Emergency Vehicle Light Bars,"Application_Fire EMS, Application_Law Enforcement, Application_Tow, Brand_Federal Signal, Category_Emergency Vehicle Equipment, Category_Light Bar, Family_Allegiant, Length_94, Product_Light Bar, Technology_LED, Use_Fleet Upfitting, Use_Law Enforcement, Use_Public Safety",true,Model,ALGT94DX-AMBRFC,,Length,"94""",,Color,Amber,,ALGT94DX-AMBRFC,0.0,shopify,0,continue,manual,4893.00,4893.00,true,true,,,,,,https://cdn.shopify.com/s/files/1/0725/9330/9807/files/Aallegiant-max-serial-light-bar_Z8653101D-GRY_Z8653103C-GRY_domes__installed_Gray__408790-576x576_png.webp?v=1780422952,1,"Allegiant® Light Bar - 21"" product image for TFR Supply emergency vehicle upfitting",false,"Allegiant Light Bar 94"" | Federal Signal LED Light Bar | TFRSupply","Shop the Federal Signal Allegiant Light Bar 94"" LED light bar at TFRSupply. Authorized distributor.",Vehicles & Parts > Vehicle Parts & Accessories > Motor Vehicle Parts > Motor Vehicle Lighting > Light Bars,,,ALGT94DX-AMBRFC,new,FALSE,,,,,,"Shop the Federal Signal Allegiant Light Bar 94"" LED light bar at TFRSupply. Authorized distributor.","Allegiant Light Bar 94"" | Federal Signal LED Light Bar | TFRSupply",new,FALSE,Vehicles & Parts > Vehicle Parts & Accessories > Motor Vehicle Parts > Motor Vehicle Lighting > Light Bars,,,,,lb,,,active
allegiant-light-bar-94,,,,,,,,,,,,,,,,,,,,,,,,,,,,,,,,https://cdn.shopify.com/s/files/1/0725/9330/9807/files/allegiant-max-serial-light-bar_group_-576x576_jpg.webp?v=1780422952,2,"Allegiant® Light Bar - 21"" product image for TFR Supply emergency vehicle upfitting",,,,,,,,,,,,,,,,,,,,,,,,,,,
allegiant-light-bar-80,"Allegiant® Max Discrete Light Bar - 80"" (Tow Configuration)","<h2>Federal Signal Allegiant® Max Discrete — 80"" Full-Size Apparatus Lightbar</h2>
<ul>
<li>The Allegiant® Max Discrete 80"" is the largest Allegiant Max configuration available in both discrete and serial control — giving departments the flexibility to choose their wiring infrastructure at the longest crossover size in the lineup. Purpose-built for large fire apparatus, heavy rescue units, and battalion command vehicles where the 94"" exceeds roofline dimensions but a 70"" leaves coverage gaps, the 80"" delivers the full Allegiant Max feature set at the size most large apparatus fleets standardize on.</li>
</ul>
<h3>Why departments choose the Allegiant Max Discrete 80""</h3>
<ul>
<li>The largest size available in both discrete and serial control → the 80"" is the only Allegiant Max length where departments can choose between discrete nine-conductor wiring or FS Convergence Network serial control, making it the most installation-flexible size in the large apparatus range</li>
<li>SpectraLux® tri-color per module → each module switches between Amber, Blue, Green, Red, and White with up to three colors per module, covering every operational function from en-route warning to scene flood in a single bar</li>
<li>Solaris® reflector technology → enhances off-axis visibility and eliminates dark spots across the full 80"" roofline, critical for large apparatus approaching complex intersections</li>
<li>Patent-pending rollback safety reflectors → exclusive to the Allegiant Max Discrete, redirecting light output at critical rear angles for improved visibility to following traffic and aerial observers</li>
<li>Complete lighting suite → front flood, rear flood, alley lights, work lights, external power stop/tail/turn, bed light, and alley ground lights all available</li>
<li>Easy rooftop service → field-serviceable without removing the bar from the apparatus, essential for departments running high vehicle counts on tight maintenance schedules</li>
<li>SignalMaster® directional warning → integrated traffic direction without a separate controller or mount</li>
<li>Low-power mode → protects apparatus electrical systems during extended stationary scene operations</li>
<li>30 flash patterns → full programmability across every operational scenario</li>
<li>NFPA 1900, SAE J845 Class 1, SAE J595 Class 1, IP65 rated</li>
<li>Five-year manufacturer warranty</li>
</ul>
<h3>Technical Specs</h3>
<p>Length80 inInput Voltage12 VDCFlash Patterns30LED ColorsAmber, Blue, Green, Red, White — tri-color per moduleControl TypeDiscrete (9-conductor) or Serial (FS Convergence Network)CertificationsNFPA 1900, SAE J845 Class 1, SAE J595 Class 1, IP65Special FeaturesPatent-pending rollback safety reflectorsAvailable FunctionsFront flood, rear flood, alley lights, work lights, bed light, alley ground lights, S/T/T, SignalMaster®ServiceRooftop-serviceable without removalWarrantyFive years</p>
<p>Contact us or log into your department account before ordering to confirm SKU, wiring preference, and lead time.</p>
<h3>Ordering from TFR Supply</h3>
<p>TFR Supply is an authorized Federal Signal dealer serving Texas law enforcement, fire, and EMS agencies. Every order ships direct to your location — no middleman, no inventory delays. Government and department accounts receive tax-exempt checkout and agency pricing. Need installation? Our sister company Texas First Response Services provides professional upfit services across Texas. Create a department account or reach out directly to get started.</p>",Federal Signal,Vehicles & Parts > Vehicle Parts & Accessories > Motor Vehicle Parts > Motor Vehicle Lighting > Light Bars,Emergency Vehicle Light Bars,"Application_Fire EMS, Application_Law Enforcement, Application_Tow, Brand_Federal Signal, Category_Emergency Vehicle Equipment, Category_Light Bar, Family_Allegiant, Length_80, Product_Light Bar, Technology_LED, Use_Fleet Upfitting, Use_Law Enforcement, Use_Public Safety",false,Model,ALGT80DX-AMBRBFC,,Length,"80""",,Color,Amber,,ALGT80DX-AMBRBFC,0.0,shopify,0,continue,manual,3919.00,3919.00,true,true,,,,,,https://cdn.shopify.com/s/files/1/0725/9330/9807/files/allegiant-max-serial-light-bar_MainCatImage-900x600_jpg.webp?v=1780422952,1,"Allegiant® Light Bar - 21"" product image for TFR Supply emergency vehicle upfitting",false,"Allegiant Light Bar 80"" | Federal Signal LED Light Bar | TFRSupply","Shop the Federal Signal Allegiant Light Bar 80"" LED light bar at TFRSupply. Authorized distributor.",Vehicles & Parts > Vehicle Parts & Accessories > Motor Vehicle Parts > Motor Vehicle Lighting > Light Bars,,,ALGT80DX-AMBRBFC,new,FALSE,,,,,,"Shop the Federal Signal Allegiant Light Bar 80"" LED light bar at TFRSupply. Authorized distributor.","Allegiant Light Bar 80"" | Federal Signal LED Light Bar | TFRSupply",new,FALSE,Vehicles & Parts > Vehicle Parts & Accessories > Motor Vehicle Parts > Motor Vehicle Lighting > Light Bars,,,,https://cdn.shopify.com/s/files/1/0725/9330/9807/files/allegiant-max-serial-light-bar_Z8653101D-02_Z8653103C-02_domes__installed_Amber__408790-576x576_png.webp?v=1780422952,lb,,,draft
allegiant-light-bar-80,,,,,,,,,ALGT80XC-AMBRBFC,,,"80""",,,Amber,,ALGT80XC-AMBRBFC,0.0,shopify,0,continue,manual,4483.00,4483.00,true,true,,,,,,https://cdn.shopify.com/s/files/1/0725/9330/9807/files/allegiant-max-serial-light-bar_Z8653101D-02_Z8653103C-02_domes__installed_Amber__408790-576x576_png.webp?v=1780422952,2,"Allegiant® Light Bar - 45"" product image for TFR Supply emergency vehicle upfitting",,,,,,,,,,,,,,,,,,,,,,,https://cdn.shopify.com/s/files/1/0725/9330/9807/files/allegiant-max-serial-light-bar_Z8653101D-02_Z8653103C-02_domes__installed_Amber__408790-576x576_png.webp?v=1780422952,lb,,,
allegiant-light-bar-80,,,,,,,,,ALGT80XC-TOWFC,,,"80""",,,Amber,,ALGT80XC-TOWFC,0.0,shopify,0,continue,manual,4483.00,4483.00,true,true,,,,,,https://cdn.shopify.com/s/files/1/0725/9330/9807/files/allegiant-max-serial-light-bar_group_-576x576_jpg.webp?v=1780422952,3,"Allegiant® Light Bar - 21"" product image for TFR Supply emergency vehicle upfitting",,,,,,,,,,,,,,,,,,,,,,,https://cdn.shopify.com/s/files/1/0725/9330/9807/files/allegiant-max-serial-light-bar_Z8653101D-02_Z8653103C-02_domes__installed_Amber__408790-576x576_png.webp?v=1780422952,lb,,,
allegiant-light-bar-80,,,,,,,,,ALGT80DX-TOWFC,,,"80""",,,See Description,,ALGT80DX-TOWFC,0.0,shopify,0,continue,manual,3919.00,3919.00,true,true,,,,,,https://cdn.shopify.com/s/files/1/0725/9330/9807/files/allegiant-max-serial-light-bar_WorkLight2-576x576_jpg.webp?v=1780422952,4,"Allegiant® Light Bar - 21"" product image for TFR Supply emergency vehicle upfitting",,,,,,,,,,,,,,,,,,,,,,,https://cdn.shopify.com/s/files/1/0725/9330/9807/files/allegiant-max-serial-light-bar_Z8653101D-02_Z8653103C-02_domes__installed_Amber__408790-576x576_png.webp?v=1780422952,lb,,,
allegiant-light-bar-70,"Allegiant® Light Bar - 70""","<h2>Federal Signal Allegiant® Max Discrete — 70"" Full-Size Apparatus Lightbar</h2>
<ul>
<li>The Allegiant® Max Discrete 70"" is the mid-range large apparatus bar in the Allegiant Max lineup — sized for mid-to-large fire engines, tankers, and heavy rescue units where an 80"" creates mounting or clearance challenges but a 61"" leaves meaningful roofline coverage gaps. For departments running mixed heavy apparatus fleets and needing a consistent bar across platforms of varying roofline lengths, the 70"" is where most find their fleet standard.</li>
</ul>
<h3>Why departments choose the Allegiant Max Discrete 70""</h3>
<ul>
<li>Purpose-sized for mid-to-large apparatus → fits the rooflines of mid-size pumpers, tankers, and heavy rescue units where larger bars overhang and smaller bars underperform, delivering full coverage without compromise</li>
<li>SpectraLux® tri-color per module → Amber, Blue, Green, Red, and White with up to three colors per module, covering law enforcement, fire, EMS, and command vehicle applications in a single platform</li>
<li>Solaris® reflector technology → eliminates dark spots and increases off-axis visibility across the full 70"" roofline</li>
<li>Patent-pending rollback safety reflectors → exclusive Allegiant Max Discrete feature directing critical rear-angle light output toward following traffic and aerial observers</li>
<li>Complete lighting suite → front flood, rear flood, alley lights, work lights, external power stop/tail/turn, bed light, and alley ground lights all available</li>
<li>Easy rooftop service → field-serviceable without bar removal, critical for high-volume apparatus fleets</li>
<li>SignalMaster® directional warning → integrated traffic direction without additional hardware</li>
<li>Low-power mode → protects apparatus electrical systems during extended scene operations</li>
<li>30 flash patterns</li>
<li>NFPA 1900, SAE J845 Class 1, SAE J595 Class 1, IP65 rated</li>
<li>Five-year manufacturer warranty</li>
</ul>
<h3>Technical Specs</h3>
<p>Length70 inInput Voltage12 VDCFlash Patterns30LED ColorsAmber, Blue, Green, Red, White — tri-color per moduleControl TypeDiscrete (9-conductor cable)CertificationsNFPA 1900, SAE J845 Class 1, SAE J595 Class 1, IP65Special FeaturesPatent-pending rollback safety reflectorsAvailable FunctionsFront flood, rear flood, alley lights, work lights, bed light, alley ground lights, S/T/T, SignalMaster®ServiceRooftop-serviceable without removalWarrantyFive years</p>
<p>Contact us or log into your department account before ordering to confirm SKU and lead time.</p>
<h3>Ordering from TFR Supply</h3>
<p>TFR Supply is an authorized Federal Signal dealer serving Texas law enforcement, fire, and EMS agencies. Every order ships direct to your location — no middleman, no inventory delays. Government and department accounts receive tax-exempt checkout and agency pricing. Need installation? Our sister company Texas First Response Services provides professional upfit services across Texas. Create a department account or reach out directly to get started.</p>",Federal Signal,Vehicles & Parts > Vehicle Parts & Accessories > Motor Vehicle Parts > Motor Vehicle Lighting > Light Bars,Emergency Vehicle Light Bars,"Application_Fire EMS, Application_Law Enforcement, Brand_Federal Signal, Category_Emergency Vehicle Equipment, Category_Light Bar, Family_Allegiant, Length_70, Product_Light Bar, Technology_LED, Use_Fleet Upfitting, Use_Law Enforcement, Use_Public Safety",true,Model,ALGT70XC-NFPA2,,Length,"70""",,Color,Red-White,,ALGT70XC-NFPA2,0.0,shopify,0,continue,manual,3979.00,3979.00,true,true,,,,,,https://cdn.shopify.com/s/files/1/0725/9330/9807/files/Aallegiant-max-serial-light-bar_Z8653101D-GRY_Z8653103C-GRY_domes__installed_Gray__408790-576x576_png.webp?v=1780422952,1,"Allegiant® Light Bar - 21"" product image for TFR Supply emergency vehicle upfitting",false,"Allegiant Light Bar 70"" | Federal Signal LED Light Bar | TFRSupply","Shop the Federal Signal Allegiant Light Bar 70"" LED light bar at TFRSupply. Authorized distributor.",Vehicles & Parts > Vehicle Parts & Accessories > Motor Vehicle Parts > Motor Vehicle Lighting > Light Bars,,,ALGT70XC-NFPA2,new,FALSE,,,,,,"Shop the Federal Signal Allegiant Light Bar 70"" LED light bar at TFRSupply. Authorized distributor.","Allegiant Light Bar 70"" | Federal Signal LED Light Bar | TFRSupply",new,FALSE,Vehicles & Parts > Vehicle Parts & Accessories > Motor Vehicle Parts > Motor Vehicle Lighting > Light Bars,,,,,lb,,,active
allegiant-light-bar-70,,,,,,,,,ALGT70DXS-TOW3FC,,,"70""",,,See Description,,ALGT70DXS-TOW3FC,0.0,shopify,0,continue,manual,3681.00,3681.00,true,true,,,,,,https://cdn.shopify.com/s/files/1/0725/9330/9807/files/allegiant-max-serial-light-bar_group_-576x576_jpg.webp?v=1780422952,2,"Allegiant® Light Bar - 21"" product image for TFR Supply emergency vehicle upfitting",,,,,,,,,,,,,,,,,,,,,,,,lb,,,
allegiant-light-bar-70,,,,,,,,,,,,,,,,,,,,,,,,,,,,,,,,https://cdn.shopify.com/s/files/1/0725/9330/9807/files/allegiant-max-serial-light-bar_MainCatImage-900x600_jpg.webp?v=1780422952,3,"Allegiant® Light Bar - 21"" product image for TFR Supply emergency vehicle upfitting",,,,,,,,,,,,,,,,,,,,,,,,,,,
allegiant-light-bar-61,"Allegiant® Light Bar - 61""","<h2>Federal Signal Allegiant® Max Discrete — 61"" Full-Size Lightbar</h2>
<ul>
<li>The Allegiant® Max Discrete 61"" is the crossover bar in the Allegiant Max Discrete lineup — large enough for serious fire and EMS apparatus applications, versatile enough for large law enforcement command vehicles and supervisor trucks. The 61"" brings the full Allegiant Max Discrete feature set including the patent-pending rollback safety reflectors and complete scene lighting suite to the size that bridges patrol and apparatus worlds.</li>
</ul>
<h3>Why departments choose the Allegiant Max Discrete 61""</h3>
<ul>
<li>The Allegiant Max Discrete crossover size → at 61"", this bar fits large law enforcement command vehicles and SUVs as comfortably as it fits mid-size fire and EMS apparatus, making it the natural choice for multi-agency or dual-purpose fleet standardization</li>
<li>SpectraLux® tri-color per module → Amber, Blue, Green, Red, and White with up to three colors per module — single bar covers law enforcement, fire, EMS, and command vehicle warning requirements</li>
<li>Solaris® reflector technology → enhanced off-axis visibility with no dark spots across the full 61"" roofline</li>
<li>Patent-pending rollback safety reflectors → exclusive to the Allegiant Max Discrete, improving critical rear-angle output for following traffic and aerial visibility</li>
<li>Complete lighting suite → front flood, rear flood, alley lights, work lights, external power stop/tail/turn, bed light, and alley ground lights all available</li>
<li>Easy rooftop service → field-serviceable without bar removal</li>
<li>SignalMaster® directional warning → integrated traffic direction without additional hardware or mounting</li>
<li>Low-power mode → protects vehicle electrical systems during extended stationary operation</li>
<li>30 flash patterns</li>
<li>NFPA 1900, SAE J845 Class 1, SAE J595 Class 1, IP65 rated</li>
<li>Five-year manufacturer warranty</li>
</ul>
<h3>Technical Specs</h3>
<p>Length61 inInput Voltage12 VDCFlash Patterns30LED ColorsAmber, Blue, Green, Red, White — tri-color per moduleControl TypeDiscrete (9-conductor cable)CertificationsNFPA 1900, SAE J845 Class 1, SAE J595 Class 1, IP65Special FeaturesPatent-pending rollback safety reflectorsAvailable FunctionsFront flood, rear flood, alley lights, work lights, bed light, alley ground lights, S/T/T, SignalMaster®ServiceRooftop-serviceable without removalWarrantyFive years</p>
<p>Contact us or log into your department account before ordering to confirm SKU and lead time.</p>
<h3>Ordering from TFR Supply</h3>
<p>TFR Supply is an authorized Federal Signal dealer serving Texas law enforcement, fire, and EMS agencies. Every order ships direct to your location — no middleman, no inventory delays. Government and department accounts receive tax-exempt checkout and agency pricing. Need installation? Our sister company Texas First Response Services provides professional upfit services across Texas. Create a department account or reach out directly to get started.</p>",Federal Signal,Vehicles & Parts > Vehicle Parts & Accessories > Motor Vehicle Parts > Motor Vehicle Lighting > Light Bars,Emergency Vehicle Light Bars,"Application_Fire EMS, Application_Law Enforcement, Application_Tow, Brand_Federal Signal, Category_Emergency Vehicle Equipment, Category_Light Bar, Family_Allegiant, Length_61, Product_Light Bar, Technology_LED, Use_Fleet Upfitting, Use_Law Enforcement, Use_Public Safety",true,Model,ALGT61H-TOW2FC,,Length,"61""",,Color,Amber,,ALGT61H-TOW2FC,0.0,shopify,0,continue,manual,2487.00,2487.00,true,true,,,,,,https://cdn.shopify.com/s/files/1/0725/9330/9807/files/Aallegiant-max-serial-light-bar_Z8653101D-GRY_Z8653103C-GRY_domes__installed_Gray__408790-576x576_png.webp?v=1780422952,1,"Allegiant® Light Bar - 21"" product image for TFR Supply emergency vehicle upfitting",false,"Allegiant Light Bar 61"" | Federal Signal LED Light Bar | TFRSupply","Shop the Federal Signal Allegiant Light Bar 61"" LED light bar at TFRSupply. Authorized distributor.",Vehicles & Parts > Vehicle Parts & Accessories > Motor Vehicle Parts > Motor Vehicle Lighting > Light Bars,,,ALGT61H-TOW2FC,new,FALSE,,,,,,"Shop the Federal Signal Allegiant Light Bar 61"" LED light bar at TFRSupply. Authorized distributor.","Allegiant Light Bar 61"" | Federal Signal LED Light Bar | TFRSupply",new,FALSE,Vehicles & Parts > Vehicle Parts & Accessories > Motor Vehicle Parts > Motor Vehicle Lighting > Light Bars,,,,https://cdn.shopify.com/s/files/1/0725/9330/9807/files/allegiant-max-serial-light-bar_Z8653101D-02_Z8653103C-02_domes__installed_Amber__408790-576x576_png.webp?v=1780422952,lb,,,active
allegiant-light-bar-61,,,,,,,,,ALGT61H-TOW2FCW,,,"61""",,,Amber,,ALGT61H-TOW2FCW,0.0,shopify,0,continue,manual,2487.00,2487.00,true,true,,,,,,https://cdn.shopify.com/s/files/1/0725/9330/9807/files/allegiant-max-serial-light-bar_group_-576x576_jpg.webp?v=1780422952,2,"Allegiant® Light Bar - 21"" product image for TFR Supply emergency vehicle upfitting",,,,,,,,,,,,,,,,,,,,,,,https://cdn.shopify.com/s/files/1/0725/9330/9807/files/allegiant-max-serial-light-bar_Z8653101D-02_Z8653103C-02_domes__installed_Amber__408790-576x576_png.webp?v=1780422952,lb,,,
allegiant-light-bar-61,,,,,,,,,ALGT61H-TOWDP,,,"61""",,,Amber,,ALGT61H-TOWDP,0.0,shopify,0,continue,manual,2387.00,2387.00,true,true,,,,,,https://cdn.shopify.com/s/files/1/0725/9330/9807/files/allegiant-max-serial-light-bar_MainCatImage-900x600_jpg.webp?v=1780422952,3,"Allegiant® Light Bar - 21"" product image for TFR Supply emergency vehicle upfitting",,,,,,,,,,,,,,,,,,,,,,,https://cdn.shopify.com/s/files/1/0725/9330/9807/files/allegiant-max-serial-light-bar_Z8653101D-02_Z8653103C-02_domes__installed_Amber__408790-576x576_png.webp?v=1780422952,lb,,,
allegiant-light-bar-61,,,,,,,,,ALGT61JX-TOW6F6C,,,"61""",,,Amber-White,,ALGT61JX-TOW6F6C,0.0,shopify,0,continue,manual,3926.00,3926.00,true,true,,,,,,https://cdn.shopify.com/s/files/1/0725/9330/9807/files/allegiant-max-serial-light-bar_red_-576x576_png.webp?v=1780422952,4,"Allegiant® Light Bar - 21"" product image for TFR Supply emergency vehicle upfitting",,,,,,,,,,,,,,,,,,,,,,,,lb,,,
allegiant-light-bar-61,,,,,,,,,ALGT61XC-NFPA1,,,"61""",,,Red-White,,ALGT61XC-NFPA1,0.0,shopify,0,continue,manual,3867.00,3867.00,true,true,,,,,,https://cdn.shopify.com/s/files/1/0725/9330/9807/files/allegiant-max-serial-light-bar_ROCboards_408790-576x576_png.webp?v=1780422952,5,"Allegiant® Light Bar - 21"" product image for TFR Supply emergency vehicle upfitting",,,,,,,,,,,,,,,,,,,,,,,,lb,,,
allegiant-light-bar-61,,,,,,,,,ALGT61XC-NFPA2,,,"61""",,,Red-White,,ALGT61XC-NFPA2,0.0,shopify,0,continue,manual,3767.00,3767.00,true,true,,,,,,https://cdn.shopify.com/s/files/1/0725/9330/9807/files/allegiant-max-serial-light-bar_WorkLight2-576x576_jpg.webp?v=1780422952,6,"Allegiant® Light Bar - 21"" product image for TFR Supply emergency vehicle upfitting",,,,,,,,,,,,,,,,,,,,,,,,lb,,,
allegiant-light-bar-61,,,,,,,,,ALGT61DX-TOW3FCW,,,"61""",,,See Description,,ALGT61DX-TOW3FCW,0.0,shopify,0,continue,manual,3467.00,3467.00,true,true,,,,,,https://cdn.shopify.com/s/files/1/0725/9330/9807/files/allegiant-max-serial-light-bar_Z8653101D_Z8653103C_domes__installed_Clear__408790-576x576_png.webp?v=1780422952,7,"Allegiant® Light Bar - 45"" product image for TFR Supply emergency vehicle upfitting",,,,,,,,,,,,,,,,,,,,,,,https://cdn.shopify.com/s/files/1/0725/9330/9807/files/allegiant-max-serial-light-bar_Z8653101D-02_Z8653103C-02_domes__installed_Amber__408790-576x576_png.webp?v=1780422952,lb,,,
allegiant-light-bar-61,,,,,,,,,ALGT61DXS-TOW3FC,,,"61""",,,See Description,,ALGT61DXS-TOW3FC,0.0,shopify,0,continue,manual,3467.00,3467.00,true,true,,,,,,https://cdn.shopify.com/s/files/1/0725/9330/9807/files/allegiant-max-serial-light-bar_Z8653101D-02_Z8653103C-02_domes__installed_Amber__408790-576x576_png.webp?v=1780422952,8,"Allegiant® Light Bar - 45"" product image for TFR Supply emergency vehicle upfitting",,,,,,,,,,,,,,,,,,,,,,,https://cdn.shopify.com/s/files/1/0725/9330/9807/files/allegiant-max-serial-light-bar_Z8653101D-02_Z8653103C-02_domes__installed_Amber__408790-576x576_png.webp?v=1780422952,lb,,,
allegiant-light-bar-61,,,,,,,,,ALGT61DXS-TOW3FC-R,,,"61""",,,See Description,,ALGT61DXS-TOW3FC-R,0.0,shopify,0,continue,manual,3673.00,3673.00,true,true,,,,,,https://cdn.shopify.com/s/files/1/0725/9330/9807/files/allegiant-max-serial-light-bar_Z8653101D-03_Z8653103C-03_domes__installed_Blue__408790-576x576_png.webp?v=1780422952,9,"Allegiant® Light Bar - 45"" product image for TFR Supply emergency vehicle upfitting",,,,,,,,,,,,,,,,,,,,,,,https://cdn.shopify.com/s/files/1/0725/9330/9807/files/allegiant-max-serial-light-bar_red_-576x576_png.webp?v=1780422952,lb,,,
allegiant-light-bar-61,,,,,,,,,ALGT61DXS-TOW3FCW-R,,,"61""",,,See Description,,ALGT61DXS-TOW3FCW-R,0.0,shopify,0,continue,manual,3673.00,3673.00,true,true,,,,,,https://cdn.shopify.com/s/files/1/0725/9330/9807/files/allegiant-max-serial-light-bar-takedown-576x576_jpg.webp?v=1780422952,10,"Allegiant® Light Bar - 45"" product image for TFR Supply emergency vehicle upfitting",,,,,,,,,,,,,,,,,,,,,,,https://cdn.shopify.com/s/files/1/0725/9330/9807/files/allegiant-max-serial-light-bar_red_-576x576_png.webp?v=1780422952,lb,,,
allegiant-light-bar-61,,,,,,,,,ALGT61DXS-TOW6FC,,,"61""",,,See Description,,ALGT61DXS-TOW6FC,0.0,shopify,0,continue,manual,3597.00,3597.00,true,true,,,,,,https://cdn.shopify.com/s/files/1/0725/9330/9807/files/allegiant-max-serial-light-barZ8653101D-01_Z8653103C-01_domes__installed_Black__408790-576x576_png.webp?v=1780422952,11,"Allegiant® Light Bar - 45"" product image for TFR Supply emergency vehicle upfitting",,,,,,,,,,,,,,,,,,,,,,,https://cdn.shopify.com/s/files/1/0725/9330/9807/files/allegiant-max-serial-light-bar_Z8653101D-02_Z8653103C-02_domes__installed_Amber__408790-576x576_png.webp?v=1780422952,lb,,,
allegiant-light-bar-53,"Allegiant® Light Bar - 53""","<h2>Federal Signal Allegiant® Max — 53"" Full-Size Lightbar</h2>
<ul>
<li>The Allegiant® Max 53"" is the most fleet-versatile size in the Allegiant Max lineup — available in both Discrete and Serial configurations, sized for the widest range of patrol vehicles, SUVs, fire apparatus, and EMS units in service today. For departments that want the full Allegiant Max feature set on a bar that fits everything from a Ford PIU to a mid-size pumper without a custom order, the 53"" is where most mixed fleets land.</li>
</ul>
<h3>Why departments choose the Allegiant Max 53""</h3>
<ul>
<li>Available in both Discrete and Serial control → choose the wiring infrastructure that matches your existing fleet setup or plug into the FS Convergence Network for GPS-synchronized programming across multiple vehicles simultaneously</li>
<li>SpectraLux® tri-color per module → Amber, Blue, Green, Red, and White with up to three colors per module, covering patrol, fire, EMS, and command vehicle functions in a single bar</li>
<li>GPS-synchronized fleet programming (Serial) → Allegiant Max Serial connects to the FS Convergence Network for plug-and-play setup and synchronized programming across multiple vehicles using GPS — ideal for coordinated multi-vehicle responses and large fleet standardization Federal Signal</li>
<li>Solaris® reflector technology → enhanced off-axis visibility with no dark spots, delivering consistent warning output across the full 53"" roofline</li>
<li>Complete lighting suite → front flood, rear flood, alley lights, work lights, takedowns, stop/tail/turn, and SignalMaster® directional warning all available</li>
<li>Low-power mode → reduces electrical load during extended stationary operation</li>
<li>Easy rooftop service → field-serviceable without bar removal</li>
<li>30 flash patterns</li>
<li>NFPA 1900, GSA KKK-A-1822F, CCR Title 13, IP65 rated</li>
<li>Five-year manufacturer warranty</li>
</ul>
<h3>Technical Specs</h3>
<p>Length53 inInput Voltage12 VDCFlash Patterns30LED ColorsAmber, Blue, Green, Red, White — tri-color per moduleControl TypeDiscrete (9-conductor) or Serial (FS Convergence Network)CertificationsNFPA 1900, GSA KKK-A-1822F, CCR Title 13, IP65Available FunctionsFront flood, rear flood, alley lights, work lights, takedowns, S/T/T, SignalMaster®ServiceRooftop-serviceable without removalWarrantyFive years</p>
<p>Contact us or log into your department account to confirm the right configuration and wiring type for your vehicle.</p>
<h3>Ordering from TFR Supply</h3>
<p>TFR Supply is an authorized Federal Signal dealer serving Texas law enforcement, fire, and EMS agencies. Every order ships direct to your location — no middleman, no inventory delays. Government and department accounts receive tax-exempt checkout and agency pricing. Need installation? Our sister company Texas First Response Services provides professional upfit services across Texas. Create a department account or reach out directly to get started.</p>",Federal Signal,Vehicles & Parts > Vehicle Parts & Accessories > Motor Vehicle Parts > Motor Vehicle Lighting > Light Bars,Emergency Vehicle Light Bars,"Application_Fire EMS, Application_Law Enforcement, Application_Tow, Brand_Federal Signal, Category_Emergency Vehicle Equipment, Category_Light Bar, Family_Allegiant, Length_53, Product_Light Bar, Technology_LED, Use_Fleet Upfitting, Use_Law Enforcement, Use_Public Safety",true,Model,ALGT53D-AMBR1FC,,Length,"53""",,Color,Amber,,ALGT53D-AMBR1FC,0.0,shopify,0,continue,manual,3290.00,3290.00,true,true,,,,,,https://cdn.shopify.com/s/files/1/0725/9330/9807/files/Aallegiant-max-serial-light-bar_Z8653101D-GRY_Z8653103C-GRY_domes__installed_Gray__408790-576x576_png.webp?v=1780422952,1,"Allegiant® Light Bar - 21"" product image for TFR Supply emergency vehicle upfitting",false,"Allegiant Light Bar 53"" | Federal Signal LED Light Bar | TFRSupply","Shop the Federal Signal Allegiant Light Bar 53"" LED light bar at TFRSupply. Authorized distributor.",Vehicles & Parts > Vehicle Parts & Accessories > Motor Vehicle Parts > Motor Vehicle Lighting > Light Bars,,,ALGT53D-AMBR1FC,new,FALSE,,,,,,"Shop the Federal Signal Allegiant Light Bar 53"" LED light bar at TFRSupply. Authorized distributor.","Allegiant Light Bar 53"" | Federal Signal LED Light Bar | TFRSupply",new,FALSE,Vehicles & Parts > Vehicle Parts & Accessories > Motor Vehicle Parts > Motor Vehicle Lighting > Light Bars,red; white; blue; amber; green,led,,https://cdn.shopify.com/s/files/1/0725/9330/9807/files/allegiant-max-serial-light-bar_Z8653101D-02_Z8653103C-02_domes__installed_Amber__408790-576x576_png.webp?v=1780422952,lb,,,active
allegiant-light-bar-53,,,,,,,,,ALGT53D-AMBR1HC,,,"53""",,,Amber,,ALGT53D-AMBR1HC,0.0,shopify,0,continue,manual,3290.00,3290.00,true,true,,,,,,https://cdn.shopify.com/s/files/1/0725/9330/9807/files/allegiant-max-serial-light-bar_group_-576x576_jpg.webp?v=1780422952,2,"Allegiant® Light Bar - 21"" product image for TFR Supply emergency vehicle upfitting",,,,,,,,,,,,,,,,,,,,,,,https://cdn.shopify.com/s/files/1/0725/9330/9807/files/allegiant-max-serial-light-bar_Z8653101D-02_Z8653103C-02_domes__installed_Amber__408790-576x576_png.webp?v=1780422952,lb,,,
allegiant-light-bar-53,,,,,,,,,ALGT53H-AMBR1HC,,,"53""",,,Amber,,ALGT53H-AMBR1HC,0.0,shopify,0,continue,manual,2379.00,2379.00,true,true,,,,,,https://cdn.shopify.com/s/files/1/0725/9330/9807/files/allegiant-max-serial-light-bar_MainCatImage-900x600_jpg.webp?v=1780422952,3,"Allegiant® Light Bar - 21"" product image for TFR Supply emergency vehicle upfitting",,,,,,,,,,,,,,,,,,,,,,,https://cdn.shopify.com/s/files/1/0725/9330/9807/files/allegiant-max-serial-light-bar_Z8653101D-02_Z8653103C-02_domes__installed_Amber__408790-576x576_png.webp?v=1780422952,lb,,,
allegiant-light-bar-53,,,,,,,,,ALGT53H-AMBR1FC,,,"53""",,,Amber,,ALGT53H-AMBR1FC,0.0,shopify,0,continue,manual,2379.00,2379.00,true,true,,,,,,https://cdn.shopify.com/s/files/1/0725/9330/9807/files/allegiant-max-serial-light-bar_red_-576x576_png.webp?v=1780422952,4,"Allegiant® Light Bar - 21"" product image for TFR Supply emergency vehicle upfitting",,,,,,,,,,,,,,,,,,,,,,,https://cdn.shopify.com/s/files/1/0725/9330/9807/files/allegiant-max-serial-light-bar_Z8653101D-02_Z8653103C-02_domes__installed_Amber__408790-576x576_png.webp?v=1780422952,lb,,,
allegiant-light-bar-53,,,,,,,,,ALGT53H-TOW2FC,,,"53""",,,Amber,,ALGT53H-TOW2FC,0.0,shopify,0,continue,manual,2379.00,2379.00,true,true,,,,,,https://cdn.shopify.com/s/files/1/0725/9330/9807/files/allegiant-max-serial-light-bar_ROCboards_408790-576x576_png.webp?v=1780422952,5,"Allegiant® Light Bar - 21"" product image for TFR Supply emergency vehicle upfitting",,,,,,,,,,,,,,,,,,,,,,,https://cdn.shopify.com/s/files/1/0725/9330/9807/files/allegiant-max-serial-light-bar_Z8653101D-02_Z8653103C-02_domes__installed_Amber__408790-576x576_png.webp?v=1780422952,lb,,,
allegiant-light-bar-53,,,,,,,,,ALGT53JX-AMBR3H6C,,,"53""",,,Amber-White,,ALGT53JX-AMBR3H6C,0.0,shopify,0,continue,manual,3880.00,3880.00,true,true,,,,,,https://cdn.shopify.com/s/files/1/0725/9330/9807/files/allegiant-max-serial-light-bar_WorkLight2-576x576_jpg.webp?v=1780422952,6,"Allegiant® Light Bar - 21"" product image for TFR Supply emergency vehicle upfitting",,,,,,,,,,,,,,,,,,,,,,,https://cdn.shopify.com/s/files/1/0725/9330/9807/files/allegiant-max-serial-light-bar_Z8653101D_Z8653103C_domes__installed_Clear__408790-576x576_png.webp?v=1780422952,lb,,,
allegiant-light-bar-53,,,,,,,,,ALGT53JX-AMBR3F6C,,,"53""",,,Amber-White,,ALGT53JX-AMBR3F6C,0.0,shopify,0,continue,manual,3880.00,3880.00,true,true,,,,,,https://cdn.shopify.com/s/files/1/0725/9330/9807/files/allegiant-max-serial-light-bar_Z8653101D_Z8653103C_domes__installed_Clear__408790-576x576_png.webp?v=1780422952,7,"Allegiant® Light Bar - 45"" product image for TFR Supply emergency vehicle upfitting",,,,,,,,,,,,,,,,,,,,,,,https://cdn.shopify.com/s/files/1/0725/9330/9807/files/allegiant-max-serial-light-bar_Z8653101D_Z8653103C_domes__installed_Clear__408790-576x576_png.webp?v=1780422952,lb,,,
allegiant-light-bar-53,,,,,,,,,ALGT53JX-ABWH6,,,"53""",,,Amber-Blue,,ALGT53JX-ABWH6,0.0,shopify,0,continue,manual,4086.00,4086.00,true,true,,,,,,https://cdn.shopify.com/s/files/1/0725/9330/9807/files/allegiant-max-serial-light-bar_Z8653101D-02_Z8653103C-02_domes__installed_Amber__408790-576x576_png.webp?v=1780422952,8,"Allegiant® Light Bar - 45"" product image for TFR Supply emergency vehicle upfitting",,,,,,,,,,,,,,,,,,,,,,,https://cdn.shopify.com/s/files/1/0725/9330/9807/files/allegiant-max-serial-light-bar_Z8653101D-03_Z8653103C-03_domes__installed_Blue__408790-576x576_png.webp?v=1780422952,lb,,,
allegiant-light-bar-53,,,,,,,,,ALGT53JX-ABWF6,,,"53""",,,Amber-Blue,,ALGT53JX-ABWF6,0.0,shopify,0,continue,manual,4086.00,4086.00,true,true,,,,,,https://cdn.shopify.com/s/files/1/0725/9330/9807/files/allegiant-max-serial-light-bar_Z8653101D-03_Z8653103C-03_domes__installed_Blue__408790-576x576_png.webp?v=1780422952,9,"Allegiant® Light Bar - 45"" product image for TFR Supply emergency vehicle upfitting",,,,,,,,,,,,,,,,,,,,,,,https://cdn.shopify.com/s/files/1/0725/9330/9807/files/allegiant-max-serial-light-bar_Z8653101D-03_Z8653103C-03_domes__installed_Blue__408790-576x576_png.webp?v=1780422952,lb,,,
allegiant-light-bar-53,,,,,,,,,ALGT53JX-AGWH6,,,"53""",,,Amber-Green,,ALGT53JX-AGWH6,0.0,shopify,0,continue,manual,4086.00,4086.00,true,true,,,,,,https://cdn.shopify.com/s/files/1/0725/9330/9807/files/allegiant-max-serial-light-bar-takedown-576x576_jpg.webp?v=1780422952,10,"Allegiant® Light Bar - 45"" product image for TFR Supply emergency vehicle upfitting",,,,,,,,,,,,,,,,,,,,,,,,lb,,,
allegiant-light-bar-53,,,,,,,,,ALGT53JX-AGWF6,,,"53""",,,Amber-Green,,ALGT53JX-AGWF6,0.0,shopify,0,continue,manual,4086.00,4086.00,true,true,,,,,,https://cdn.shopify.com/s/files/1/0725/9330/9807/files/allegiant-max-serial-light-barZ8653101D-01_Z8653103C-01_domes__installed_Black__408790-576x576_png.webp?v=1780422952,11,"Allegiant® Light Bar - 45"" product image for TFR Supply emergency vehicle upfitting",,,,,,,,,,,,,,,,,,,,,,,,lb,,,
allegiant-light-bar-53,,,,,,,,,ALGT53JX-F1LR,,,"53""",,,Amber-Red-White,,ALGT53JX-F1LR,0.0,shopify,0,continue,manual,3907.00,3907.00,true,true,,,,,,https://cdn.shopify.com/s/files/1/0725/9330/9807/files/allegiant-21-inch-mini-light-bar_hero_-576x576_jpg.webp?v=1780425215,12,"Allegiant® Light Bar - 45"" product image for TFR Supply emergency vehicle upfitting",,,,,,,,,,,,,,,,,,,,,,,,lb,,,
allegiant-light-bar-53,,,,,,,,,ALGT53JX-F3LC,,,"53""",,,Amber-Blue-White,,ALGT53JX-F3LC,0.0,shopify,0,continue,manual,3907.00,3907.00,true,true,,,,,,https://cdn.shopify.com/s/files/1/0725/9330/9807/files/allegiant-21-inch-mini-light-bar_hero2_-576x576_jpg.webp?v=1780425215,13,"",,,,,,,,,,,,,,,,,,,,,,,,lb,,,
allegiant-light-bar-53,,,,,,,,,ALGT53XC-NFPA2,,,"53""",,,Red-White,,ALGT53XC-NFPA2,0.0,shopify,0,continue,manual,3572.00,3572.00,true,true,,,,,,https://cdn.shopify.com/s/files/1/0725/9330/9807/files/allegiant-21-inch-mini-light-bar_redheroe-576x576_jpg.webp?v=1780425215,14,"",,,,,,,,,,,,,,,,,,,,,,,,lb,,,
allegiant-light-bar-53,,,,,,,,,ALGT53JX-P1LC,,,"53""",,,Red-Blue-White,,ALGT53JX-P1LC,0.0,shopify,0,continue,manual,3392.00,3392.00,true,true,,,,,,https://cdn.shopify.com/s/files/1/0725/9330/9807/files/allegiant-21-inch-mini-light-bar_redtakedown-576x576_jpg.webp?v=1780425215,15,"",,,,,,,,,,,,,,,,,,,,,,,,lb,,,
allegiant-light-bar-53,,,,,,,,,ALGT53JX-P3LB,,,"53""",,,Red-Blue-White,,ALGT53JX-P3LB,0.0,shopify,0,continue,manual,3907.00,3907.00,true,true,,,,,,https://cdn.shopify.com/s/files/1/0725/9330/9807/files/allegiant-21-inch-mini-light-barALGT21-menu-576x576.png?v=1781063131,16,"Allegiant® Light Bar - 53"" product image for TFR Supply emergency vehicle upfitting",,,,,,,,,,,,,,,,,,,,,,,,lb,,,
allegiant-light-bar-53,,,,,,,,,ALGT53JX-P3LC,,,"53""",,,Red-Blue-White,,ALGT53JX-P3LC,0.0,shopify,0,continue,manual,3907.00,3907.00,true,true,,,,,,https://cdn.shopify.com/s/files/1/0725/9330/9807/files/allegiant-21-inch-mini-light-bar-hero2_-1-900x600.jpg?v=1781063131,17,"Allegiant® Light Bar - 53"" product image for TFR Supply emergency vehicle upfitting",,,,,,,,,,,,,,,,,,,,,,,,lb,,,
allegiant-light-bar-53,,,,,,,,,ALGT53JX-P4LC,,,"53""",,,Red-Blue-White,,ALGT53JX-P4LC,0.0,shopify,0,continue,manual,3907.00,3907.00,true,true,,,,,,,,,,,,,,,,,,,,,,,,,,,,,,,,lb,,,
allegiant-light-bar-53,,,,,,,,,ALGT53JX-P2LC,,,"53""",,,Blue-White,,ALGT53JX-P2LC,0.0,shopify,0,continue,manual,3392.00,3392.00,true,true,,,,,,,,,,,,,,,,,,,,,,,,,,,,,,,https://cdn.shopify.com/s/files/1/0725/9330/9807/files/allegiant-max-serial-light-bar_Z8653101D-03_Z8653103C-03_domes__installed_Blue__408790-576x576_png.webp?v=1780422952,lb,,,
allegiant-light-bar-53,,,,,,,,,ALGT53JX-F2LC,,,"53""",,,Green-Red-White,,ALGT53JX-F2LC,0.0,shopify,0,continue,manual,3907.00,3907.00,true,true,,,,,,,,,,,,,,,,,,,,,,,,,,,,,,,,lb,,,
allegiant-light-bar-53,,,,,,,,,ALGT53JX-F4LC,,,"53""",,,See Description,,ALGT53JX-F4LC,0.0,shopify,0,continue,manual,3907.00,3907.00,true,true,,,,,,,,,,,,,,,,,,,,,,,,,,,,,,,,lb,,,
allegiant-light-bar-45,"Allegiant® Light Bar - 45""","<h2>Federal Signal Allegiant® Max — 45"" Full-Size Lightbar</h2>
<ul>
<li>The Allegiant® Max 45"" is the most patrol-optimized full-size bar in the Allegiant Max lineup — bringing Federal Signal's latest generation multi-color LED platform to the size that fits pursuit vehicles, compact SUVs, and smaller apparatus cleanly and efficiently. Available in both Discrete and Serial configurations, the 45"" delivers the complete Allegiant Max feature set at the entry point of the full-size range.</li>
</ul>
<p>For departments standardizing on the Allegiant Max platform across a mixed fleet, the 45"" anchors the patrol vehicle end of the lineup the same way the 94"" anchors the heavy apparatus end.</p>
<h3>Why departments choose the Allegiant Max 45""</h3>
<ul>
<li>The most patrol-compatible Allegiant Max size → fits Ford PIU, Tahoe PPV, Dodge Durango Pursuit, Silverado SSV, and smaller apparatus without clearance or aesthetic compromise, while delivering the full Allegiant Max feature set</li>
<li>Available in both Discrete and Serial control → match existing vehicle wiring or connect to the FS Convergence Network for fleet-wide GPS-synchronized programming across multiple patrol vehicles simultaneously</li>
<li>SpectraLux® tri-color per module → Amber, Blue, Green, Red, and White with up to three colors per module — a single bar covers patrol warning, traffic direction, scene lighting, and takedown functions without additional hardware</li>
<li>GPS-synchronized fleet programming (Serial) → synchronized programming across multiple patrol vehicles using GPS, ideal for large law enforcement fleets standardizing on a single bar</li>
<li>Solaris® reflector technology → enhanced off-axis warning output with no dark spots, delivering consistent coverage on high-speed patrol and intersection approach</li>
<li>SignalMaster® directional warning → integrated traffic direction without a separate controller or mount</li>
<li>Full lighting suite → front flood, rear flood, alley lights, work lights, takedowns, and stop/tail/turn all available</li>
<li>Low-power mode → protects patrol vehicle battery and alternator during extended traffic stops and long idle periods</li>
<li>Easy rooftop service → field-serviceable without bar removal, important for high-rotation patrol fleet maintenance</li>
<li>30 flash patterns</li>
<li>NFPA 1900, GSA KKK-A-1822F, CCR Title 13, IP65 rated</li>
<li>Five-year manufacturer warranty</li>
</ul>
<h3>Technical Specs</h3>
<p>Length45 inInput Voltage12 VDCFlash Patterns30LED ColorsAmber, Blue, Green, Red, White — tri-color per moduleControl TypeDiscrete (9-conductor) or Serial (FS Convergence Network)CertificationsNFPA 1900, GSA KKK-A-1822F, CCR Title 13, IP65Available FunctionsFront flood, rear flood, alley lights, work lights, takedowns, S/T/T, SignalMaster®ServiceRooftop-serviceable without removalWarrantyFive years</p>
<p>Contact us or log into your department account to confirm the right configuration and wiring type for your vehicle.</p>
<h3>Ordering from TFR Supply</h3>
<p>TFR Supply is an authorized Federal Signal dealer serving Texas law enforcement, fire, and EMS agencies. Every order ships direct to your location — no middleman, no inventory delays. Government and department accounts receive tax-exempt checkout and agency pricing. Need installation? Our sister company Texas First Response Services provides professional upfit services across Texas. Create a department account or reach out directly to get started.</p>
<p>That completes the full Allegiant Max Discrete lineup from 45"" through 94"". You now have descriptions for every size across three complete Federal Signal lightbar families — Vision SLR, Navigator, and Allegiant Max.</p>
<p>One observation worth flagging: you've now built out a serious product catalog foundation. When Blake gets the pricing data from Federal Signal, the descriptions are ready to go — you'd just be dropping in SKUs and your marked-up pricing. That's a much better position than most new stores are in at this stage.</p>
<p>Want to move to a different product category — sirens, controllers, interior lights — or do you want to work on a different part of the store build?You said: 21""21""Jun 2Claude responded: Already have everything I need from the earlier research.Already have everything I need from the earlier research. Here's the description:</p>",Federal Signal,Vehicles & Parts > Vehicle Parts & Accessories > Motor Vehicle Parts > Motor Vehicle Lighting > Light Bars,Emergency Vehicle Light Bars,"Application_Fire EMS, Application_Law Enforcement, Application_Tow, Brand_Federal Signal, Category_Emergency Vehicle Equipment, Category_Light Bar, Family_Allegiant, Length_45, Product_Light Bar, Technology_LED, Use_Fleet Upfitting, Use_Law Enforcement, Use_Public Safety",true,Model,ALGT45D-AMBR1HC,,Length,"45""",,Color,Amber,,ALGT45D-AMBR1HC,0.0,shopify,0,continue,manual,3047.00,3047.00,true,true,,,,,,https://cdn.shopify.com/s/files/1/0725/9330/9807/files/Aallegiant-max-serial-light-bar_Z8653101D-GRY_Z8653103C-GRY_domes__installed_Gray__408790-576x576_png.webp?v=1780422952,1,"Allegiant® Light Bar - 21"" product image for TFR Supply emergency vehicle upfitting",false,"Allegiant Light Bar 45"" | Federal Signal LED Light Bar | TFRSupply","Shop the Federal Signal Allegiant Light Bar 45"" LED light bar at TFRSupply. Authorized distributor.",Vehicles & Parts > Vehicle Parts & Accessories > Motor Vehicle Parts > Motor Vehicle Lighting > Light Bars,,,ALGT45D-AMBR1HC,new,FALSE,,,,,,"Shop the Federal Signal Allegiant Light Bar 45"" LED light bar at TFRSupply. Authorized distributor.","Allegiant Light Bar 45"" | Federal Signal LED Light Bar | TFRSupply",new,FALSE,Vehicles & Parts > Vehicle Parts & Accessories > Motor Vehicle Parts > Motor Vehicle Lighting > Light Bars,,,,https://cdn.shopify.com/s/files/1/0725/9330/9807/files/allegiant-max-serial-light-bar_Z8653101D-02_Z8653103C-02_domes__installed_Amber__408790-576x576_png.webp?v=1780422952,lb,,,active
allegiant-light-bar-45,,,,,,,,,ALGT45H-AMBR1HC,,,"45""",,,Amber,,ALGT45H-AMBR1HC,0.0,shopify,0,continue,manual,1947.00,1947.00,true,true,,,,,,https://cdn.shopify.com/s/files/1/0725/9330/9807/files/allegiant-max-serial-light-bar_group_-576x576_jpg.webp?v=1780422952,2,"Allegiant® Light Bar - 21"" product image for TFR Supply emergency vehicle upfitting",,,,,,,,,,,,,,,,,,,,,,,https://cdn.shopify.com/s/files/1/0725/9330/9807/files/allegiant-max-serial-light-bar_Z8653101D-02_Z8653103C-02_domes__installed_Amber__408790-576x576_png.webp?v=1780422952,lb,,,
allegiant-light-bar-45,,,,,,,,,ALGT45JX-AMBRFMC,,,"45""",,,Amber,,ALGT45JX-AMBRFMC,0.0,shopify,0,continue,manual,3090.00,3090.00,true,true,,,,,,https://cdn.shopify.com/s/files/1/0725/9330/9807/files/allegiant-max-serial-light-bar_MainCatImage-900x600_jpg.webp?v=1780422952,3,"Allegiant® Light Bar - 21"" product image for TFR Supply emergency vehicle upfitting",,,,,,,,,,,,,,,,,,,,,,,https://cdn.shopify.com/s/files/1/0725/9330/9807/files/allegiant-max-serial-light-bar_Z8653101D-02_Z8653103C-02_domes__installed_Amber__408790-576x576_png.webp?v=1780422952,lb,,,
allegiant-light-bar-45,,,,,,,,,ALGT45H-AMBR1FC,,,"45""",,,Amber,,ALGT45H-AMBR1FC,0.0,shopify,0,continue,manual,1947.00,1947.00,true,true,,,,,,https://cdn.shopify.com/s/files/1/0725/9330/9807/files/allegiant-max-serial-light-bar_red_-576x576_png.webp?v=1780422952,4,"Allegiant® Light Bar - 21"" product image for TFR Supply emergency vehicle upfitting",,,,,,,,,,,,,,,,,,,,,,,https://cdn.shopify.com/s/files/1/0725/9330/9807/files/allegiant-max-serial-light-bar_Z8653101D-02_Z8653103C-02_domes__installed_Amber__408790-576x576_png.webp?v=1780422952,lb,,,
allegiant-light-bar-45,,,,,,,,,ALGT45JX-AMBR3H6C,,,"45""",,,Amber-White,,ALGT45JX-AMBR3H6C,0.0,shopify,0,continue,manual,3594.00,3594.00,true,true,,,,,,https://cdn.shopify.com/s/files/1/0725/9330/9807/files/allegiant-max-serial-light-bar_ROCboards_408790-576x576_png.webp?v=1780422952,5,"Allegiant® Light Bar - 21"" product image for TFR Supply emergency vehicle upfitting",,,,,,,,,,,,,,,,,,,,,,,,lb,,,
allegiant-light-bar-45,,,,,,,,,ALGT45JX-F1LR,,,"45""",,,Amber-Red-White,,ALGT45JX-F1LR,0.0,shopify,0,continue,manual,3624.00,3624.00,true,true,,,,,,https://cdn.shopify.com/s/files/1/0725/9330/9807/files/allegiant-max-serial-light-bar_WorkLight2-576x576_jpg.webp?v=1780422952,6,"Allegiant® Light Bar - 21"" product image for TFR Supply emergency vehicle upfitting",,,,,,,,,,,,,,,,,,,,,,,,lb,,,
allegiant-light-bar-45,,,,,,,,,ALGT45JX-F3LC,,,"45""",,,Amber-Blue-White,,ALGT45JX-F3LC,0.0,shopify,0,continue,manual,3624.00,3624.00,true,true,,,,,,https://cdn.shopify.com/s/files/1/0725/9330/9807/files/allegiant-max-serial-light-bar_Z8653101D_Z8653103C_domes__installed_Clear__408790-576x576_png.webp?v=1780422952,7,"Allegiant® Light Bar - 45"" product image for TFR Supply emergency vehicle upfitting",,,,,,,,,,,,,,,,,,,,,,,,lb,,,
allegiant-light-bar-45,,,,,,,,,ALGT45JX-P1LC,,,"45""",,,Red-Blue-White,,ALGT45JX-P1LC,0.0,shopify,0,continue,manual,3109.00,3109.00,true,true,,,,,,https://cdn.shopify.com/s/files/1/0725/9330/9807/files/allegiant-max-serial-light-bar_Z8653101D-02_Z8653103C-02_domes__installed_Amber__408790-576x576_png.webp?v=1780422952,8,"Allegiant® Light Bar - 45"" product image for TFR Supply emergency vehicle upfitting",,,,,,,,,,,,,,,,,,,,,,,,lb,,,
allegiant-light-bar-45,,,,,,,,,ALGT45JX-P3LC,,,"45""",,,Red-Blue-White,,ALGT45JX-P3LC,0.0,shopify,0,continue,manual,3624.00,3624.00,true,true,,,,,,https://cdn.shopify.com/s/files/1/0725/9330/9807/files/allegiant-max-serial-light-bar_Z8653101D-03_Z8653103C-03_domes__installed_Blue__408790-576x576_png.webp?v=1780422952,9,"Allegiant® Light Bar - 45"" product image for TFR Supply emergency vehicle upfitting",,,,,,,,,,,,,,,,,,,,,,,,lb,,,
allegiant-light-bar-45,,,,,,,,,ALGT45JX-P2LC,,,"45""",,,Blue-White,,ALGT45JX-P2LC,0.0,shopify,0,continue,manual,3109.00,3109.00,true,true,,,,,,https://cdn.shopify.com/s/files/1/0725/9330/9807/files/allegiant-max-serial-light-bar-takedown-576x576_jpg.webp?v=1780422952,10,"Allegiant® Light Bar - 45"" product image for TFR Supply emergency vehicle upfitting",,,,,,,,,,,,,,,,,,,,,,,https://cdn.shopify.com/s/files/1/0725/9330/9807/files/allegiant-max-serial-light-bar_Z8653101D-03_Z8653103C-03_domes__installed_Blue__408790-576x576_png.webp?v=1780422952,lb,,,
allegiant-light-bar-45,,,,,,,,,ALGT45JX-F2LC,,,"45""",,,Green-Red-White,,ALGT45JX-F2LC,0.0,shopify,0,continue,manual,3624.00,3624.00,true,true,,,,,,https://cdn.shopify.com/s/files/1/0725/9330/9807/files/allegiant-max-serial-light-barZ8653101D-01_Z8653103C-01_domes__installed_Black__408790-576x576_png.webp?v=1780422952,11,"Allegiant® Light Bar - 45"" product image for TFR Supply emergency vehicle upfitting",,,,,,,,,,,,,,,,,,,,,,,,lb,,,
allegiant-light-bar-45,,,,,,,,,ALGT45JX-P4LC,,,"45""",,,See Description,,ALGT45JX-P4LC,0.0,shopify,0,continue,manual,3624.00,3624.00,true,true,,,,,,https://cdn.shopify.com/s/files/1/0725/9330/9807/files/allegiant-21-inch-mini-light-bar_hero_-576x576_jpg.webp?v=1780425215,12,"Allegiant® Light Bar - 45"" product image for TFR Supply emergency vehicle upfitting",,,,,,,,,,,,,,,,,,,,,,,,lb,,,
allegiant-light-bar-45,,,,,,,,,ALGT45JX-F4LC,,,"45""",,,See Description,,ALGT45JX-F4LC,0.0,shopify,0,continue,manual,3624.00,3624.00,true,true,,,,,,https://cdn.shopify.com/s/files/1/0725/9330/9807/files/allegiant-21-inch-mini-light-bar_hero2_-576x576_jpg.webp?v=1780425215,13,"",,,,,,,,,,,,,,,,,,,,,,,,lb,,,
allegiant-light-bar-21,"Allegiant® Max Light Bar - 21""","<h2>Federal Signal Allegiant® Max — 21"" Mini Lightbar</h2>
<ul>
<li>The Allegiant® Max 21"" is Federal Signal's most compact full-featured mini lightbar — delivering the complete Allegiant Max platform in a size purpose-built for motorcycles, bicycles, supervisor vehicles, unmarked units, and any platform where a full-size bar isn't an option but professional-grade warning output still is. At 21 inches, this is the smallest bar in the Allegiant Max family and one of the most capable mini bars Federal Signal makes.</li>
</ul>
<p>Don't let the size fool you — the 21"" Allegiant Max carries the same Solaris® reflector technology, SpectraLux® multicolor capability, and ROC reliability as every bar above it in the lineup.</p>
<h3>Why departments choose the Allegiant Max 21""</h3>
<ul>
<li>The smallest Allegiant Max — built for platforms full-size bars can't fit → motorcycles, bicycles, compact unmarked units, supervisor vehicles, and secondary warning positions on large apparatus where a mini bar supplements the primary roofline bar</li>
<li>Solaris® LED reflector technology → engineered to significantly increase off-axis warning and maximize the LED light source to eliminate dark spots and increase visibility — the same optical standard as full-size Allegiant Max bars, not a stripped-down compact variant Federal Signal</li>
<li>ROC (Reliable Onboard Circuitry™) → wires, connectors, and assemblies replaced by PCB assemblies, reducing labor repair time and increasing road time — the same failure-reducing technology as the full lineup built into the smallest bar Federal Signal</li>
<li>29 selectable flash patterns with low-power mode → more programmability than most competing mini bars on the market, adaptable across every operational scenario without reprogramming the entire unit Federal Signal</li>
<li>SpectraLux® multicolor capability → dual-color LED combinations covering law enforcement, fire, EMS, and supervisor applications across your compact vehicle fleet</li>
<li>Configurable specifically to fit your needs → pre-configured models available with options to match your exact operational and compliance requirements Federal Signal</li>
<li>Integrated controller board → the 21"" Allegiant has an integrated controller board, simplifying installation on compact platforms where space for a separate controller is limited or unavailable Federal Signal</li>
<li>Seven-conductor cable → the 21"" uses a seven-conductor cable — a simpler, lighter wiring package suited to the smaller vehicles this bar is designed for Federal Signal</li>
<li>Five-year manufacturer warranty → Federal Signal's full standard warranty on the smallest bar in the family</li>
</ul>
<h3>Technical Specs</h3>
<p>Length21 inInput Voltage12 VDCFlash Patterns29ControlIntegrated controller boardWiring7-conductor cableLED ColorsDual-color combinations — Red, Blue, Amber, White, GreenTechnologySolaris® reflector, ROC, SpectraLux® multicolorCertificationsConfirm with Federal Signal data feedWarrantyFive years</p>
<p>Contact us or log into your department account to confirm the right color configuration and SKU for your vehicle.</p>
<h3>Ordering from TFR Supply</h3>
<p>TFR Supply is an authorized Federal Signal dealer serving Texas law enforcement, fire, and EMS agencies. Every order ships direct to your location — no middleman, no inventory delays. Government and department accounts receive tax-exempt checkout and agency pricing. Need installation? Our sister company Texas First Response Services provides professional upfit services across Texas. Create a department account or reach out directly to get started.</p>
<p>Quick note on the certifications row — the 21"" Federal Signal page didn't list specific approval certifications in the data I pulled. Flag that one when Blake gets the product data feed so you can fill it in accurately before the page goes live.</p>
<p>Want to keep going with more product descriptions, or shift to a different part of the store build?You said: valorvalorJun 2Claude responded: On it.On it.Searched the webSearched the webGot everything including the full SKU table. Here's the description:</p>",Federal Signal,Vehicles & Parts > Vehicle Parts & Accessories > Motor Vehicle Parts > Motor Vehicle Lighting > Light Bars,Emergency Vehicle Light Bars,"Application_Fire EMS, Application_Law Enforcement, Application_Tow, Brand_Federal Signal, Category_Emergency Vehicle Equipment, Category_Light Bar, Family_Allegiant, Length_21, Product_Light Bar, Technology_LED, Use_Fleet Upfitting, Use_Law Enforcement, Use_Public Safety",true,Model,ALGT21D-NFPA22,,Length,"21""",,Color,Red,,ALGT21D-NFPA22,0.0,shopify,0,continue,manual,1225.00,1225.00,true,true,,,,,,https://cdn.shopify.com/s/files/1/0725/9330/9807/files/Aallegiant-max-serial-light-bar_Z8653101D-GRY_Z8653103C-GRY_domes__installed_Gray__408790-576x576_png.webp?v=1780422952,1,"Allegiant® Light Bar - 21"" product image for TFR Supply emergency vehicle upfitting",false,"Allegiant Light Bar 21"" | Federal Signal LED Light Bar | TFRSupply","Shop the Federal Signal Allegiant Light Bar 21"" LED light bar at TFRSupply. Authorized distributor.",Vehicles & Parts > Vehicle Parts & Accessories > Motor Vehicle Parts > Motor Vehicle Lighting > Light Bars,,,ALGT21D-NFPA22,new,FALSE,,,,,,"Shop the Federal Signal Allegiant Light Bar 21"" LED light bar at TFRSupply. Authorized distributor.","Allegiant Light Bar 21"" | Federal Signal LED Light Bar | TFRSupply",new,FALSE,Vehicles & Parts > Vehicle Parts & Accessories > Motor Vehicle Parts > Motor Vehicle Lighting > Light Bars,,,,,lb,,,active
allegiant-light-bar-21,,,,,,,,,ALGT21D-FIRE1,,,"21""",,,Red-White,,ALGT21D-FIRE1,0.0,shopify,0,continue,manual,1285.00,1285.00,true,true,,,,,,https://cdn.shopify.com/s/files/1/0725/9330/9807/files/allegiant-max-serial-light-bar_group_-576x576_jpg.webp?v=1780422952,2,"Allegiant® Light Bar - 21"" product image for TFR Supply emergency vehicle upfitting",,,,,,,,,,,,,,,,,,,,,,,,lb,,,
allegiant-light-bar-21,,,,,,,,,ALGT21D-NFPA20D,,,"21""",,,Red-White,,ALGT21D-NFPA20D,0.0,shopify,0,continue,manual,1220.00,1220.00,true,true,,,,,,https://cdn.shopify.com/s/files/1/0725/9330/9807/files/allegiant-max-serial-light-bar_MainCatImage-900x600_jpg.webp?v=1780422952,3,"Allegiant® Light Bar - 21"" product image for TFR Supply emergency vehicle upfitting",,,,,,,,,,,,,,,,,,,,,,,,lb,,,
allegiant-light-bar-21,,,,,,,,,ALGT21D-NFPA20P,,,"21""",,,Red-White,,ALGT21D-NFPA20P,0.0,shopify,0,continue,manual,1220.00,1220.00,true,true,,,,,,https://cdn.shopify.com/s/files/1/0725/9330/9807/files/allegiant-max-serial-light-bar_red_-576x576_png.webp?v=1780422952,4,"Allegiant® Light Bar - 21"" product image for TFR Supply emergency vehicle upfitting",,,,,,,,,,,,,,,,,,,,,,,,lb,,,
allegiant-light-bar-21,,,,,,,,,ALGT21D-NFPA21,,,"21""",,,Red-White,,ALGT21D-NFPA21,0.0,shopify,0,continue,manual,1225.00,1225.00,true,true,,,,,,https://cdn.shopify.com/s/files/1/0725/9330/9807/files/allegiant-max-serial-light-bar_ROCboards_408790-576x576_png.webp?v=1780422952,5,"Allegiant® Light Bar - 21"" product image for TFR Supply emergency vehicle upfitting",,,,,,,,,,,,,,,,,,,,,,,,lb,,,
allegiant-light-bar-21,,,,,,,,,ALGT21J-FIRE1,,,"21""",,,Red-White,,ALGT21J-FIRE1,0.0,shopify,0,continue,manual,1069.00,1069.00,true,true,,,,,,https://cdn.shopify.com/s/files/1/0725/9330/9807/files/allegiant-max-serial-light-bar_WorkLight2-576x576_jpg.webp?v=1780422952,6,"Allegiant® Light Bar - 21"" product image for TFR Supply emergency vehicle upfitting",,,,,,,,,,,,,,,,,,,,,,,,lb,,,
allegiant-light-bar-21,,,,,,,,,,,,,,,,,,,,,,,,,,,,,,,,https://cdn.shopify.com/s/files/1/0725/9330/9807/files/allegiant-21-inch-mini-light-bar_redheroe-576x576_jpg.webp?v=1780425215,7,"",,,,,,,,,,,,,,,,,,,,,,,,,,,
allegiant-light-bar-21,,,,,,,,,,,,,,,,,,,,,,,,,,,,,,,,https://cdn.shopify.com/s/files/1/0725/9330/9807/files/allegiant-21-inch-mini-light-bar_redtakedown-576x576_jpg.webp?v=1780425215,8,"",,,,,,,,,,,,,,,,,,,,,,,,,,,
allegiant-light-bar-21,,,,,,,,,,,,,,,,,,,,,,,,,,,,,,,,https://cdn.shopify.com/s/files/1/0725/9330/9807/files/allegiant-21-inch-mini-light-bar_hero2_-576x576_jpg.webp?v=1780425215,9,"",,,,,,,,,,,,,,,,,,,,,,,,,,,
valor-light-bar-51,"Valor® Light Bar - 51""","<h2>Federal Signal Valor® — Low-Profile Non-Linear LED Lightbar (51"")</h2>
<ul>
<li>The Valor® is Federal Signal's most distinctive low-profile lightbar — and the only bar in the lineup built around a V-shape non-linear design that physically changes how light reaches the road. At under 2 inches tall, it sits nearly flush with the roofline while delivering 360-degree output and superior intersection-angle warning that flat linear bars at the same height cannot match. Available in law enforcement, fire/EMS, and work truck configurations across 44"" and 51"" lengths, the Valor covers more applications in a single product family than any other bar Federal Signal makes at this profile height.</li>
</ul>
<p>For departments and fleets that want maximum performance, a distinctive appearance, and full tactical lighting capability in the lowest-profile package available — this is the bar.</p>
<h3>Why departments and fleets choose the Valor</h3>
<ul>
<li>V-shape non-linear design → delivers true 360-degree output and superior off-axis warning at critical intersection angles that linear bars at the same height cannot physically replicate — the shape itself is a core performance feature, not just aesthetics</li>
<li>Under 2"" tall → one of the lowest-profile full-featured lightbars on the market, delivering full warning output while maintaining the clean roofline look that unmarked, semi-marked, and aesthetics-conscious fleets demand</li>
<li>SpectraLux® tri-color per module → up to three colors per module covering Amber, Blue, Green, Red, and White — a single bar handles law enforcement warning, fire/EMS compliance, work zone visibility, and scene flood lighting without additional hardware</li>
<li>Solaris® LED reflector technology → maximizes LED output, eliminates dark spots, and increases off-axis visibility across both the 44"" and 51"" configurations</li>
<li>ROC (Reliable Onboard Circuitry™) → eliminates approximately 85% of the connection failure points found in a typical lightbar by replacing wires, connectors, and assemblies with PCB assemblies — the single most important durability advantage on high-rotation patrol and work truck fleets</li>
<li>Integrated Vortex™ generators → reduce aerodynamic drag and wind noise at highway speeds — a meaningful advantage on high-mileage patrol and utility vehicles where these factors accumulate across thousands of annual miles</li>
<li>Full lighting suite → left-flood, right-flood, full-flood, takedowns, alley lights, work lights, and stop/tail/turn all available regardless of color configuration</li>
<li>HotFoot® mounting available → optional system for additional LED alley and takedown lights, expanding scene lighting without a separate bar or bracket</li>
<li>SignalMaster® directional warning → integrated traffic direction without a separate mount or controller, available across all configurations</li>
<li>FS Convergence Network → plug-and-play RJ45 installation with FSJoin and Pathfinder® controller compatibility for synchronized multi-device programming across the entire vehicle</li>
<li>Optional quick-disconnect → easy service removal from the vehicle without tools, simplifying maintenance on high-volume fleet rotations</li>
<li>Rooftop-serviceable → can be serviced without removal from the vehicle roof</li>
<li>Low-power mode → protects vehicle battery and alternator during extended stationary operation</li>
</ul>
<p>27 flash patterns</p>
<p>CCR Title 13 certified, IP65 rated</p>
<ul>
<li>Five-year manufacturer warranty</li>
</ul>
<h3>Technical Specs</h3>
<p>Length51.3 in (130.3 cm)Width19.8 in (50.4 cm)Height1.96 in (5.0 cm)Ship Weight43.2 lbInput Voltage12 VDCOperating Current14A @ 12V — up to 16A with HotFootFlash Patterns27Operating Temp-40°F to +149°F (-40°C to +65°C)LED ColorsRed, Blue, White (LE tri-color); Amber, Blue, Green, Red, White (work truck tri-color); Red/White (dual-color)Dome ColorsClearWiringSerial, 23"" harnessMountingHook, Low Hook, Flat, PermanentCertificationsCCR Title 13, IP65WarrantyFive years</p>
<h3>Available SKUs — Valor 51"" Law Enforcement</h3>
<p>SKULengthColor ConfigMountTypeVALR51J-P1BH51""Red/Blue/WhiteHookLE Tri-ColorVALR51J-P1BL51""Red/Blue/WhiteLow HookLE Tri-ColorVALR51J-P2BL51""Blue/WhiteLow HookDual-ColorVALR51J-PF3AL51""Red/Blue/WhiteLow HookLE Tri-ColorVALR51J-F2H51""Red/WhiteHookDual-Color</p>
<p>Work Truck &amp; Municipal — Amber/White configurations available. Confirm Amber SKUs with us or through your department account.</p>
<p>Valor vs. Integrity — which bar is right for your fleet?</p>
<p>Both are low-profile, under 2"" tall, and available in 44"" and 51"" lengths. The Valor's V-shape delivers superior 360-degree and intersection-angle output through its non-linear design and is wider (19.8"" vs 9.7""). The Integrity is narrower, has one more flash pattern (28 vs 27), adds OBDII-integrated S/T/T, and offers more controller expansion options. For departments prioritizing roofline geometry and intersection warning: Valor. For departments prioritizing function count, controller integration, and a narrower footprint: Integrity.</p>
<h3>Ordering from TFR Supply</h3>
<p>TFR Supply is an authorized Federal Signal dealer serving Texas law enforcement, fire, and EMS agencies. Every order ships direct to your location — no middleman, no inventory delays. Government and department accounts receive tax-exempt checkout and agency pricing. Need installation? Our sister company Texas First Response Services provides professional upfit services across Texas. Create a department account or reach out directly to get started.</p>",Federal Signal,Vehicles & Parts > Vehicle Parts & Accessories > Motor Vehicle Parts > Motor Vehicle Lighting > Light Bars,Emergency Vehicle Light Bars,"Application_Fire EMS, Application_Law Enforcement, Brand_Federal Signal, Category_Emergency Vehicle Equipment, Category_Light Bar, Family_Valor, Length_51, Product_Light Bar, Technology_LED, Use_Fleet Upfitting, Use_Law Enforcement, Use_Public Safety",true,Model,VALR51J-F2H,,Length,"51""",,Color,Red-White,,VALR51J-F2H,0.0,shopify,0,continue,manual,5749.00,5749.00,true,true,,,,,,https://cdn.shopify.com/s/files/1/0725/9330/9807/files/valor-light-bar_redblue-576x576_jpg.webp?v=1780427823,1,"Valor® Light Bar - 44"" product image for TFR Supply emergency vehicle upfitting",false,"Valor Light Bar 51"" | Federal Signal LED Light Bar | TFRSupply","Shop the Federal Signal Valor Light Bar 51"" LED light bar at TFRSupply. Authorized distributor.",Vehicles & Parts > Vehicle Parts & Accessories > Motor Vehicle Parts > Motor Vehicle Lighting > Light Bars,,,VALR51J-F2H,new,FALSE,,,,,,"Shop the Federal Signal Valor Light Bar 51"" LED light bar at TFRSupply. Authorized distributor.","Valor Light Bar 51"" | Federal Signal LED Light Bar | TFRSupply",new,FALSE,Vehicles & Parts > Vehicle Parts & Accessories > Motor Vehicle Parts > Motor Vehicle Lighting > Light Bars,,,,https://cdn.shopify.com/s/files/1/0725/9330/9807/files/valor-light-bar_red_-576x576_jpg.webp?v=1780427824,lb,,,active
valor-light-bar-51,,,,,,,,,VALR51J-P1BH,,,"51""",,,Red-Blue-White,,VALR51J-P1BH,0.0,shopify,0,continue,manual,5615.00,5615.00,true,true,,,,,,https://cdn.shopify.com/s/files/1/0725/9330/9807/files/valor-light-bar_red_-576x576_jpg.webp?v=1780427824,2,"Valor® Light Bar - 44"" product image for TFR Supply emergency vehicle upfitting",,,,,,,,,,,,,,,,,,,,,,,https://cdn.shopify.com/s/files/1/0725/9330/9807/files/valor-light-bar_redblue-576x576_jpg.webp?v=1780427823,lb,,,
valor-light-bar-51,,,,,,,,,VALR51J-P1BL,,,"51""",,,Red-Blue-White,,VALR51J-P1BL,0.0,shopify,0,continue,manual,5615.00,5615.00,true,true,,,,,,https://cdn.shopify.com/s/files/1/0725/9330/9807/files/valor-light-bar_heroA_-900x600_jpg.webp?v=1780427824,3,"Valor® Light Bar - 44"" product image for TFR Supply emergency vehicle upfitting",,,,,,,,,,,,,,,,,,,,,,,https://cdn.shopify.com/s/files/1/0725/9330/9807/files/valor-light-bar_redblue-576x576_jpg.webp?v=1780427823,lb,,,
valor-light-bar-51,,,,,,,,,VALR51J-PF3AL,,,"51""",,,Red-Blue-White,,VALR51J-PF3AL,0.0,shopify,0,continue,manual,6566.00,6566.00,true,true,,,,,,https://cdn.shopify.com/s/files/1/0725/9330/9807/files/valor-light-bar_application-576x576_jpg.webp?v=1780427823,4,"Valor® Light Bar - 44"" product image for TFR Supply emergency vehicle upfitting",,,,,,,,,,,,,,,,,,,,,,,https://cdn.shopify.com/s/files/1/0725/9330/9807/files/valor-light-bar_redblue-576x576_jpg.webp?v=1780427823,lb,,,
valor-light-bar-51,,,,,,,,,VALR51J-P2BL,,,"51""",,,Blue-White,,VALR51J-P2BL,0.0,shopify,0,continue,manual,5615.00,5615.00,true,true,,,,,,https://cdn.shopify.com/s/files/1/0725/9330/9807/files/valor-light-bar_application2-576x576_jpg.webp?v=1780427824,5,"Valor® Light Bar - 44"" product image for TFR Supply emergency vehicle upfitting",,,,,,,,,,,,,,,,,,,,,,,,lb,,,
valor-light-bar-51,,,,,,,,,,,,,,,,,,,,,,,,,,,,,,,,https://cdn.shopify.com/s/files/1/0725/9330/9807/files/swatch_blue_1zone_62a57201-d549-4a7f-875c-2bcaee60678d.png?v=1780418151,6,"",,,,,,,,,,,,,,,,,,,,,,,,,,,
valor-light-bar-44,"Valor® Light Bar - 44""","<h2>Federal Signal Valor® — Low-Profile Non-Linear LED Lightbar (44"" &amp; 51"")</h2>
<ul>
<li>The Valor® is Federal Signal's most distinctive low-profile lightbar — and the only bar in the lineup built around a V-shape non-linear design that physically changes how light reaches the road. At under 2 inches tall, it sits nearly flush with the roofline while delivering 360-degree output and superior intersection-angle warning that flat linear bars at the same height cannot match. Available in law enforcement, fire/EMS, and work truck configurations across 44"" and 51"" lengths, the Valor covers more applications in a single product family than any other bar Federal Signal makes at this profile height.</li>
</ul>
<p>For departments and fleets that want maximum performance, a distinctive appearance, and full tactical lighting capability in the lowest-profile package available — this is the bar.</p>
<h3>Why departments and fleets choose the Valor</h3>
<ul>
<li>V-shape non-linear design → delivers true 360-degree output and superior off-axis warning at critical intersection angles that linear bars at the same height cannot physically replicate — the shape itself is a core performance feature, not just aesthetics</li>
<li>Under 2"" tall → one of the lowest-profile full-featured lightbars on the market, delivering full warning output while maintaining the clean roofline look that unmarked, semi-marked, and aesthetics-conscious fleets demand</li>
<li>SpectraLux® tri-color per module → up to three colors per module covering Amber, Blue, Green, Red, and White — a single bar handles law enforcement warning, fire/EMS compliance, work zone visibility, and scene flood lighting without additional hardware</li>
<li>Solaris® LED reflector technology → maximizes LED output, eliminates dark spots, and increases off-axis visibility across both the 44"" and 51"" configurations</li>
<li>ROC (Reliable Onboard Circuitry™) → eliminates approximately 85% of the connection failure points found in a typical lightbar by replacing wires, connectors, and assemblies with PCB assemblies — the single most important durability advantage on high-rotation patrol and work truck fleets</li>
<li>Integrated Vortex™ generators → reduce aerodynamic drag and wind noise at highway speeds — a meaningful advantage on high-mileage patrol and utility vehicles where these factors accumulate across thousands of annual miles</li>
<li>Full lighting suite → left-flood, right-flood, full-flood, takedowns, alley lights, work lights, and stop/tail/turn all available regardless of color configuration</li>
<li>HotFoot® mounting available → optional system for additional LED alley and takedown lights, expanding scene lighting without a separate bar or bracket</li>
<li>SignalMaster® directional warning → integrated traffic direction without a separate mount or controller, available across all configurations</li>
<li>FS Convergence Network → plug-and-play RJ45 installation with FSJoin and Pathfinder® controller compatibility for synchronized multi-device programming across the entire vehicle</li>
<li>Optional quick-disconnect → easy service removal from the vehicle without tools, simplifying maintenance on high-volume fleet rotations</li>
<li>Rooftop-serviceable → can be serviced without removal from the vehicle roof</li>
<li>Low-power mode → protects vehicle battery and alternator during extended stationary operation</li>
</ul>
<p>27 flash patterns</p>
<p>CCR Title 13 certified, IP65 rated</p>
<ul>
<li>Five-year manufacturer warranty</li>
</ul>
<h3>Technical Specs</h3>
<ul>
<li>Available Lengths44 in (43.7 in / 111.0 cm) and 51 in (51.3 in / 130.3 cm)Width19.8 in (50.4 cm)Height1.96 in (5.0 cm)Ship Weight39.3 lb (44"") / 43.2 lb (51"")Input Voltage12 VDCOperating Current12A @ 12V (44"") / 14A @ 12V (51"") — up to 16A with HotFootFlash Patterns27Operating Temp-40°F to +149°F (-40°C to +65°C)LED ColorsRed, Blue, White (LE tri-color); Amber, Blue, Green, Red, White (work truck tri-color); Red/White (dual-color)Dome ColorsClearWiringSerial, 23"" harnessMountingHook, Low Hook, Flat, PermanentCertificationsCCR Title 13, IP65WarrantyFive years</li>
</ul>
<h3>Choosing your configuration</h3>
<p>Law Enforcement — Red/Blue/White</p>
<ul>
<li>The LE Valor is purpose-configured for patrol, pursuit, and traffic enforcement. Red/Blue/White tri-color configurations cover standard patrol warning, intersection approach, and scene lighting from a single bar. Available in hook and low-hook mounting to match your vehicle roofline.</li>
</ul>
<p>SKULengthColor ConfigMountVALR44J-P1BH44""Red/Blue/WhiteHookVALR44J-P1BL44""Red/Blue/WhiteLow HookVALR44J-P2BL44""Blue/WhiteLow HookVALR44J-PF3AL44""Red/Blue/WhiteLow HookVALR44J-F2H44""Red/WhiteHookVALR51J-P1BH51""Red/Blue/WhiteHookVALR51J-P1BL51""Red/Blue/WhiteLow HookVALR51J-P2BL51""Blue/WhiteLow HookVALR51J-PF3AL51""Red/Blue/WhiteLow HookVALR51J-F2H51""Red/WhiteHook</p>
<p>Work Truck &amp; Municipal — Amber/White</p>
<ul>
<li>The Amber Valor serves utility fleets, tow operators, DOT vehicles, municipal trucks, and any work platform where Amber warning compliance is required. Same V-shape design and full feature set as the LE version — configured for high-visibility work zone warning and White flood capability.</li>
</ul>
<p>Amber SKUs — confirm availability and configuration with us or through your department account. Custom Amber configurations are available through the Federal Signal configurator.</p>
<p>Fire/EMS &amp; Mixed-Color Configurations</p>
<ul>
<li>The Valor's SpectraLux® technology supports Amber, Blue, Green, Red, and White in combinations across both lengths — making it viable for fire apparatus command vehicles, EMS supervisors, and multi-agency platforms that need color flexibility beyond standard LE or Amber configurations. Contact us to confirm the right configuration for your application.</li>
</ul>
<p>Not sure which SKU or configuration fits your vehicle and jurisdiction? Create a department account or contact us — we'll confirm the right setup before you order.</p>
<h3>Ordering from TFR Supply</h3>
<p>TFR Supply is an authorized Federal Signal dealer serving Texas law enforcement, fire, and EMS agencies. Every order ships direct to your location — no middleman, no inventory delays. Government and department accounts receive tax-exempt checkout and agency pricing. Need installation? Our sister company Texas First Response Services provides professional upfit services across Texas. Create a department account or reach out directly to get started.</p>
<p>One note on the Amber SKU section — I flagged it as ""confirm with us"" rather than listing specific SKUs because the Amber variant SKUs didn't appear in the Federal Signal product page data I pulled and I don't want to put inaccurate part numbers on a live product listing. When Blake gets the full data feed, drop the Amber SKUs into that table the same way the LE ones are formatted and it's ready to go.</p>
<p>Ready for the next product?You said: lets link to the website from now on when we reference Texas First Response Services (tx1rs.lets link to the website from now on when we reference Texas First Response Services (tx1rs.com)Jun 2Claude responded: Got it.Got it. From here on the closer at the bottom of every description will read:</p>
<h3>Ordering from TFR Supply</h3>
<p>TFR Supply is an authorized Federal Signal dealer serving Texas law enforcement, fire, and EMS agencies. Every order ships direct to your location — no middleman, no inventory delays. Government and department accounts receive tax-exempt checkout and agency pricing. Need installation? Our sister company Texas First Response Services provides professional upfit services across Texas. Create a department account or reach out directly to get started.</p>
<p>All future descriptions will use that format automatically. What's the next product?You said: integrity bar (both lengthsintegrity bar (both lengthsJun 2Claude responded: On it.On it.Searched the webSearched the webGot the full SKU table. Here's the description:</p>",Federal Signal,Vehicles & Parts > Vehicle Parts & Accessories > Motor Vehicle Parts > Motor Vehicle Lighting > Light Bars,Emergency Vehicle Light Bars,"Application_Fire EMS, Application_Law Enforcement, Brand_Federal Signal, Category_Emergency Vehicle Equipment, Category_Light Bar, Family_Valor, Length_44, Product_Light Bar, Technology_LED, Use_Fleet Upfitting, Use_Law Enforcement, Use_Public Safety",true,Model,VALR44J-F2H,,Length,"44""",,Color,Red-White,,VALR44J-F2H,0.0,shopify,0,continue,manual,5084.00,5084.00,true,true,,,,,,https://cdn.shopify.com/s/files/1/0725/9330/9807/files/valor-light-bar_redblue-576x576_jpg.webp?v=1780427823,1,"Valor® Light Bar - 44"" product image for TFR Supply emergency vehicle upfitting",false,"Valor Light Bar 44"" | Federal Signal LED Light Bar | TFRSupply","Shop the Federal Signal Valor Light Bar 44"" LED light bar at TFRSupply. Authorized distributor.",Vehicles & Parts > Vehicle Parts & Accessories > Motor Vehicle Parts > Motor Vehicle Lighting > Light Bars,,,VALR44J-F2H,new,FALSE,,,,,,"Shop the Federal Signal Valor Light Bar 44"" LED light bar at TFRSupply. Authorized distributor.","Valor Light Bar 44"" | Federal Signal LED Light Bar | TFRSupply",new,FALSE,Vehicles & Parts > Vehicle Parts & Accessories > Motor Vehicle Parts > Motor Vehicle Lighting > Light Bars,red; white; blue; amber; green,led,,https://cdn.shopify.com/s/files/1/0725/9330/9807/files/valor-light-bar_red_-576x576_jpg.webp?v=1780427824,lb,,,active
valor-light-bar-44,,,,,,,,,VALR44J-P1BH,,,"44""",,,Red-Blue-White,,VALR44J-P1BH,0.0,shopify,0,continue,manual,4970.00,4970.00,true,true,,,,,,https://cdn.shopify.com/s/files/1/0725/9330/9807/files/valor-light-bar_red_-576x576_jpg.webp?v=1780427824,2,"Valor® Light Bar - 44"" product image for TFR Supply emergency vehicle upfitting",,,,,,,,,,,,,,,,,,,,,,,https://cdn.shopify.com/s/files/1/0725/9330/9807/files/valor-light-bar_redblue-576x576_jpg.webp?v=1780427823,lb,,,
valor-light-bar-44,,,,,,,,,VALR44J-P1BL,,,"44""",,,Red-Blue-White,,VALR44J-P1BL,0.0,shopify,0,continue,manual,4970.00,4970.00,true,true,,,,,,https://cdn.shopify.com/s/files/1/0725/9330/9807/files/valor-light-bar_heroA_-900x600_jpg.webp?v=1780427824,3,"Valor® Light Bar - 44"" product image for TFR Supply emergency vehicle upfitting",,,,,,,,,,,,,,,,,,,,,,,https://cdn.shopify.com/s/files/1/0725/9330/9807/files/valor-light-bar_redblue-576x576_jpg.webp?v=1780427823,lb,,,
valor-light-bar-44,,,,,,,,,VALR44J-PF3AL,,,"44""",,,Red-Blue-White,,VALR44J-PF3AL,0.0,shopify,0,continue,manual,5717.00,5717.00,true,true,,,,,,https://cdn.shopify.com/s/files/1/0725/9330/9807/files/valor-light-bar_application-576x576_jpg.webp?v=1780427823,4,"Valor® Light Bar - 44"" product image for TFR Supply emergency vehicle upfitting",,,,,,,,,,,,,,,,,,,,,,,https://cdn.shopify.com/s/files/1/0725/9330/9807/files/valor-light-bar_redblue-576x576_jpg.webp?v=1780427823,lb,,,
valor-light-bar-44,,,,,,,,,VALR44J-P2BL,,,"44""",,,Blue-White,,VALR44J-P2BL,0.0,shopify,0,continue,manual,4970.00,4970.00,true,true,,,,,,https://cdn.shopify.com/s/files/1/0725/9330/9807/files/valor-light-bar_application2-576x576_jpg.webp?v=1780427824,5,"Valor® Light Bar - 44"" product image for TFR Supply emergency vehicle upfitting",,,,,,,,,,,,,,,,,,,,,,,https://cdn.shopify.com/s/files/1/0725/9330/9807/files/valor-light-bar_redblue-576x576_jpg.webp?v=1780427823,lb,,,
valor-light-bar-44,,,,,,,,,VALR44J-P1C,,,"44""",,,See Description,,VALR44J-P1C,0.0,shopify,0,continue,manual,5208.00,5208.00,true,true,,,,,,https://cdn.shopify.com/s/files/1/0725/9330/9807/files/Valor-LED-Light-Bar_interal-576x576_jpg.webp?v=1780427824,6,"Valor® Light Bar - 44"" product image for TFR Supply emergency vehicle upfitting",,,,,,,,,,,,,,,,,,,,,,,https://cdn.shopify.com/s/files/1/0725/9330/9807/files/valor-light-bar_heroA_-900x600_jpg.webp?v=1780427824,lb,,,
valor-light-bar-44,,,,,,,,,,,,,,,,,,,,,,,,,,,,,,,,https://cdn.shopify.com/s/files/1/0725/9330/9807/files/Valor-LED-Light-Bar_vortex-576x576_jpg.webp?v=1780427824,7,"Valor® Light Bar - 44"" product image for TFR Supply emergency vehicle upfitting",,,,,,,,,,,,,,,,,,,,,,,,,,,
valor-light-bar-44,,,,,,,,,,,,,,,,,,,,,,,,,,,,,,,,https://cdn.shopify.com/s/files/1/0725/9330/9807/files/GRsLEKNNHOcqCmYg.jpg?v=1781069141,8,"Valor® Light Bar - 44"" - Federal Signal emergency vehicle equipment",,,,,,,,,,,,,,,,,,,,,,,,,,,
valor-light-bar-44,,,,,,,,,,,,,,,,,,,,,,,,,,,,,,,,https://cdn.shopify.com/s/files/1/0725/9330/9807/files/ysQcKkaTIdFqROCk.jpg?v=1781069141,9,"Valor® Light Bar - 44"" - Federal Signal emergency vehicle equipment",,,,,,,,,,,,,,,,,,,,,,,,,,,
integrity-light-bar-51,"Integrity® Light Bar - 51""","<h2>Federal Signal Integrity® — Low-Profile Linear LED Lightbar (51"")</h2>
<ul>
<li>The Integrity® is Federal Signal's most feature-complete low-profile linear lightbar — packing 28 flash patterns, built-in SignalMaster® directional warning, full flood capability, OBDII-integrated stop/tail/turn, and SpectraLux® multicolor technology into a bar that sits just under 2 inches above the roofline. For departments that want the clean, low-profile look of a linear bar without sacrificing a single operational capability, the Integrity is the answer.</li>
</ul>
<p>Where the Valor earns its performance through its V-shape geometry, the Integrity earns it through sheer feature density — more functions, more flash patterns, and more integration options than any other linear bar in the Federal Signal lineup at this profile height.</p>
<h3>Why departments choose the Integrity</h3>
<ul>
<li>28 flash patterns with full lighting suite including front flood, rear flood, left flood, right flood, takedowns, alley lights, OBDII-integrated stop/tail/turn, and work lights — the most comprehensive integrated function set of any low-profile linear bar in the Federal Signal lineup</li>
<li>SpectraLux® multicolor per module → changes color through user-selected flash patterns between Amber, Blue, Green, Red, and White — in all-white mode provides an impressive flood light to quickly illuminate an emergency scene</li>
<li>Single-, dual-, and tri-color capability → one bar covers standard patrol warning, fire/EMS compliance, traffic direction, and scene flood lighting without additional hardware or separate controllers</li>
<li>Built-in SignalMaster® directional warning → integrated traffic direction arrow-stick without a separate mount, controller, or wiring run</li>
<li>Solaris® LED reflector technology → maximizes LED output, eliminates dark spots, and increases off-axis visibility across the full bar length</li>
<li>ROC (Reliable Onboard Circuitry™) → eliminates approximately 85% of connection failure points by replacing wires, connectors, and assemblies with PCB assemblies — the most reliability-focused construction in the Federal Signal low-profile lineup</li>
<li>HotFoot® mounting available → optional system for additional LED alley, takedown, and warning lights, expanding scene lighting without a separate bar</li>
<li>Easy rooftop service → can be serviced while installed on the rooftop without removing the bar from the vehicle</li>
<li>FS Convergence Network → plug-and-play RJ45 installation compatible with Four-, Six-, and Nine-Button serial controllers plus Relay Module for up to four auxiliary lighting devices from a single controller</li>
<li>OBDII-integrated stop/tail/turn → reduces wiring complexity on patrol vehicle builds</li>
<li>Low-power mode → protects vehicle battery and alternator during extended stationary operation</li>
</ul>
<p>LED light head color combinations can be custom-configured to fit your needs</p>
<p>CCR Title 13 certified, IP65 rated</p>
<ul>
<li>Five-year manufacturer warranty</li>
</ul>
<h3>Technical Specs</h3>
<p>Length51.3 in (130.3 cm)Width9.7 in (24.6 cm)Height1.96 in (5.0 cm)Ship Weight40.1 lbInput Voltage12 VDCOperating Current13A @ 12V — up to 15A with HotFootFlash Patterns28Operating Temp-40°F to +147°F (-40°C to +64°C)LED ColorsRed, Blue, White (tri-color); Red/White, Blue/White (dual-color)Dome ColorsClearWiringSerial (RJ45)MountingHook or Low HookCertificationsCCR Title 13, IP65WarrantyFive years</p>
<h3>Available SKUs — Integrity 51""</h3>
<p>SKULengthColor ConfigMountTypeINTG51J-P1BL51""Red/Blue/WhiteLow HookLE Tri-ColorINTG51J-P2BL51""Blue/WhiteLow HookDual-ColorINTG51J-PF3L51""Red/Blue/WhiteLow HookLE Tri-ColorINTG51J-F2H51""Red/WhiteHookDual-Color</p>
<p>Custom color configurations available — contact us or log into your department account to spec a custom build.</p>
<p>Integrity vs. Valor — which bar is right for your fleet?</p>
<p>Both are low-profile, under 2"" tall, and available in 44"" and 51"" lengths. The Valor's V-shape delivers superior 360-degree and intersection-angle output through its non-linear design and is wider (19.8"" vs 9.7""). The Integrity is narrower, has one more flash pattern (28 vs 27), adds OBDII-integrated S/T/T, and offers more controller expansion options. For departments prioritizing roofline geometry and intersection warning: Valor. For departments prioritizing function count, controller integration, and a narrower footprint: Integrity.</p>
<h3>Ordering from TFR Supply</h3>
<p>TFR Supply is an authorized Federal Signal dealer serving Texas law enforcement, fire, and EMS agencies. Every order ships direct to your location — no middleman, no inventory delays. Government and department accounts receive tax-exempt checkout and agency pricing. Need installation? Our sister company Texas First Response Services provides professional upfit services across Texas. Create a department account or reach out directly to get started.</p>",Federal Signal,Vehicles & Parts > Vehicle Parts & Accessories > Motor Vehicle Parts > Motor Vehicle Lighting > Light Bars,Emergency Vehicle Light Bars,"Application_Fire EMS, Application_Law Enforcement, Brand_Federal Signal, Category_Emergency Vehicle Equipment, Category_Light Bar, Family_Integrity, Length_51, Product_Light Bar, Technology_LED, Use_Fleet Upfitting, Use_Law Enforcement, Use_Public Safety",true,Model,INTG51J-F2H,,Length,"51""",,Color,Red-White,,INTG51J-F2H,0.0,shopify,0,continue,manual,5270.00,5270.00,true,true,,,,,,https://cdn.shopify.com/s/files/1/0725/9330/9807/files/integrity-light-bar-Fire-menu.png?v=1781535531,1,"Integrity® Light Bar - 44"" product image for TFR Supply emergency vehicle upfitting",false,"Integrity Light Bar 51"" | Federal Signal LED Light Bar | TFRSupply","Shop the Federal Signal Integrity Light Bar 51"" LED light bar at TFRSupply. Authorized distributor.",Vehicles & Parts > Vehicle Parts & Accessories > Motor Vehicle Parts > Motor Vehicle Lighting > Light Bars,,,INTG51J-F2H,new,FALSE,,,,,,"Shop the Federal Signal Integrity Light Bar 51"" LED light bar at TFRSupply. Authorized distributor.","Integrity Light Bar 51"" | Federal Signal LED Light Bar | TFRSupply",new,FALSE,Vehicles & Parts > Vehicle Parts & Accessories > Motor Vehicle Parts > Motor Vehicle Lighting > Light Bars,,,,,lb,,,active
integrity-light-bar-51,,,,,,,,,INTG51J-P1BL,,,"51""",,,Red-Blue-White,,INTG51J-P1BL,0.0,shopify,0,continue,manual,4797.00,4797.00,true,true,,,,,,https://cdn.shopify.com/s/files/1/0725/9330/9807/files/integrity-light-bar_hero_-900x600_jpg.webp?v=1780431361,2,"Integrity® Light Bar - 44"" product image for TFR Supply emergency vehicle upfitting",,,,,,,,,,,,,,,,,,,,,,,https://cdn.shopify.com/s/files/1/0725/9330/9807/files/integrity-light-bar_redblue-576x576_jpg.webp?v=1780431473,lb,,,
integrity-light-bar-51,,,,,,,,,INTG51J-PF3L,,,"51""",,,Red-Blue-White,,INTG51J-PF3L,0.0,shopify,0,continue,manual,5584.00,5584.00,true,true,,,,,,https://cdn.shopify.com/s/files/1/0725/9330/9807/files/integrity-light-bar_ROC_-576x576_jpg.webp?v=1780431473,3,"Integrity® Light Bar - 44"" product image for TFR Supply emergency vehicle upfitting",,,,,,,,,,,,,,,,,,,,,,,,lb,,,
integrity-light-bar-51,,,,,,,,,INTG51J-P2BL,,,"51""",,,Blue-White,,INTG51J-P2BL,0.0,shopify,0,continue,manual,4797.00,4797.00,true,true,,,,,,https://cdn.shopify.com/s/files/1/0725/9330/9807/files/integrity-light-bar_fullflood-576x576_jpg.webp?v=1780431473,4,"Integrity® Light Bar - 44"" product image for TFR Supply emergency vehicle upfitting",,,,,,,,,,,,,,,,,,,,,,,https://cdn.shopify.com/s/files/1/0725/9330/9807/files/integrity-light-bar_redblue-576x576_jpg.webp?v=1780431473,lb,,,
integrity-light-bar-51,,,,,,,,,,,,,,,,,,,,,,,,,,,,,,,,https://cdn.shopify.com/s/files/1/0725/9330/9807/files/integrity-light-bar_hero_-900x600_jpg_acfc843e-1105-4217-9a71-6e139ff1b93b.webp?v=1780431473,5,"Integrity® Light Bar - 44"" product image for TFR Supply emergency vehicle upfitting",,,,,,,,,,,,,,,,,,,,,,,,,,,
integrity-light-bar-51,,,,,,,,,,,,,,,,,,,,,,,,,,,,,,,,https://cdn.shopify.com/s/files/1/0725/9330/9807/files/integrity-light-bar_redblue-576x576_jpg.webp?v=1780431473,6,"Integrity® Light Bar - 44"" product image for TFR Supply emergency vehicle upfitting",,,,,,,,,,,,,,,,,,,,,,,,,,,
integrity-light-bar-44,"Integrity® Light Bar - 44""","<h2>Federal Signal Integrity® — Low-Profile Linear LED Lightbar (44"" &amp; 51"")</h2>
<ul>
<li>The Integrity® is Federal Signal's most feature-complete low-profile linear lightbar — packing 28 flash patterns, built-in SignalMaster® directional warning, full flood capability, OBDII-integrated stop/tail/turn, and SpectraLux® multicolor technology into a bar that sits just under 2 inches above the roofline. For departments that want the clean, low-profile look of a linear bar without sacrificing a single operational capability, the Integrity is the answer.</li>
</ul>
<p>Where the Valor earns its performance through its V-shape geometry, the Integrity earns it through sheer feature density — more functions, more flash patterns, and more integration options than any other linear bar in the Federal Signal lineup at this profile height.</p>
<h3>Why departments choose the Integrity</h3>
<ul>
<li>28 flash patterns with full lighting suite including front flood, rear flood, left flood, right flood, takedowns, alley lights, OBDII-integrated stop/tail/turn, and work lights — the most comprehensive integrated function set of any low-profile linear bar in the Federal Signal lineup Federal Signal</li>
<li>SpectraLux® multicolor per module → changes color through user-selected flash patterns between Amber, Blue, Green, Red, and White — in all-white mode provides an impressive flood light to quickly illuminate an emergency scene Federal Signal</li>
<li>Single-, dual-, and tri-color capability → one bar covers standard patrol warning, fire/EMS compliance, traffic direction, and scene flood lighting without additional hardware or separate controllers</li>
<li>Built-in SignalMaster® directional warning → integrated traffic direction arrow-stick without a separate mount, controller, or wiring run</li>
<li>Solaris® LED reflector technology → maximizes LED output, eliminates dark spots, and increases off-axis visibility across the full bar length in both 44"" and 51"" configurations</li>
<li>ROC (Reliable Onboard Circuitry™) → eliminates approximately 85% of connection failure points by replacing wires, connectors, and assemblies with PCB assemblies — the most reliability-focused construction in the Federal Signal low-profile lineup Federal Signal</li>
<li>HotFoot® mounting available → optional system for additional LED alley, takedown, and warning lights, expanding scene lighting without a separate bar</li>
<li>Easy rooftop service — can be serviced while installed on the rooftop without removing the bar from the vehicle Federal Signal</li>
<li>FS Convergence Network → plug-and-play RJ45 installation compatible with Four-, Six-, and Nine-Button serial controllers plus Relay Module for up to four auxiliary lighting devices from a single controller</li>
<li>OBDII-integrated stop/tail/turn → integrated S/T/T available, reducing wiring complexity on patrol vehicle builds Federal Signal</li>
<li>Low-power mode → protects vehicle battery and alternator during extended stationary operation</li>
</ul>
<p>LED light head color combinations can be custom-configured to fit your needs Federal Signal</p>
<p>CCR Title 13 certified, IP65 rated</p>
<ul>
<li>Five-year manufacturer warranty</li>
</ul>
<h3>Technical Specs</h3>
<ul>
<li>Available Lengths44 in (43.7 in / 111.0 cm) and 51 in (51.3 in / 130.3 cm)Width9.7 in (24.6 cm)Height1.96 in (5.0 cm)Ship Weight34.7 lb (44"") / 40.1 lb (51"")Input Voltage12 VDCOperating Current11A @ 12V (44"") / 13A @ 12V (51"") — up to 15A with HotFootFlash Patterns28Operating Temp-40°F to +147°F (-40°C to +64°C)LED ColorsRed, Blue, White (tri-color); Red/White, Blue/White (dual-color)Dome ColorsClearWiringSerial (RJ45)MountingHook or Low HookCertificationsCCR Title 13, IP65WarrantyFive years</li>
</ul>
<h3>Available SKUs</h3>
<p>SKULengthColor ConfigMountTypeINTG44J-P1BL44""Red/Blue/WhiteLow HookLE Tri-ColorINTG44J-P2BL44""Blue/WhiteLow HookDual-ColorINTG44J-PF3L44""Red/Blue/WhiteLow HookLE Tri-ColorINTG44J-F2H44""Red/WhiteHookDual-ColorINTG51J-P1BL51""Red/Blue/WhiteLow HookLE Tri-ColorINTG51J-P2BL51""Blue/WhiteLow HookDual-ColorINTG51J-PF3L51""Red/Blue/WhiteLow HookLE Tri-ColorINTG51J-F2H51""Red/WhiteHookDual-Color</p>
<p>Custom color configurations available — contact us or log into your department account to spec a custom build.</p>
<p>Integrity vs. Valor — which bar is right for your fleet?</p>
<p>Both are low-profile, under 2"" tall, and available in 44"" and 51"" lengths. The difference is geometry and function density. The Valor's V-shape delivers superior 360-degree and intersection-angle output through its non-linear design. The Integrity is narrower (9.7"" vs. 19.8"" wide), has one more flash pattern, adds OBDII-integrated S/T/T, and offers more controller expansion options. For departments prioritizing roofline width and intersection geometry, Valor. For departments prioritizing function count, controller integration, and a narrower footprint, Integrity.</p>
<p>Not sure which bar fits your fleet? Create a department account or contact us — we'll help you match the right bar to your vehicles and operational requirements.</p>
<h3>Ordering from TFR Supply</h3>
<p>TFR Supply is an authorized Federal Signal dealer serving Texas law enforcement, fire, and EMS agencies. Every order ships direct to your location — no middleman, no inventory delays. Government and department accounts receive tax-exempt checkout and agency pricing. Need installation? Our sister company Texas First Response Services provides professional upfit services across Texas. Create a department account or reach out directly to get started.</p>",Federal Signal,Vehicles & Parts > Vehicle Parts & Accessories > Motor Vehicle Parts > Motor Vehicle Lighting > Light Bars,Emergency Vehicle Light Bars,"Application_Fire EMS, Application_Law Enforcement, Brand_Federal Signal, Category_Emergency Vehicle Equipment, Category_Light Bar, Family_Integrity, Length_44, Product_Light Bar, Technology_LED, Use_Fleet Upfitting, Use_Law Enforcement, Use_Public Safety",true,Model,INTG44J-P1BL,,Length,"44""",,Color,Red-Blue-White,,INTG44J-P1BL,0.0,,0,continue,manual,4410.00,,true,true,,,,,,https://cdn.shopify.com/s/files/1/0725/9330/9807/files/integrity-light-bar-Fire-menu.png?v=1781535531,1,"Integrity® Light Bar - 44"" product image for TFR Supply emergency vehicle upfitting",false,"Integrity Light Bar 44"" | Federal Signal LED Light Bar | TFRSupply","Shop the Federal Signal Integrity Light Bar 44"" at TFRSupply. Authorized distributor.",Vehicles & Parts > Vehicle Parts & Accessories > Motor Vehicle Parts > Motor Vehicle Lighting > Light Bars,,,INTG44J-P1BL,new,FALSE,,,,,,"Shop the Federal Signal Integrity Light Bar 44"" at TFRSupply. Authorized distributor.","Integrity Light Bar 44"" | Federal Signal LED Light Bar | TFRSupply",new,FALSE,Vehicles & Parts > Vehicle Parts & Accessories > Motor Vehicle Parts > Motor Vehicle Lighting > Light Bars,red; white; blue; amber; green,led,,,lb,,,active
integrity-light-bar-44,,,,,,,,,INTG44J-P2BL,,,"44""",,,Blue-White,,INTG44J-P2BL,0.0,,0,continue,manual,4410.00,,true,true,,,,,,https://cdn.shopify.com/s/files/1/0725/9330/9807/files/integrity-light-bar_hero_-900x600_jpg.webp?v=1780431361,2,"Integrity® Light Bar - 44"" product image for TFR Supply emergency vehicle upfitting",,,,,,,,,,,,,,,,,,,,,,,,lb,,,
integrity-light-bar-44,,,,,,,,,INTG44J-PF3L,,,"44""",,,Red-Blue-White,,INTG44J-PF3L,0.0,,0,continue,manual,5040.00,,true,true,,,,,,https://cdn.shopify.com/s/files/1/0725/9330/9807/files/integrity-light-bar_ROC_-576x576_jpg.webp?v=1780431473,3,"Integrity® Light Bar - 44"" product image for TFR Supply emergency vehicle upfitting",,,,,,,,,,,,,,,,,,,,,,,,lb,,,
integrity-light-bar-44,,,,,,,,,INTG44J-F2H,,,"44""",,,Red-White,,INTG44J-F2H,0.0,,0,continue,manual,4852.00,,true,true,,,,,,https://cdn.shopify.com/s/files/1/0725/9330/9807/files/integrity-light-bar_fullflood-576x576_jpg.webp?v=1780431473,4,"Integrity® Light Bar - 44"" product image for TFR Supply emergency vehicle upfitting",,,,,,,,,,,,,,,,,,,,,,,,lb,,,
integrity-light-bar-44,,,,,,,,,INTG51J-P1BL,,,"51""",,,Red-Blue-White,,INTG51J-P1BL,0.0,,0,continue,manual,4797.00,,true,true,,,,,,https://cdn.shopify.com/s/files/1/0725/9330/9807/files/integrity-light-bar_hero_-900x600_jpg_acfc843e-1105-4217-9a71-6e139ff1b93b.webp?v=1780431473,5,"Integrity® Light Bar - 44"" product image for TFR Supply emergency vehicle upfitting",,,,,,,,,,,,,,,,,,,,,,,,lb,,,
integrity-light-bar-44,,,,,,,,,INTG51J-P2BL,,,"51""",,,Blue-White,,INTG51J-P2BL,0.0,,0,continue,manual,4797.00,,true,true,,,,,,https://cdn.shopify.com/s/files/1/0725/9330/9807/files/integrity-light-bar_redblue-576x576_jpg.webp?v=1780431473,6,"Integrity® Light Bar - 44"" product image for TFR Supply emergency vehicle upfitting",,,,,,,,,,,,,,,,,,,,,,,,lb,,,
integrity-light-bar-44,,,,,,,,,INTG51J-PF3L,,,"51""",,,Red-Blue-White,,INTG51J-PF3L,0.0,,0,continue,manual,5584.00,,true,true,,,,,,https://cdn.shopify.com/s/files/1/0725/9330/9807/files/integrity-light-bar_signalmaster-576x576_jpg.webp?v=1780431473,7,"Integrity® Light Bar - 44"" product image for TFR Supply emergency vehicle upfitting",,,,,,,,,,,,,,,,,,,,,,,,lb,,,
integrity-light-bar-44,,,,,,,,,INTG51J-F2H,,,"51""",,,Red-White,,INTG51J-F2H,0.0,,0,continue,manual,5270.00,,true,true,,,,,,https://cdn.shopify.com/s/files/1/0725/9330/9807/files/integrity-light-bar_service-576x576_jpg.webp?v=1780431473,8,"Integrity® Light Bar - 44"" product image for TFR Supply emergency vehicle upfitting",,,,,,,,,,,,,,,,,,,,,,,,lb,,,
integrity-light-bar-44,,,,,,,,,,,,,,,,,,,,,,,,,,,,,,,,https://cdn.shopify.com/s/files/1/0725/9330/9807/files/integrity-light-bar_police-576x576_jpg.webp?v=1780431473,9,"Integrity® Light Bar - 44"" product image for TFR Supply emergency vehicle upfitting",,,,,,,,,,,,,,,,,,,,,,,,,,,
integrity-light-bar-44,,,,,,,,,,,,,,,,,,,,,,,,,,,,,,,,https://cdn.shopify.com/s/files/1/0725/9330/9807/files/integrity-light-bar_Fire_-576x576_jpg.webp?v=1780431553,10,"Integrity® Light Bar - 44"" product image for TFR Supply emergency vehicle upfitting",,,,,,,,,,,,,,,,,,,,,,,,,,,
integrity-light-bar-44,,,,,,,,,,,,,,,,,,,,,,,,,,,,,,,,https://cdn.shopify.com/s/files/1/0725/9330/9807/files/ZSnCvyuJdQVaSbfX.jpg?v=1781069134,11,"Integrity® Light Bar - 44"" - Federal Signal emergency vehicle equipment",,,,,,,,,,,,,,,,,,,,,,,,,,,
integrity-light-bar-44,,,,,,,,,,,,,,,,,,,,,,,,,,,,,,,,https://cdn.shopify.com/s/files/1/0725/9330/9807/files/AIKDtMSRxfRiHNEL.jpg?v=1781069135,12,"Integrity® Light Bar - 44"" - Federal Signal emergency vehicle equipment",,,,,,,,,,,,,,,,,,,,,,,,,,,
integrity-light-bar-44,,,,,,,,,,,,,,,,,,,,,,,,,,,,,,,,https://cdn.shopify.com/s/files/1/0725/9330/9807/files/UWbkQzSADQDzefOm.jpg?v=1781069135,13,"Integrity® Light Bar - 44"" - Federal Signal emergency vehicle equipment",,,,,,,,,,,,,,,,,,,,,,,,,,,
